word,score,polarity,abs_score
1兒巴经,0.5555555555555556,positive,0.5555555555555556
8错,0.3333333333333333,positive,0.3333333333333333
Cool毙,0.7777777777777778,positive,0.7777777777777778
一不做，二不休,0.7777777777777778,positive,0.7777777777777778
一世之雄,0.7777777777777778,positive,0.7777777777777778
一世龙门,0.7777777777777778,positive,0.7777777777777778
一丝不苟,0.7777777777777778,positive,0.7777777777777778
一个心眼儿,1.0,positive,1.0
一举两得,0.5555555555555556,positive,0.5555555555555556
一举千里,1.0,positive,1.0
一举成名,0.7777777777777778,positive,0.7777777777777778
一二九运动,0.5555555555555556,positive,0.5555555555555556
一五一十,1.0,positive,1.0
一介不取,0.7777777777777778,positive,0.7777777777777778
一代风流,0.7777777777777778,positive,0.7777777777777778
一以当十,0.7777777777777778,positive,0.7777777777777778
一以贯之,0.5555555555555556,positive,0.5555555555555556
一体同心,0.5555555555555556,positive,0.5555555555555556
一倡百和,0.1111111111111111,positive,0.1111111111111111
一刻千金,1.0,positive,1.0
一双两好,0.3333333333333333,positive,0.3333333333333333
一发破的,0.8888888888888888,positive,0.8888888888888888
一叶知秋,1.0,positive,1.0
一呼百应,0.3333333333333333,positive,0.3333333333333333
一呼百诺,1.0,positive,1.0
一团和气,0.1111111111111111,positive,0.1111111111111111
一块石头落了地,0.7777777777777778,positive,0.7777777777777778
一夫当关，万夫莫开,0.5555555555555556,positive,0.5555555555555556
一字不苟,0.3333333333333333,positive,0.3333333333333333
一字褒贬,0.8888888888888888,positive,0.8888888888888888
一定之规,0.3333333333333333,positive,0.3333333333333333
一家之言,0.3333333333333333,positive,0.3333333333333333
一尘不染,0.5555555555555556,positive,0.5555555555555556
一帆风顺,0.5555555555555556,positive,0.5555555555555556
一干二净,1.0,positive,1.0
一床两好,0.3333333333333333,positive,0.3333333333333333
一往无前,0.5555555555555556,positive,0.5555555555555556
一得之功,0.1111111111111111,positive,0.1111111111111111
一德一心,0.7777777777777778,positive,0.7777777777777778
一心一德,0.7777777777777778,positive,0.7777777777777778
一心一意,1.0,positive,1.0
一挥而就,0.3333333333333333,positive,0.3333333333333333
一改故辙,0.5555555555555556,positive,0.5555555555555556
一方平安,0.5555555555555556,positive,0.5555555555555556
一无所失,0.7777777777777778,positive,0.7777777777777778
一日之长,0.5555555555555556,positive,0.5555555555555556
一日九迁,0.7777777777777778,positive,0.7777777777777778
一日千里,0.5555555555555556,positive,0.5555555555555556
一是一,0.3333333333333333,positive,0.3333333333333333
一望而知,0.3333333333333333,positive,0.3333333333333333
一板三眼,0.5555555555555556,positive,0.5555555555555556
一板正经,1.0,positive,1.0
一枝独秀,0.7777777777777778,positive,0.7777777777777778
一柱擎天,0.7777777777777778,positive,0.7777777777777778
一树百获,0.7777777777777778,positive,0.7777777777777778
一步一个脚印,0.5555555555555556,positive,0.5555555555555556
一步一个脚印儿,1.0,positive,1.0
一民同俗,1.0,positive,1.0
一流,0.7777777777777778,positive,0.7777777777777778
一清二楚,0.5555555555555556,positive,0.5555555555555556
一清二白,0.5555555555555556,positive,0.5555555555555556
一清如水,0.7777777777777778,positive,0.7777777777777778
一片丹心,0.5555555555555556,positive,0.5555555555555556
一片至诚,0.5555555555555556,positive,0.5555555555555556
一狐之腋,0.5555555555555556,positive,0.5555555555555556
一琴一鹤,0.7777777777777778,positive,0.7777777777777778
一瓣心香,0.5555555555555556,positive,0.5555555555555556
一登龙门,0.3333333333333333,positive,0.3333333333333333
一目十行,0.3333333333333333,positive,0.3333333333333333
一碗水端平,1.0,positive,1.0
一秉至公,0.7777777777777778,positive,0.7777777777777778
一笑干金,0.7777777777777778,positive,0.7777777777777778
一笔一划,0.7777777777777778,positive,0.7777777777777778
一笔不苟,1.0,positive,1.0
一箭双雕,0.5555555555555556,positive,0.5555555555555556
一级,1.0,positive,1.0
一统天下,1.0,positive,1.0
一臂之力,0.1111111111111111,positive,0.1111111111111111
一若以往,1.0,positive,1.0
一衣带水,0.7777777777777778,positive,0.7777777777777778
一表人才,0.5555555555555556,positive,0.5555555555555556
一表堂堂,0.5555555555555556,positive,0.5555555555555556
一表非俗,0.3333333333333333,positive,0.3333333333333333
一表非凡,1.0,positive,1.0
一视同仁,0.1111111111111111,positive,0.1111111111111111
一言九鼎,0.6666666666666666,positive,0.6666666666666666
一言以蔽之,0.7777777777777778,positive,0.7777777777777778
一言既出，驷马难追,0.5555555555555556,positive,0.5555555555555556
一语破的,0.5555555555555556,positive,0.5555555555555556
一诺千金,0.7777777777777778,positive,0.7777777777777778
一诺干金,0.7777777777777778,positive,0.7777777777777778
一路福星　,0.5555555555555556,positive,0.5555555555555556
一路顺风,0.5555555555555556,positive,0.5555555555555556
一蹴而就,0.7777777777777778,positive,0.7777777777777778
一身是胆,0.5555555555555556,positive,0.5555555555555556
一身正气,1.0,positive,1.0
一身清白,0.7777777777777778,positive,0.7777777777777778
一身都是胆,0.5555555555555556,positive,0.5555555555555556
一轨同风,1.0,positive,1.0
一针见血,0.5555555555555556,positive,0.5555555555555556
一门心思,1.0,positive,1.0
一颦一笑,1.0,positive,1.0
一颦一笑胁肩谄笑,1.0,positive,1.0
一饭千金,0.5555555555555556,positive,0.5555555555555556
一马当先,0.7777777777777778,positive,0.7777777777777778
一鸣惊人,0.7777777777777778,positive,0.7777777777777778
一鼓作气,0.5555555555555556,positive,0.5555555555555556
丁一卯二,0.3333333333333333,positive,0.3333333333333333
丁一确二,0.3333333333333333,positive,0.3333333333333333
丁忧,0.7777777777777778,positive,0.7777777777777778
丁是丁，卯是卯,0.5555555555555556,positive,0.5555555555555556
丁香,1.0,positive,1.0
七步之才,0.3333333333333333,positive,0.3333333333333333
七步八叉,0.5555555555555556,positive,0.5555555555555556
七步成章,0.3333333333333333,positive,0.3333333333333333
七步成诗,0.7777777777777778,positive,0.7777777777777778
七窍玲珑,0.5555555555555556,positive,0.5555555555555556
七行俱下,0.3333333333333333,positive,0.3333333333333333
七贞九烈,0.7777777777777778,positive,0.7777777777777778
万事亨通,0.7777777777777778,positive,0.7777777777777778
万人空巷,1.0,positive,1.0
万众一心,0.7777777777777778,positive,0.7777777777777778
万全之策,0.5555555555555556,positive,0.5555555555555556
万古千秋,0.8888888888888888,positive,0.8888888888888888
万古流芳,1.0,positive,1.0
万古长青,1.0,positive,1.0
万夫不当,0.7777777777777778,positive,0.7777777777777778
万夫莫当,1.0,positive,1.0
万家生佛,0.7777777777777778,positive,0.7777777777777778
万寿无疆,0.5555555555555556,positive,0.5555555555555556
万寿无疆　,1.0,positive,1.0
万无一失,1.0,positive,1.0
万流景仰,0.7777777777777778,positive,0.7777777777777778
万紫千红,0.5555555555555556,positive,0.5555555555555556
万象更新,0.7777777777777778,positive,0.7777777777777778
万里江河,1.0,positive,1.0
万顷之陂,0.5555555555555556,positive,0.5555555555555556
万马奔腾,1.0,positive,1.0
三个臭皮匠，合成一个葛亮,0.7777777777777778,positive,0.7777777777777778
三十而立,0.5555555555555556,positive,0.5555555555555556
三台八座,0.5555555555555556,positive,0.5555555555555556
三吐三握,0.5555555555555556,positive,0.5555555555555556
三复斯言,0.5555555555555556,positive,0.5555555555555556
三头八臂,0.5555555555555556,positive,0.5555555555555556
三头六臂,0.5555555555555556,positive,0.5555555555555556
三头六证,0.5555555555555556,positive,0.5555555555555556
三好,0.5555555555555556,positive,0.5555555555555556
三寸不烂之舌,0.5555555555555556,positive,0.5555555555555556
三寸之舌,0.7777777777777778,positive,0.7777777777777778
三年不窥园,0.7777777777777778,positive,0.7777777777777778
三年化碧,0.5555555555555556,positive,0.5555555555555556
三思而行,0.1111111111111111,positive,0.1111111111111111
三户亡秦,0.5555555555555556,positive,0.5555555555555556
三星高照,0.3333333333333333,positive,0.3333333333333333
三朝元老,0.5555555555555556,positive,0.5555555555555556
三槐九棘,0.5555555555555556,positive,0.5555555555555556
三沐三薰,0.5555555555555556,positive,0.5555555555555556
三清四白,0.5555555555555556,positive,0.5555555555555556
三臡八菹,0.5555555555555556,positive,0.5555555555555556
三谏之义,0.5555555555555556,positive,0.5555555555555556
三贞九烈,0.5555555555555556,positive,0.5555555555555556
三贞五烈,0.5555555555555556,positive,0.5555555555555556
三跪九叩,0.5555555555555556,positive,0.5555555555555556
三过其门而不入,1.0,positive,1.0
三釁三浴,0.5555555555555556,positive,0.5555555555555556
三阳交泰,0.5555555555555556,positive,0.5555555555555556
三阳开泰,0.7777777777777778,positive,0.7777777777777778
三顾茅庐,0.1111111111111111,positive,0.1111111111111111
三顾茅庐　,0.7777777777777778,positive,0.7777777777777778
三顾草庐,0.5555555555555556,positive,0.5555555555555556
上上,0.7777777777777778,positive,0.7777777777777778
上下一心,0.5555555555555556,positive,0.5555555555555556
上下同心,0.5555555555555556,positive,0.5555555555555556
上下同欲,0.5555555555555556,positive,0.5555555555555556
上乘,0.5555555555555556,positive,0.5555555555555556
上书,0.5555555555555556,positive,0.5555555555555556
上交不谄,0.3333333333333333,positive,0.3333333333333333
上人,0.3333333333333333,positive,0.3333333333333333
上劲,0.3333333333333333,positive,0.3333333333333333
上升,0.3333333333333333,positive,0.3333333333333333
上品,0.7777777777777778,positive,0.7777777777777778
上坟,0.5555555555555556,positive,0.5555555555555556
上天入地,0.5555555555555556,positive,0.5555555555555556
上好,0.5555555555555556,positive,0.5555555555555556
上宾,0.5555555555555556,positive,0.5555555555555556
上将,0.5555555555555556,positive,0.5555555555555556
上峰,0.3333333333333333,positive,0.3333333333333333
上座,0.5555555555555556,positive,0.5555555555555556
上房,0.5555555555555556,positive,0.5555555555555556
上手,0.7777777777777778,positive,0.7777777777777778
上报,0.3333333333333333,positive,0.3333333333333333
上校,0.3333333333333333,positive,0.3333333333333333
上照,0.3333333333333333,positive,0.3333333333333333
上第,0.5555555555555556,positive,0.5555555555555556
上等,0.5555555555555556,positive,0.5555555555555556
上等兵,0.5555555555555556,positive,0.5555555555555556
上策,0.3333333333333333,positive,0.3333333333333333
上级,0.3333333333333333,positive,0.3333333333333333
上缴,0.3333333333333333,positive,0.3333333333333333
上辈,0.3333333333333333,positive,0.3333333333333333
上进,0.4444444444444444,positive,0.4444444444444444
上镜,0.5555555555555556,positive,0.5555555555555556
上风,0.1111111111111111,positive,0.1111111111111111
下情上达,0.7777777777777778,positive,0.7777777777777778
下笔千言,0.3333333333333333,positive,0.3333333333333333
下笔成章,0.5555555555555556,positive,0.5555555555555556
下笔成篇,0.7777777777777778,positive,0.7777777777777778
下笔有神,0.5555555555555556,positive,0.5555555555555556
下车泣罪,0.7777777777777778,positive,0.7777777777777778
下阪走丸,0.7777777777777778,positive,0.7777777777777778
不下于,0.5555555555555556,positive,0.5555555555555556
不世之功,1.0,positive,1.0
不丰不杀,0.5555555555555556,positive,0.5555555555555556
不为五斗米折腰,0.7777777777777778,positive,0.7777777777777778
不主故常,0.3333333333333333,positive,0.3333333333333333
不亢不卑,0.7777777777777778,positive,0.7777777777777778
不亦乐乎,0.5555555555555556,positive,0.5555555555555556
不以一眚掩大德,0.1111111111111111,positive,0.1111111111111111
不以人废言,0.5555555555555556,positive,0.5555555555555556
不伐其功,0.3333333333333333,positive,0.3333333333333333
不俗,0.5555555555555556,positive,0.5555555555555556
不偏不倚,0.5555555555555556,positive,0.5555555555555556
不偏不党,0.5555555555555556,positive,0.5555555555555556
不凡,1.0,positive,1.0
不分彼此,0.7777777777777778,positive,0.7777777777777778
不分畛域,0.5555555555555556,positive,0.5555555555555556
不刊之论,0.5555555555555556,positive,0.5555555555555556
不务空名,0.5555555555555556,positive,0.5555555555555556
不卑不亢,0.5555555555555556,positive,0.5555555555555556
不即不离,0.3333333333333333,positive,0.3333333333333333
不厌其烦,0.5555555555555556,positive,0.5555555555555556
不厌其详,0.3333333333333333,positive,0.3333333333333333
不召而来,0.5555555555555556,positive,0.5555555555555556
不可多得,0.5555555555555556,positive,0.5555555555555556
不可或缺,0.3333333333333333,positive,0.3333333333333333
不可磨灭,1.0,positive,1.0
不可胜言,0.8888888888888888,positive,0.8888888888888888
不同凡响,1.0,positive,1.0
不同流俗,0.5555555555555556,positive,0.5555555555555556
不名一格,0.5555555555555556,positive,0.5555555555555556
不吐不茹,0.5555555555555556,positive,0.5555555555555556
不吝,0.3333333333333333,positive,0.3333333333333333
不吝金玉,0.5555555555555556,positive,0.5555555555555556
不含糊,0.5555555555555556,positive,0.5555555555555556
不图,0.5555555555555556,positive,0.5555555555555556
不在话下,0.5555555555555556,positive,0.5555555555555556
不塞不流，不止不行,0.7777777777777778,positive,0.7777777777777778
不大离,0.5555555555555556,positive,0.5555555555555556
不失为,0.5555555555555556,positive,0.5555555555555556
不失毫厘,0.3333333333333333,positive,0.3333333333333333
不夷不惠,0.3333333333333333,positive,0.3333333333333333
不如,0.5555555555555556,positive,0.5555555555555556
不媿下学,0.5555555555555556,positive,0.5555555555555556
不存芥蒂,0.7777777777777778,positive,0.7777777777777778
不容置辩,0.5555555555555556,positive,0.5555555555555556
不屈,0.5555555555555556,positive,0.5555555555555556
不屈不挠,0.7777777777777778,positive,0.7777777777777778
不差毫发,0.3333333333333333,positive,0.3333333333333333
不平则鸣,0.7777777777777778,positive,0.7777777777777778
不废江河,0.5555555555555556,positive,0.5555555555555556
不弃草昧　,0.5555555555555556,positive,0.5555555555555556
不徇私情,0.5555555555555556,positive,0.5555555555555556
不徐不疾,0.3333333333333333,positive,0.3333333333333333
不得了,1.0,positive,1.0
不得其所,0.5555555555555556,positive,0.5555555555555556
不忍释手,0.7777777777777778,positive,0.7777777777777778
不忘故剑,0.3333333333333333,positive,0.3333333333333333
不忘沟壑,0.7777777777777778,positive,0.7777777777777778
不忮不求,0.5555555555555556,positive,0.5555555555555556
不念旧恶,0.5555555555555556,positive,0.5555555555555556
不怕,0.5555555555555556,positive,0.5555555555555556
"不怨天,不尤人",0.5555555555555556,positive,0.5555555555555556
不恶而严,0.7777777777777778,positive,0.7777777777777778
不患,0.5555555555555556,positive,0.5555555555555556
不惜,0.7777777777777778,positive,0.7777777777777778
不愧,0.5555555555555556,positive,0.5555555555555556
不愧不作,0.7777777777777778,positive,0.7777777777777778
不愧屋漏,0.7777777777777778,positive,0.7777777777777778
不慌不忙,0.3333333333333333,positive,0.3333333333333333
不懈,0.3333333333333333,positive,0.3333333333333333
不懈怠,0.3333333333333333,positive,0.3333333333333333
不折不扣,0.5555555555555556,positive,0.5555555555555556
不拘一格,0.5555555555555556,positive,0.5555555555555556
不拘形迹,0.3333333333333333,positive,0.3333333333333333
不挠不屈,0.5555555555555556,positive,0.5555555555555556
不挠不折,0.5555555555555556,positive,0.5555555555555556
不揣冒昧,0.5555555555555556,positive,0.5555555555555556
不敢告劳,0.5555555555555556,positive,0.5555555555555556
不料,0.7777777777777778,positive,0.7777777777777778
不无裨益,0.1111111111111111,positive,0.1111111111111111
不时之需,0.1111111111111111,positive,0.1111111111111111
不易之论,0.5555555555555556,positive,0.5555555555555556
不期,0.7777777777777778,positive,0.7777777777777778
不朽,0.7777777777777778,positive,0.7777777777777778
不染一尘,0.5555555555555556,positive,0.5555555555555556
不栉进士,0.5555555555555556,positive,0.5555555555555556
不欺暗室,0.5555555555555556,positive,0.5555555555555556
不欺闇室,0.5555555555555556,positive,0.5555555555555556
不步人脚,0.5555555555555556,positive,0.5555555555555556
不武断,0.1111111111111111,positive,0.1111111111111111
不泄气,0.1111111111111111,positive,0.1111111111111111
不法常可,0.5555555555555556,positive,0.5555555555555556
不爽毫发,0.5555555555555556,positive,0.5555555555555556
不爽累黍,0.5555555555555556,positive,0.5555555555555556
不甘后人,0.5555555555555556,positive,0.5555555555555556
不甘雌伏,0.5555555555555556,positive,0.5555555555555556
不由自主,0.7777777777777778,positive,0.7777777777777778
不畏强暴,0.7777777777777778,positive,0.7777777777777778
不畏艰险,0.5555555555555556,positive,0.5555555555555556
不痴不聋,0.3333333333333333,positive,0.3333333333333333
不矜不伐,0.3333333333333333,positive,0.3333333333333333
不知寝食,0.5555555555555556,positive,0.5555555555555556
不知疲倦,0.3333333333333333,positive,0.3333333333333333
不知肉味,0.5555555555555556,positive,0.5555555555555556
不磷不缁,0.5555555555555556,positive,0.5555555555555556
不祧之宗,0.5555555555555556,positive,0.5555555555555556
不祧之祖,0.7777777777777778,positive,0.7777777777777778
不私其利,0.7777777777777778,positive,0.7777777777777778
不简单,0.5555555555555556,positive,0.5555555555555556
不羁之才,0.5555555555555556,positive,0.5555555555555556
不耻下问,0.5555555555555556,positive,0.5555555555555556
不耻最后,0.8888888888888888,positive,0.8888888888888888
不能赞一词,0.3333333333333333,positive,0.3333333333333333
不自满假,0.5555555555555556,positive,0.5555555555555556
不苟,0.3333333333333333,positive,0.3333333333333333
不落俗套,0.5555555555555556,positive,0.5555555555555556
不落窠臼,0.5555555555555556,positive,0.5555555555555556
不蔓不支,0.5555555555555556,positive,0.5555555555555556
不蔓不枝,0.3333333333333333,positive,0.3333333333333333
不解之缘,0.1111111111111111,positive,0.1111111111111111
不言而信,0.6666666666666666,positive,0.6666666666666666
不讳之朝,0.5555555555555556,positive,0.5555555555555556
不讳之路,0.5555555555555556,positive,0.5555555555555556
不讳之门,0.5555555555555556,positive,0.5555555555555556
不谓,0.7777777777777778,positive,0.7777777777777778
不败之地,1.0,positive,1.0
不费力,0.3333333333333333,positive,0.3333333333333333
不赖,0.3333333333333333,positive,0.3333333333333333
不远千里,0.5555555555555556,positive,0.5555555555555556
不遗余力,0.7777777777777778,positive,0.7777777777777778
不遗巨细,0.5555555555555556,positive,0.5555555555555556
不避斧铽,0.6666666666666666,positive,0.6666666666666666
不避水火,0.5555555555555556,positive,0.5555555555555556
不避艰险,0.7777777777777778,positive,0.7777777777777778
不错,0.3333333333333333,positive,0.3333333333333333
不错眼,0.7777777777777778,positive,0.7777777777777778
不露圭角,0.3333333333333333,positive,0.3333333333333333
不露声色,0.3333333333333333,positive,0.3333333333333333
不露斤斧,0.5555555555555556,positive,0.5555555555555556
不顾,0.5555555555555556,positive,0.5555555555555556
不食周粟,0.7777777777777778,positive,0.7777777777777778
不食烟火,0.5555555555555556,positive,0.5555555555555556
不骄不躁,0.5555555555555556,positive,0.5555555555555556
与世偃仰,0.5555555555555556,positive,0.5555555555555556
与世无争,0.3333333333333333,positive,0.3333333333333333
与人为善,0.5555555555555556,positive,0.5555555555555556
与国,0.3333333333333333,positive,0.3333333333333333
与日俱增,0.5555555555555556,positive,0.5555555555555556
与民同乐,0.5555555555555556,positive,0.5555555555555556
与民更始,0.3333333333333333,positive,0.3333333333333333
与物无忤,0.7777777777777778,positive,0.7777777777777778
与虎添翼,0.5555555555555556,positive,0.5555555555555556
专一,0.5555555555555556,positive,0.5555555555555556
专家,0.3333333333333333,positive,0.3333333333333333
专心,0.5555555555555556,positive,0.5555555555555556
专心一志,0.5555555555555556,positive,0.5555555555555556
专心致志,0.7777777777777778,positive,0.7777777777777778
专注,0.5555555555555556,positive,0.5555555555555556
专著,0.7777777777777778,positive,0.7777777777777778
专长,0.3333333333333333,positive,0.3333333333333333
世上无难事，只怕有心人,0.7777777777777778,positive,0.7777777777777778
世兄,0.5555555555555556,positive,0.5555555555555556
世界主义,0.5555555555555556,positive,0.5555555555555556
世界级,0.3333333333333333,positive,0.3333333333333333
业精于勤,0.7777777777777778,positive,0.7777777777777778
东南之宝,0.5555555555555556,positive,0.5555555555555556
东南之秀,0.5555555555555556,positive,0.5555555555555556
东南之美,0.5555555555555556,positive,0.5555555555555556
东山再起,0.5555555555555556,positive,0.5555555555555556
东床佳婿,0.5555555555555556,positive,0.5555555555555556
东床姣婿,0.5555555555555556,positive,0.5555555555555556
东床娇婿,0.5555555555555556,positive,0.5555555555555556
东床娇客,0.5555555555555556,positive,0.5555555555555556
东方不亮西方亮,0.5555555555555556,positive,0.5555555555555556
东箭南金,0.7777777777777778,positive,0.7777777777777778
东风,0.3333333333333333,positive,0.3333333333333333
丝丝入扣,0.5555555555555556,positive,0.5555555555555556
丝思发怨,0.8888888888888888,positive,0.8888888888888888
丝毫不差,1.0,positive,1.0
丢卒保车,0.5555555555555556,positive,0.5555555555555556
两世为人,0.5555555555555556,positive,0.5555555555555556
两全其美,0.3333333333333333,positive,0.3333333333333333
两小无猜,1.0,positive,1.0
两小无猜　,0.7777777777777778,positive,0.7777777777777778
两相情原,1.0,positive,1.0
两相情愿,0.3333333333333333,positive,0.3333333333333333
两肋插刀,0.7777777777777778,positive,0.7777777777777778
两袖清风,0.7777777777777778,positive,0.7777777777777778
两面派,0.5555555555555556,positive,0.5555555555555556
严以律己，宽以待人,0.7777777777777778,positive,0.7777777777777778
严守,0.3333333333333333,positive,0.3333333333333333
严密,0.3333333333333333,positive,0.3333333333333333
严师出高徒,0.5555555555555556,positive,0.5555555555555556
严慈,0.5555555555555556,positive,0.5555555555555556
严整,0.5555555555555556,positive,0.5555555555555556
严明,0.1111111111111111,positive,0.1111111111111111
严正,0.5555555555555556,positive,0.5555555555555556
严气1性,0.7777777777777778,positive,0.7777777777777778
严气正性,0.5555555555555556,positive,0.5555555555555556
严肃,0.3333333333333333,positive,0.3333333333333333
严谨,0.5555555555555556,positive,0.5555555555555556
严阵以待,0.5555555555555556,positive,0.5555555555555556
个性鲜明,0.5555555555555556,positive,0.5555555555555556
中允,0.5555555555555556,positive,0.5555555555555556
中兴,0.5555555555555556,positive,0.5555555555555556
中原逐鹿,0.5555555555555556,positive,0.5555555555555556
中听,0.3333333333333333,positive,0.3333333333333333
中坚,0.5555555555555556,positive,0.5555555555555556
中奖,1.0,positive,1.0
中意,0.5555555555555556,positive,0.5555555555555556
中正,0.5555555555555556,positive,0.5555555555555556
中流一壸,0.5555555555555556,positive,0.5555555555555556
中流击揖,0.8888888888888888,positive,0.8888888888888888
中流击楫,0.5555555555555556,positive,0.5555555555555556
中流底柱,0.7777777777777778,positive,0.7777777777777778
中流砥柱,0.7777777777777778,positive,0.7777777777777778
中看,0.3333333333333333,positive,0.3333333333333333
中立不倚,0.5555555555555556,positive,0.5555555555555556
中肯,0.5555555555555556,positive,0.5555555555555556
中选,0.5555555555555556,positive,0.5555555555555556
丰亨豫大,0.5555555555555556,positive,0.5555555555555556
丰功伟绩,1.0,positive,1.0
丰功厚利,0.7777777777777778,positive,0.7777777777777778
丰功懿德,0.7777777777777778,positive,0.7777777777777778
丰功盛烈,0.7777777777777778,positive,0.7777777777777778
丰功硕德,0.7777777777777778,positive,0.7777777777777778
丰功茂德,0.7777777777777778,positive,0.7777777777777778
丰厚,0.3333333333333333,positive,0.3333333333333333
丰姿冶丽,0.7777777777777778,positive,0.7777777777777778
丰姿绰约,0.5555555555555556,positive,0.5555555555555556
丰富,0.5555555555555556,positive,0.5555555555555556
丰富多彩,0.5555555555555556,positive,0.5555555555555556
丰年,0.3333333333333333,positive,0.3333333333333333
丰收,0.3333333333333333,positive,0.3333333333333333
丰沃,0.3333333333333333,positive,0.3333333333333333
丰润,0.5555555555555556,positive,0.5555555555555556
丰满,0.5555555555555556,positive,0.5555555555555556
丰登,0.3333333333333333,positive,0.3333333333333333
丰盈,0.5555555555555556,positive,0.5555555555555556
丰盛,0.5555555555555556,positive,0.5555555555555556
丰硕,0.7777777777777778,positive,0.7777777777777778
丰碑,0.7777777777777778,positive,0.7777777777777778
丰稔,0.3333333333333333,positive,0.3333333333333333
丰美,0.5555555555555556,positive,0.5555555555555556
丰腴,0.3333333333333333,positive,0.3333333333333333
丰茂,0.5555555555555556,positive,0.5555555555555556
丰衣足食,0.5555555555555556,positive,0.5555555555555556
丰赡,0.5555555555555556,positive,0.5555555555555556
丰足,0.3333333333333333,positive,0.3333333333333333
丰饶,0.5555555555555556,positive,0.5555555555555556
临危不惧,0.5555555555555556,positive,0.5555555555555556
临机处置,0.3333333333333333,positive,0.3333333333333333
临机应变,0.3333333333333333,positive,0.3333333333333333
丹书白马,0.5555555555555556,positive,0.5555555555555556
丹凤朝阳,0.5555555555555556,positive,0.5555555555555556
丹心,0.7777777777777778,positive,0.7777777777777778
丹忱,0.5555555555555556,positive,0.5555555555555556
丹楹刻桷,0.7777777777777778,positive,0.7777777777777778
为人宽厚,1.0,positive,1.0
为人正直,1.0,positive,1.0
为人说项　,0.5555555555555556,positive,0.5555555555555556
为善最乐,0.7777777777777778,positive,0.7777777777777778
为国之哭,1.0,positive,1.0
为国捐躯,0.7777777777777778,positive,0.7777777777777778
为国捐躯 ,0.6666666666666666,positive,0.6666666666666666
为民请命,0.7777777777777778,positive,0.7777777777777778
为虎傅翼,0.7777777777777778,positive,0.7777777777777778
为裘为箕,0.5555555555555556,positive,0.5555555555555556
主一无適,0.7777777777777778,positive,0.7777777777777778
主人翁,0.3333333333333333,positive,0.3333333333333333
主体,0.7777777777777778,positive,0.7777777777777778
主力,0.7777777777777778,positive,0.7777777777777778
主力军,0.5555555555555556,positive,0.5555555555555556
主力舰,0.5555555555555556,positive,0.5555555555555556
主导,0.7777777777777778,positive,0.7777777777777778
主心骨,0.5555555555555556,positive,0.5555555555555556
主情造意,0.5555555555555556,positive,0.5555555555555556
主敬存诚,0.7777777777777778,positive,0.7777777777777778
主权,0.7777777777777778,positive,0.7777777777777778
丽句清词,0.3333333333333333,positive,0.3333333333333333
丽句清辞,0.3333333333333333,positive,0.3333333333333333
丽日和风,0.5555555555555556,positive,0.5555555555555556
丽藻春葩,0.3333333333333333,positive,0.3333333333333333
举一反三,0.5555555555555556,positive,0.5555555555555556
举世无双,1.0,positive,1.0
举世闻名,0.7777777777777778,positive,0.7777777777777778
举国若狂,1.0,positive,1.0
举手之劳,0.7777777777777778,positive,0.7777777777777778
举无遗策,0.7777777777777778,positive,0.7777777777777778
举案齐眉,0.3333333333333333,positive,0.3333333333333333
举止大方,0.3333333333333333,positive,0.3333333333333333
举止文雅,0.5555555555555556,positive,0.5555555555555556
举止端庄,0.5555555555555556,positive,0.5555555555555556
举止自若,0.3333333333333333,positive,0.3333333333333333
举直错枉,0.3333333333333333,positive,0.3333333333333333
举荐,0.7777777777777778,positive,0.7777777777777778
举贤任能,0.5555555555555556,positive,0.5555555555555556
举贤使能，举贤任能,0.7777777777777778,positive,0.7777777777777778
举足轻重,0.5555555555555556,positive,0.5555555555555556
举错得当,0.3333333333333333,positive,0.3333333333333333
乃心王室,1.0,positive,1.0
久仰,0.7777777777777778,positive,0.7777777777777778
久慕,0.3333333333333333,positive,0.3333333333333333
久战沙场,0.1111111111111111,positive,0.1111111111111111
久旱逢甘雨,0.7777777777777778,positive,0.7777777777777778
久经考验,0.3333333333333333,positive,0.3333333333333333
久要不忘,0.7777777777777778,positive,0.7777777777777778
义不容辞,0.1111111111111111,positive,0.1111111111111111
义举,0.7777777777777778,positive,0.7777777777777778
义仓,0.5555555555555556,positive,0.5555555555555556
义务,0.5555555555555556,positive,0.5555555555555556
义务劳动,0.5555555555555556,positive,0.5555555555555556
义勇,0.7777777777777778,positive,0.7777777777777778
义勇军,0.7777777777777778,positive,0.7777777777777778
义卖,0.5555555555555556,positive,0.5555555555555556
义士,0.5555555555555556,positive,0.5555555555555556
义学,0.5555555555555556,positive,0.5555555555555556
义师,0.5555555555555556,positive,0.5555555555555556
义战,0.7777777777777778,positive,0.7777777777777778
义无反顾,0.7777777777777778,positive,0.7777777777777778
义正词严,0.7777777777777778,positive,0.7777777777777778
义正辞严,0.7777777777777778,positive,0.7777777777777778
义气,0.5555555555555556,positive,0.5555555555555556
义演,0.5555555555555556,positive,0.5555555555555556
义烈,0.5555555555555556,positive,0.5555555555555556
义诊,0.5555555555555556,positive,0.5555555555555556
之死不渝,0.5555555555555556,positive,0.5555555555555556
之死摩它,0.7777777777777778,positive,0.7777777777777778
之死靡二,0.5555555555555556,positive,0.5555555555555556
之死靡他,0.7777777777777778,positive,0.7777777777777778
之死靡它,1.0,positive,1.0
乌衣之游,0.7777777777777778,positive,0.7777777777777778
乌衣子弟,0.7777777777777778,positive,0.7777777777777778
乌衣门第,0.7777777777777778,positive,0.7777777777777778
乌鸟私情,0.5555555555555556,positive,0.5555555555555556
乐不可支,0.7777777777777778,positive,0.7777777777777778
乐不可言,0.7777777777777778,positive,0.7777777777777778
乐业安居,0.7777777777777778,positive,0.7777777777777778
乐乐陶陶,0.5555555555555556,positive,0.5555555555555556
乐以忘忧,0.5555555555555556,positive,0.5555555555555556
乐呵呵,0.5555555555555556,positive,0.5555555555555556
乐和,0.5555555555555556,positive,0.5555555555555556
乐善不倦,0.7777777777777778,positive,0.7777777777777778
乐善好义,1.0,positive,1.0
乐善好施,0.5555555555555556,positive,0.5555555555555556
乐园,1.0,positive,1.0
乐土,0.5555555555555556,positive,0.5555555555555556
乐在其中,0.5555555555555556,positive,0.5555555555555556
乐天,0.1111111111111111,positive,0.1111111111111111
乐天任命,0.3333333333333333,positive,0.3333333333333333
乐天知命,0.1111111111111111,positive,0.1111111111111111
乐山乐水,0.7777777777777778,positive,0.7777777777777778
乐成人美,0.7777777777777778,positive,0.7777777777777778
乐此不倦,1.0,positive,1.0
乐滋滋,0.5555555555555556,positive,0.5555555555555556
乐而不厌,0.7777777777777778,positive,0.7777777777777778
乐而不淫,0.5555555555555556,positive,0.5555555555555556
乐而不荒,0.5555555555555556,positive,0.5555555555555556
乐而忘死,1.0,positive,1.0
乐而忘返,0.5555555555555556,positive,0.5555555555555556
乐观,0.3333333333333333,positive,0.3333333333333333
乐观主义,0.7777777777777778,positive,0.7777777777777778
乐趣,0.3333333333333333,positive,0.3333333333333333
乐退安贫,0.5555555555555556,positive,0.5555555555555556
乐道安命,0.5555555555555556,positive,0.5555555555555556
乐道安贫,0.5555555555555556,positive,0.5555555555555556
乐道忘饥,0.7777777777777778,positive,0.7777777777777778
乐道遗荣,0.5555555555555556,positive,0.5555555555555556
乐陶陶,0.5555555555555556,positive,0.5555555555555556
乔迁,0.5555555555555556,positive,0.5555555555555556
乔迁之喜,0.5555555555555556,positive,0.5555555555555556
乖乖,0.5555555555555556,positive,0.5555555555555556
乖巧,0.3333333333333333,positive,0.3333333333333333
乖觉,0.5555555555555556,positive,0.5555555555555556
乘风破浪,0.3333333333333333,positive,0.3333333333333333
乘龙,0.5555555555555556,positive,0.5555555555555556
九世同堂,0.5555555555555556,positive,0.5555555555555556
九天九地,0.7777777777777778,positive,0.7777777777777778
九天揽月,0.7777777777777778,positive,0.7777777777777778
九烈三贞,0.5555555555555556,positive,0.5555555555555556
九衢三市,0.5555555555555556,positive,0.5555555555555556
九间朝殿,0.5555555555555556,positive,0.5555555555555556
九鼎,0.5555555555555556,positive,0.5555555555555556
乡贤,0.5555555555555556,positive,0.5555555555555556
书不释手,0.5555555555555556,positive,0.5555555555555556
书功竹帛,1.0,positive,1.0
书通二酉,0.5555555555555556,positive,0.5555555555555556
书香世家,0.7777777777777778,positive,0.7777777777777778
书香人家,0.5555555555555556,positive,0.5555555555555556
书香门户,0.5555555555555556,positive,0.5555555555555556
书香门第,0.5555555555555556,positive,0.5555555555555556
乱世英雄,1.0,positive,1.0
乾乾翼翼,0.5555555555555556,positive,0.5555555555555556
乾净利索,0.5555555555555556,positive,0.5555555555555556
乾净利落,0.5555555555555556,positive,0.5555555555555556
乾啼湿哭,1.0,positive,1.0
乾坤再造,1.0,positive,1.0
乾巴利脆,0.5555555555555556,positive,0.5555555555555556
乾巴利落,0.5555555555555556,positive,0.5555555555555556
乾脆利索,0.5555555555555556,positive,0.5555555555555556
乾脆利落,0.5555555555555556,positive,0.5555555555555556
了不起,0.7777777777777778,positive,0.7777777777777778
了了可见,0.3333333333333333,positive,0.3333333333333333
了了解人意,0.3333333333333333,positive,0.3333333333333333
了如指掌,0.7777777777777778,positive,0.7777777777777778
了得,0.5555555555555556,positive,0.5555555555555556
了若指掌,0.5555555555555556,positive,0.5555555555555556
争先恐后,0.5555555555555556,positive,0.5555555555555556
争分夺秒,0.3333333333333333,positive,0.3333333333333333
争气,0.5555555555555556,positive,0.5555555555555556
事倍功半,0.5555555555555556,positive,0.5555555555555556
事半功倍,0.3333333333333333,positive,0.3333333333333333
事半功百,0.5555555555555556,positive,0.5555555555555556
事在人为,0.7777777777777778,positive,0.7777777777777778
事必躬亲,0.7777777777777778,positive,0.7777777777777778
事捷功倍,0.5555555555555556,positive,0.5555555555555556
事有必至，理有固然,1.0,positive,1.0
事迹,0.7777777777777778,positive,0.7777777777777778
二人同心，其利断金,1.0,positive,1.0
二八佳人,0.5555555555555556,positive,0.5555555555555556
二分明月,0.5555555555555556,positive,0.5555555555555556
于安思危,0.5555555555555556,positive,0.5555555555555556
于家为国,1.0,positive,1.0
于心无愧,0.5555555555555556,positive,0.5555555555555556
于飞,0.5555555555555556,positive,0.5555555555555556
亏折,0.5555555555555556,positive,0.5555555555555556
亏本,0.5555555555555556,positive,0.5555555555555556
亏蚀,0.5555555555555556,positive,0.5555555555555556
云中仙鹤,0.5555555555555556,positive,0.5555555555555556
云中白鹤,0.5555555555555556,positive,0.5555555555555556
云兴霞蔚,0.5555555555555556,positive,0.5555555555555556
云冈石窟,0.5555555555555556,positive,0.5555555555555556
云净天空,0.5555555555555556,positive,0.5555555555555556
云容月貌,0.5555555555555556,positive,0.5555555555555556
云屯席卷,0.5555555555555556,positive,0.5555555555555556
云心鹤眼,0.5555555555555556,positive,0.5555555555555556
云涌风飞,0.3333333333333333,positive,0.3333333333333333
云涌飙发,0.7777777777777778,positive,0.7777777777777778
云程发轫,0.5555555555555556,positive,0.5555555555555556
云窗月帐,0.5555555555555556,positive,0.5555555555555556
云窗月户,0.5555555555555556,positive,0.5555555555555556
云窗霞户,0.5555555555555556,positive,0.5555555555555556
云舒霞卷,0.5555555555555556,positive,0.5555555555555556
云蒸霞蔚,1.0,positive,1.0
云起雪飞,0.5555555555555556,positive,0.5555555555555556
云起龙骧,0.5555555555555556,positive,0.5555555555555556
云过天空,0.5555555555555556,positive,0.5555555555555556
云雨巫山,0.5555555555555556,positive,0.5555555555555556
云鬟雾鬓,0.3333333333333333,positive,0.3333333333333333
互利,0.1111111111111111,positive,0.1111111111111111
互助,0.1111111111111111,positive,0.1111111111111111
互惠,0.1111111111111111,positive,0.1111111111111111
互让,0.1111111111111111,positive,0.1111111111111111
互通,0.1111111111111111,positive,0.1111111111111111
五世其昌,0.5555555555555556,positive,0.5555555555555556
五世同堂,0.5555555555555556,positive,0.5555555555555556
五体投地,0.5555555555555556,positive,0.5555555555555556
五体投诚,1.0,positive,1.0
五光十色,0.5555555555555556,positive,0.5555555555555556
五彩纷呈,1.0,positive,1.0
五彩缤纷,0.5555555555555556,positive,0.5555555555555556
五星级,1.0,positive,1.0
五经筒,0.7777777777777778,positive,0.7777777777777778
五行并下,0.3333333333333333,positive,0.3333333333333333
五言长城,0.7777777777777778,positive,0.7777777777777778
五谷丰登,1.0,positive,1.0
五车书,0.5555555555555556,positive,0.5555555555555556
五颜六色,0.3333333333333333,positive,0.3333333333333333
五风十雨,0.5555555555555556,positive,0.5555555555555556
井井有序,0.5555555555555556,positive,0.5555555555555556
井井有方,0.5555555555555556,positive,0.5555555555555556
井井有条,0.7777777777777778,positive,0.7777777777777778
井井有法,0.5555555555555556,positive,0.5555555555555556
井井有绪,0.5555555555555556,positive,0.5555555555555556
井渫不食,0.5555555555555556,positive,0.5555555555555556
井渫莫食,0.5555555555555556,positive,0.5555555555555556
井然,0.3333333333333333,positive,0.3333333333333333
井然有序,0.5555555555555556,positive,0.5555555555555556
井然有条,0.5555555555555556,positive,0.5555555555555556
亘古未有,1.0,positive,1.0
亡秦三户,1.0,positive,1.0
亡羊补牢,0.3333333333333333,positive,0.3333333333333333
交口称誉,1.0,positive,1.0
交口称誉　,0.7777777777777778,positive,0.7777777777777778
交好,0.7777777777777778,positive,0.7777777777777778
交情,0.1111111111111111,positive,0.1111111111111111
交映,0.3333333333333333,positive,0.3333333333333333
交浅言深,0.3333333333333333,positive,0.3333333333333333
交疏吐诚,0.3333333333333333,positive,0.3333333333333333
交相辉映,0.5555555555555556,positive,0.5555555555555556
交能易作,0.5555555555555556,positive,0.5555555555555556
交谊,0.3333333333333333,positive,0.3333333333333333
交辉,0.7777777777777778,positive,0.7777777777777778
亨通,0.5555555555555556,positive,0.5555555555555556
享乐在后,0.5555555555555556,positive,0.5555555555555556
享年,0.5555555555555556,positive,0.5555555555555556
京兆画眉,0.5555555555555556,positive,0.5555555555555556
京兆眉妩,0.5555555555555556,positive,0.5555555555555556
亭亭玉立,0.7777777777777778,positive,0.7777777777777778
亮丽,0.5555555555555556,positive,0.5555555555555556
亮堂,0.4444444444444444,positive,0.4444444444444444
亮堂堂,0.5555555555555556,positive,0.5555555555555556
亮眼人,0.5555555555555556,positive,0.5555555555555556
亮节高风,0.5555555555555556,positive,0.5555555555555556
亮铮铮,0.5555555555555556,positive,0.5555555555555556
亲切,0.5555555555555556,positive,0.5555555555555556
亲和,0.7777777777777778,positive,0.7777777777777778
亲和力,0.5555555555555556,positive,0.5555555555555556
亲如手足,0.7777777777777778,positive,0.7777777777777778
亲密,0.5555555555555556,positive,0.5555555555555556
亲密无间,0.7777777777777778,positive,0.7777777777777778
亲征,0.7777777777777778,positive,0.7777777777777778
亲操井臼,0.7777777777777778,positive,0.7777777777777778
亲昵,0.3333333333333333,positive,0.3333333333333333
亲炙,0.5555555555555556,positive,0.5555555555555556
亲热,0.5555555555555556,positive,0.5555555555555556
亲睦,0.5555555555555556,positive,0.5555555555555556
亲知,0.5555555555555556,positive,0.5555555555555556
亲笔,0.5555555555555556,positive,0.5555555555555556
亲聆,0.3333333333333333,positive,0.3333333333333333
亲自,0.5555555555555556,positive,0.5555555555555556
亲谊,0.1111111111111111,positive,0.1111111111111111
亲近,0.3333333333333333,positive,0.3333333333333333
人一己百,0.5555555555555556,positive,0.5555555555555556
人丁兴旺,0.5555555555555556,positive,0.5555555555555556
人中之龙,0.6666666666666666,positive,0.6666666666666666
人中骐骥,0.7777777777777778,positive,0.7777777777777778
人之将死，其言也善,1.0,positive,1.0
人伦,0.5555555555555556,positive,0.5555555555555556
人儿,0.5555555555555556,positive,0.5555555555555556
人和,0.5555555555555556,positive,0.5555555555555556
人喊马嘶,0.7777777777777778,positive,0.7777777777777778
人定胜天,1.0,positive,1.0
人寿年丰,0.7777777777777778,positive,0.7777777777777778
人尽其才,0.3333333333333333,positive,0.3333333333333333
人强马壮,0.3333333333333333,positive,0.3333333333333333
人心,0.5555555555555556,positive,0.5555555555555556
人心大快,0.5555555555555556,positive,0.5555555555555556
人心所向,0.5555555555555556,positive,0.5555555555555556
人急智生,0.1111111111111111,positive,0.1111111111111111
人才,0.7777777777777778,positive,0.7777777777777778
人才出众,0.5555555555555556,positive,0.5555555555555556
人望,0.7777777777777778,positive,0.7777777777777778
人材,0.7777777777777778,positive,0.7777777777777778
人杰,0.7777777777777778,positive,0.7777777777777778
人杰地灵,0.7777777777777778,positive,0.7777777777777778
人格,0.3333333333333333,positive,0.3333333333333333
人欢马叫,0.5555555555555556,positive,0.5555555555555556
人死留名,0.5555555555555556,positive,0.5555555555555556
人治,0.5555555555555556,positive,0.5555555555555556
人物,0.7777777777777778,positive,0.7777777777777778
人生七十古来稀,0.7777777777777778,positive,0.7777777777777778
人给家足,0.7777777777777778,positive,0.7777777777777778
人自为战,0.3333333333333333,positive,0.3333333333333333
人逢喜事精神爽,0.5555555555555556,positive,0.5555555555555556
人道,0.5555555555555556,positive,0.5555555555555556
人道主义,0.3333333333333333,positive,0.3333333333333333
人间重晚晴,0.5555555555555556,positive,0.5555555555555556
亿万斯年,0.7777777777777778,positive,0.7777777777777778
什么的,0.5555555555555556,positive,0.5555555555555556
仁义,0.5555555555555556,positive,0.5555555555555556
仁义道德,0.1111111111111111,positive,0.1111111111111111
仁人义士,0.5555555555555556,positive,0.5555555555555556
仁人君子,1.0,positive,1.0
仁人志士,0.5555555555555556,positive,0.5555555555555556
仁厚,0.5555555555555556,positive,0.5555555555555556
仁德,0.5555555555555556,positive,0.5555555555555556
仁心仁闻,0.7777777777777778,positive,0.7777777777777778
仁惠,0.5555555555555556,positive,0.5555555555555556
仁慈,0.5555555555555556,positive,0.5555555555555556
仁政,0.5555555555555556,positive,0.5555555555555556
仁爱,0.7777777777777778,positive,0.7777777777777778
仁者能仁,0.5555555555555556,positive,0.5555555555555556
仁至义尽,0.5555555555555556,positive,0.5555555555555556
仁言利博,0.7777777777777778,positive,0.7777777777777778
仁言利溥,0.5555555555555556,positive,0.5555555555555556
仇人快语,0.7777777777777778,positive,0.7777777777777778
今夕何夕,0.5555555555555556,positive,0.5555555555555556
今日有酒今日醉,0.5555555555555556,positive,0.5555555555555556
今非昔比,0.5555555555555556,positive,0.5555555555555556
从一而终,0.7777777777777778,positive,0.7777777777777778
从令如流,0.5555555555555556,positive,0.5555555555555556
从军,0.7777777777777778,positive,0.7777777777777778
从善如流,0.5555555555555556,positive,0.5555555555555556
从善如登,0.5555555555555556,positive,0.5555555555555556
从容,0.7777777777777778,positive,0.7777777777777778
从容不迫,0.5555555555555556,positive,0.5555555555555556
从容就义,0.7777777777777778,positive,0.7777777777777778
从容应对,0.7777777777777778,positive,0.7777777777777778
从容自若,0.3333333333333333,positive,0.3333333333333333
从者如云,0.7777777777777778,positive,0.7777777777777778
从良,0.3333333333333333,positive,0.3333333333333333
从谏如流,0.5555555555555556,positive,0.5555555555555556
仔仔细细,0.3333333333333333,positive,0.3333333333333333
仔细,0.3333333333333333,positive,0.3333333333333333
他乡遇故知,0.5555555555555556,positive,0.5555555555555556
他山之石,0.5555555555555556,positive,0.5555555555555556
仗义,0.5555555555555556,positive,0.5555555555555556
仗义执言,0.5555555555555556,positive,0.5555555555555556
仗义疏财,0.7777777777777778,positive,0.7777777777777778
仗节死义,0.5555555555555556,positive,0.5555555555555556
付之一笑,0.7777777777777778,positive,0.7777777777777778
仙丹,0.3333333333333333,positive,0.3333333333333333
仙境,0.5555555555555556,positive,0.5555555555555556
仙女,0.3333333333333333,positive,0.3333333333333333
仙姿佚貌,0.7777777777777778,positive,0.7777777777777778
仙姿玉质,0.5555555555555556,positive,0.5555555555555556
仙子,0.5555555555555556,positive,0.5555555555555556
仙逝,0.5555555555555556,positive,0.5555555555555556
仙露明珠,0.5555555555555556,positive,0.5555555555555556
仙风道格,0.5555555555555556,positive,0.5555555555555556
仙风道气,0.5555555555555556,positive,0.5555555555555556
仙风道骨,0.7777777777777778,positive,0.7777777777777778
代代红,0.5555555555555556,positive,0.5555555555555556
令人信服,0.5555555555555556,positive,0.5555555555555556
令人大开眼界,0.3333333333333333,positive,0.3333333333333333
令人敬畏,0.3333333333333333,positive,0.3333333333333333
令人满意,0.5555555555555556,positive,0.5555555555555556
令人神往,1.0,positive,1.0
令人羡慕,0.3333333333333333,positive,0.3333333333333333
令人起敬,0.5555555555555556,positive,0.5555555555555556
令人钦佩,0.5555555555555556,positive,0.5555555555555556
令人高兴,0.3333333333333333,positive,0.3333333333333333
令人鼓舞,0.5555555555555556,positive,0.5555555555555556
令行如流,0.7777777777777778,positive,0.7777777777777778
令行禁止,0.7777777777777778,positive,0.7777777777777778
以一当十,0.7777777777777778,positive,0.7777777777777778
以一持万,0.3333333333333333,positive,0.3333333333333333
以义割恩,0.7777777777777778,positive,0.7777777777777778
以德报德,0.5555555555555556,positive,0.5555555555555556
以德报怨,1.0,positive,1.0
以手加额,0.7777777777777778,positive,0.7777777777777778
以文会友　,0.5555555555555556,positive,0.5555555555555556
以汤沃雪,0.7777777777777778,positive,0.7777777777777778
以沫相濡,0.7777777777777778,positive,0.7777777777777778
以理服人,0.6666666666666666,positive,0.6666666666666666
以直报怨,0.5555555555555556,positive,0.5555555555555556
以石投水,0.3333333333333333,positive,0.3333333333333333
以碫投卵,1.0,positive,1.0
以礼相待,0.7777777777777778,positive,0.7777777777777778
以类相从,0.3333333333333333,positive,0.3333333333333333
以终天年,0.5555555555555556,positive,0.5555555555555556
以身报国,1.0,positive,1.0
以身殉职,0.5555555555555556,positive,0.5555555555555556
以身许国,1.0,positive,1.0
仪容,0.3333333333333333,positive,0.3333333333333333
仪式,0.1111111111111111,positive,0.1111111111111111
仪态万方,1.0,positive,1.0
仪表,0.3333333333333333,positive,0.3333333333333333
仪表堂堂,1.0,positive,1.0
仰不愧天,0.7777777777777778,positive,0.7777777777777778
仰屋著书,0.7777777777777778,positive,0.7777777777777778
仰望,0.5555555555555556,positive,0.5555555555555556
仰观俯察,0.3333333333333333,positive,0.3333333333333333
价值千金,1.0,positive,1.0
价值连城,1.0,positive,1.0
价廉物美,0.7777777777777778,positive,0.7777777777777778
价廉质优,0.7777777777777778,positive,0.7777777777777778
价廉质优|,0.7777777777777778,positive,0.7777777777777778
任人唯贤,0.5555555555555556,positive,0.5555555555555556
任从风浪起，稳坐钓鱼船,0.5555555555555556,positive,0.5555555555555556
任侠,0.5555555555555556,positive,0.5555555555555556
任凭风浪起，稳坐钓鱼台,0.5555555555555556,positive,0.5555555555555556
任凭风浪起，稳坐钓鱼船,0.5555555555555556,positive,0.5555555555555556
任劳任怨,0.5555555555555556,positive,0.5555555555555556
任命,0.3333333333333333,positive,0.3333333333333333
任怨任劳,0.5555555555555556,positive,0.5555555555555556
任重道远,0.5555555555555556,positive,0.5555555555555556
企慕,0.7777777777777778,positive,0.7777777777777778
伏帖,0.3333333333333333,positive,0.3333333333333333
伏贴,0.3333333333333333,positive,0.3333333333333333
伏首贴耳,1.0,positive,1.0
伏龙凤雏,0.7777777777777778,positive,0.7777777777777778
伐毛洗髓,0.5555555555555556,positive,0.5555555555555556
伐罪吊人,0.5555555555555556,positive,0.5555555555555556
伐罪吊民,0.5555555555555556,positive,0.5555555555555556
休休有容,0.7777777777777778,positive,0.7777777777777778
休戚与共,0.7777777777777778,positive,0.7777777777777778
休戚相关,0.5555555555555556,positive,0.5555555555555556
休明盛世,0.7777777777777778,positive,0.7777777777777778
众人拾柴火焰高,0.5555555555555556,positive,0.5555555555555556
众志成城,0.7777777777777778,positive,0.7777777777777778
众擎易举,0.5555555555555556,positive,0.5555555555555556
众星拱北,0.5555555555555556,positive,0.5555555555555556
众星捧月,0.7777777777777778,positive,0.7777777777777778
众望,0.3333333333333333,positive,0.3333333333333333
众望所归,0.3333333333333333,positive,0.3333333333333333
众生,0.5555555555555556,positive,0.5555555555555556
众说,0.5555555555555556,positive,0.5555555555555556
众醉独醒,0.5555555555555556,positive,0.5555555555555556
优厚,0.5555555555555556,positive,0.5555555555555556
优哉游哉,1.0,positive,1.0
优容,0.5555555555555556,positive,0.5555555555555556
优异,0.7777777777777778,positive,0.7777777777777778
优待,0.5555555555555556,positive,0.5555555555555556
优抚,0.5555555555555556,positive,0.5555555555555556
优渥,0.3333333333333333,positive,0.3333333333333333
优点,0.5555555555555556,positive,0.5555555555555556
优礼,0.5555555555555556,positive,0.5555555555555556
优秀,0.5555555555555556,positive,0.5555555555555556
优等,1.0,positive,1.0
优美,0.5555555555555556,positive,0.5555555555555556
优美动听,1.0,positive,1.0
优胜,1.0,positive,1.0
优良,0.5555555555555556,positive,0.5555555555555556
优裕,0.5555555555555556,positive,0.5555555555555556
优质,0.3333333333333333,positive,0.3333333333333333
优越,0.5555555555555556,positive,0.5555555555555556
优遇,0.5555555555555556,positive,0.5555555555555556
优雅,0.5555555555555556,positive,0.5555555555555556
会心,0.3333333333333333,positive,0.3333333333333333
会来事,0.5555555555555556,positive,0.5555555555555556
伟业,0.7777777777777778,positive,0.7777777777777778
伟人,0.7777777777777778,positive,0.7777777777777778
伟力,0.7777777777777778,positive,0.7777777777777778
伟大,0.5555555555555556,positive,0.5555555555555556
伟绩,1.0,positive,1.0
伟绩丰功,1.0,positive,1.0
传世,0.5555555555555556,positive,0.5555555555555556
传家宝,0.7777777777777778,positive,0.7777777777777778
传神,0.3333333333333333,positive,0.3333333333333333
传诵,0.3333333333333333,positive,0.3333333333333333
传颂,0.5555555555555556,positive,0.5555555555555556
伫立,0.7777777777777778,positive,0.7777777777777778
伯乐,0.5555555555555556,positive,0.5555555555555556
伯乐一顾,0.5555555555555556,positive,0.5555555555555556
伯乐相马,0.5555555555555556,positive,0.5555555555555556
伯仲之间,0.3333333333333333,positive,0.3333333333333333
伯埙仲篪,0.5555555555555556,positive,0.5555555555555556
伯歌季舞,0.3333333333333333,positive,0.3333333333333333
伯祖,0.5555555555555556,positive,0.5555555555555556
伯祖母,0.5555555555555556,positive,0.5555555555555556
伶俐,0.5555555555555556,positive,0.5555555555555556
伶俐乖巧,0.5555555555555556,positive,0.5555555555555556
伸冤理枉,0.7777777777777778,positive,0.7777777777777778
伸张,0.5555555555555556,positive,0.5555555555555556
伸畅,0.5555555555555556,positive,0.5555555555555556
似漆如胶,1.0,positive,1.0
位极人臣,1.0,positive,1.0
低回,0.5555555555555556,positive,0.5555555555555556
低廉,0.3333333333333333,positive,0.3333333333333333
低柔,0.3333333333333333,positive,0.3333333333333333
低调,0.1111111111111111,positive,0.1111111111111111
佐雍得尝,0.5555555555555556,positive,0.5555555555555556
佐饔得尝,0.5555555555555556,positive,0.5555555555555556
体大思精,0.7777777777777778,positive,0.7777777777777778
体察,0.5555555555555556,positive,0.5555555555555556
体念,0.5555555555555556,positive,0.5555555555555556
体态轻盈,0.7777777777777778,positive,0.7777777777777778
体恤,0.5555555555555556,positive,0.5555555555555556
体恤入微,1.0,positive,1.0
体惜,0.5555555555555556,positive,0.5555555555555556
体贴入妙,1.0,positive,1.0
体贴入微,0.5555555555555556,positive,0.5555555555555556
何乐不为,0.7777777777777778,positive,0.7777777777777778
何乐而不为,0.5555555555555556,positive,0.5555555555555556
余勇可贾,0.5555555555555556,positive,0.5555555555555556
余味无穷,0.5555555555555556,positive,0.5555555555555556
余响绕梁,1.0,positive,1.0
余声三日,1.0,positive,1.0
余妙绕梁,1.0,positive,1.0
余热,0.5555555555555556,positive,0.5555555555555556
余裕,0.5555555555555556,positive,0.5555555555555556
余霞成绮,0.7777777777777778,positive,0.7777777777777778
余霞散绮,1.0,positive,1.0
余音绕梁,1.0,positive,1.0
余音缭绕,1.0,positive,1.0
余音袅袅,0.7777777777777778,positive,0.7777777777777778
佛头着粪,0.5555555555555556,positive,0.5555555555555556
佛头著粪,1.0,positive,1.0
佛眼佛心,0.5555555555555556,positive,0.5555555555555556
佛眼相看,0.5555555555555556,positive,0.5555555555555556
作善降祥,0.5555555555555556,positive,0.5555555555555556
作小服低,0.7777777777777778,positive,0.7777777777777778
你追我趕,0.5555555555555556,positive,0.5555555555555556
佣中佼佼,0.5555555555555556,positive,0.5555555555555556
佩服,0.3333333333333333,positive,0.3333333333333333
佳丽,1.0,positive,1.0
佳人,0.7777777777777778,positive,0.7777777777777778
佳作,1.0,positive,1.0
佳偶,1.0,positive,1.0
佳句,0.7777777777777778,positive,0.7777777777777778
佳品,0.5555555555555556,positive,0.5555555555555556
佳境,0.7777777777777778,positive,0.7777777777777778
佳妙,1.0,positive,1.0
佳美,0.7777777777777778,positive,0.7777777777777778
佳肴,0.7777777777777778,positive,0.7777777777777778
佳节,1.0,positive,1.0
佳话,0.7777777777777778,positive,0.7777777777777778
佳趣,0.5555555555555556,positive,0.5555555555555556
佳酿,1.0,positive,1.0
佳音,0.5555555555555556,positive,0.5555555555555556
佻身飞镞,1.0,positive,1.0
佼佼,1.0,positive,1.0
佼佼者,0.7777777777777778,positive,0.7777777777777778
使人愉快,0.5555555555555556,positive,0.5555555555555556
使命,0.5555555555555556,positive,0.5555555555555556
使喜悦,0.5555555555555556,positive,0.5555555555555556
使用方便,0.3333333333333333,positive,0.3333333333333333
使贤任能,0.5555555555555556,positive,0.5555555555555556
侃侃而谈,0.3333333333333333,positive,0.3333333333333333
侃侃訚訚,0.7777777777777778,positive,0.7777777777777778
侃侃谔谔,0.5555555555555556,positive,0.5555555555555556
侍奉,0.7777777777777778,positive,0.7777777777777778
供不应求,0.7777777777777778,positive,0.7777777777777778
供献,0.3333333333333333,positive,0.3333333333333333
依从,0.3333333333333333,positive,0.3333333333333333
依依,0.3333333333333333,positive,0.3333333333333333
依偎,0.5555555555555556,positive,0.5555555555555556
依顺,0.3333333333333333,positive,0.3333333333333333
侠义,0.5555555555555556,positive,0.5555555555555556
侠客,0.7777777777777778,positive,0.7777777777777778
侠气,0.5555555555555556,positive,0.5555555555555556
侠骨,0.5555555555555556,positive,0.5555555555555556
便于,0.3333333333333333,positive,0.3333333333333333
便当,0.5555555555555556,positive,0.5555555555555556
便捷,0.5555555555555556,positive,0.5555555555555556
便民,0.5555555555555556,positive,0.5555555555555556
促膝谈心,0.5555555555555556,positive,0.5555555555555556
俊丽,0.5555555555555556,positive,0.5555555555555556
俊俏,0.5555555555555556,positive,0.5555555555555556
俊杰,1.0,positive,1.0
俊秀,0.5555555555555556,positive,0.5555555555555556
俊美,0.5555555555555556,positive,0.5555555555555556
俊雅,0.5555555555555556,positive,0.5555555555555556
俎樽折冲,0.5555555555555556,positive,0.5555555555555556
俏丽,0.5555555555555556,positive,0.5555555555555556
俏式,0.5555555555555556,positive,0.5555555555555556
俏皮,0.5555555555555556,positive,0.5555555555555556
俏美,0.5555555555555556,positive,0.5555555555555556
俐齿伶牙,0.7777777777777778,positive,0.7777777777777778
俛拾仰取,1.0,positive,1.0
保不住,0.5555555555555556,positive,0.5555555555555556
保不定,0.5555555555555556,positive,0.5555555555555556
保不齐,0.5555555555555556,positive,0.5555555555555556
保养,0.7777777777777778,positive,0.7777777777777778
保卫,0.1111111111111111,positive,0.1111111111111111
保境息民,0.5555555555555556,positive,0.5555555555555556
保家卫国,0.5555555555555556,positive,0.5555555555555556
保泰持盈,0.5555555555555556,positive,0.5555555555555556
保盈持泰,0.5555555555555556,positive,0.5555555555555556
保重,0.7777777777777778,positive,0.7777777777777778
保障,0.7777777777777778,positive,0.7777777777777778
信及豚鱼,0.7777777777777778,positive,0.7777777777777778
信奉,0.5555555555555556,positive,0.5555555555555556
信守,0.3333333333333333,positive,0.3333333333333333
信实,0.5555555555555556,positive,0.5555555555555556
信心,0.5555555555555556,positive,0.5555555555555556
信念,0.5555555555555556,positive,0.5555555555555556
信息丰富,1.0,positive,1.0
信手拈来,0.7777777777777778,positive,0.7777777777777778
信服,0.7777777777777778,positive,0.7777777777777778
信而好古,0.7777777777777778,positive,0.7777777777777778
信而有征,0.3333333333333333,positive,0.3333333333333333
信誉卓著,0.7777777777777778,positive,0.7777777777777778
信誓旦旦,0.7777777777777778,positive,0.7777777777777778
信赏必罚,0.7777777777777778,positive,0.7777777777777778
信赖,0.5555555555555556,positive,0.5555555555555556
俭可养廉,0.6666666666666666,positive,0.6666666666666666
俭朴,0.5555555555555556,positive,0.5555555555555556
俭省,0.5555555555555556,positive,0.5555555555555556
修好,0.5555555555555556,positive,0.5555555555555556
修心养性,0.5555555555555556,positive,0.5555555555555556
修文偃武,0.3333333333333333,positive,0.3333333333333333
修旧利废,0.5555555555555556,positive,0.5555555555555556
修桥补路,0.7777777777777778,positive,0.7777777777777778
修身慎行,0.3333333333333333,positive,0.3333333333333333
修身洁行,0.5555555555555556,positive,0.5555555555555556
俯仰无愧,0.7777777777777778,positive,0.7777777777777778
俯首弭耳,1.0,positive,1.0
俯首戢耳,1.0,positive,1.0
俱佳,0.3333333333333333,positive,0.3333333333333333
倍儿棒,0.7777777777777778,positive,0.7777777777777778
倍道兼行,0.7777777777777778,positive,0.7777777777777778
倍道而进,0.5555555555555556,positive,0.5555555555555556
倒屣相迎,0.5555555555555556,positive,0.5555555555555556
倒峡泻河,0.5555555555555556,positive,0.5555555555555556
倒海翻江,0.7777777777777778,positive,0.7777777777777778
倒背如流,0.7777777777777778,positive,0.7777777777777778
候光,0.3333333333333333,positive,0.3333333333333333
候教,0.3333333333333333,positive,0.3333333333333333
倚门倚闾,0.3333333333333333,positive,0.3333333333333333
倚马可待,0.5555555555555556,positive,0.5555555555555556
倜傥,0.5555555555555556,positive,0.5555555555555556
倜傥不羁,0.7777777777777778,positive,0.7777777777777778
倜傥不群,0.7777777777777778,positive,0.7777777777777778
倜傥之才,0.7777777777777778,positive,0.7777777777777778
借助,0.5555555555555556,positive,0.5555555555555556
借客报仇,0.5555555555555556,positive,0.5555555555555556
借身报仇,0.5555555555555556,positive,0.5555555555555556
借重,0.5555555555555556,positive,0.5555555555555556
倡导,0.5555555555555556,positive,0.5555555555555556
倡条冶叶,0.5555555555555556,positive,0.5555555555555556
倡议,0.5555555555555556,positive,0.5555555555555556
倩女离魂,0.7777777777777778,positive,0.7777777777777778
值价,0.3333333333333333,positive,0.3333333333333333
值得,0.5555555555555556,positive,0.5555555555555556
值钱,0.3333333333333333,positive,0.3333333333333333
倾倒,0.7777777777777778,positive,0.7777777777777778
倾动,0.7777777777777778,positive,0.7777777777777778
倾国倾城,1.0,positive,1.0
倾城倾国,1.0,positive,1.0
倾心,0.7777777777777778,positive,0.7777777777777778
倾心吐胆,0.3333333333333333,positive,0.3333333333333333
倾注,0.7777777777777778,positive,0.7777777777777778
倾羡,0.7777777777777778,positive,0.7777777777777778
倾耳注目,0.7777777777777778,positive,0.7777777777777778
倾耳而听,0.7777777777777778,positive,0.7777777777777778
倾肝沥胆,0.7777777777777778,positive,0.7777777777777778
倾肠倒肚,0.7777777777777778,positive,0.7777777777777778
倾谈,0.5555555555555556,positive,0.5555555555555556
假人辞色,0.5555555555555556,positive,0.5555555555555556
假以辞色,0.3333333333333333,positive,0.3333333333333333
偌大,0.3333333333333333,positive,0.3333333333333333
偎乾就湿,1.0,positive,1.0
偏巧,0.5555555555555556,positive,0.5555555555555556
偏锋,0.5555555555555556,positive,0.5555555555555556
偕老,0.5555555555555556,positive,0.5555555555555556
做小伏低,0.7777777777777778,positive,0.7777777777777778
做得好,0.5555555555555556,positive,0.5555555555555556
健儿,0.5555555555555556,positive,0.5555555555555556
健全,0.3333333333333333,positive,0.3333333333333333
健壮,0.3333333333333333,positive,0.3333333333333333
健实,0.5555555555555556,positive,0.5555555555555556
健将,0.5555555555555556,positive,0.5555555555555556
健康,0.3333333333333333,positive,0.3333333333333333
健康美,0.3333333333333333,positive,0.3333333333333333
健旺,0.7777777777777778,positive,0.7777777777777778
健朗,0.3333333333333333,positive,0.3333333333333333
健步,0.5555555555555556,positive,0.5555555555555556
健步如飞,0.7777777777777778,positive,0.7777777777777778
健硕,0.3333333333333333,positive,0.3333333333333333
健美,0.1111111111111111,positive,0.1111111111111111
偶俱无猜,0.3333333333333333,positive,0.3333333333333333
偷寒送暖,0.7777777777777778,positive,0.7777777777777778
傅粉何郎,0.5555555555555556,positive,0.5555555555555556
催人奋进,0.5555555555555556,positive,0.5555555555555556
傲然,0.1111111111111111,positive,0.1111111111111111
傲然屹立,0.5555555555555556,positive,0.5555555555555556
傲雪凌霜,0.5555555555555556,positive,0.5555555555555556
傲雪欺霜,0.5555555555555556,positive,0.5555555555555556
傲霜斗雪,0.5555555555555556,positive,0.5555555555555556
傲骨,0.5555555555555556,positive,0.5555555555555556
傲骨嶙嶙,0.5555555555555556,positive,0.5555555555555556
傻乐,0.3333333333333333,positive,0.3333333333333333
像心如意,0.7777777777777778,positive,0.7777777777777778
像心称意,0.7777777777777778,positive,0.7777777777777778
儆醒,0.1111111111111111,positive,0.1111111111111111
儒商,0.5555555555555556,positive,0.5555555555555556
儒将,0.5555555555555556,positive,0.5555555555555556
儒雅,0.5555555555555556,positive,0.5555555555555556
儒雅风流,0.5555555555555556,positive,0.5555555555555556
儿女心肠,0.5555555555555556,positive,0.5555555555555556
允执其中,0.5555555555555556,positive,0.5555555555555556
允执厥中,0.5555555555555556,positive,0.5555555555555556
允文允武,0.7777777777777778,positive,0.7777777777777778
允洽,0.5555555555555556,positive,0.5555555555555556
元勋,0.5555555555555556,positive,0.5555555555555556
元夜,0.5555555555555556,positive,0.5555555555555556
元宵,0.5555555555555556,positive,0.5555555555555556
元宵节,0.7777777777777778,positive,0.7777777777777778
元帅,0.7777777777777778,positive,0.7777777777777778
元方季方,0.3333333333333333,positive,0.3333333333333333
元旦,0.7777777777777778,positive,0.7777777777777778
元气,0.5555555555555556,positive,0.5555555555555556
元老,0.7777777777777778,positive,0.7777777777777778
元首,1.0,positive,1.0
元龙豪气,0.3333333333333333,positive,0.3333333333333333
兄弟怡怡,0.7777777777777778,positive,0.7777777777777778
兄肥弟瘦,0.3333333333333333,positive,0.3333333333333333
充沛,0.5555555555555556,positive,0.5555555555555556
充畅,0.5555555555555556,positive,0.5555555555555556
充盈,0.3333333333333333,positive,0.3333333333333333
充裕,0.3333333333333333,positive,0.3333333333333333
先人后己,0.5555555555555556,positive,0.5555555555555556
先人后已,0.7777777777777778,positive,0.7777777777777778
先公后私,1.0,positive,1.0
先发制人,0.3333333333333333,positive,0.3333333333333333
先哲,0.5555555555555556,positive,0.5555555555555556
先天下之忧而忧，后天下之乐而乐,1.0,positive,1.0
先导,0.5555555555555556,positive,0.5555555555555556
先意希旨,0.7777777777777778,positive,0.7777777777777778
先烈,0.3333333333333333,positive,0.3333333333333333
先生,0.3333333333333333,positive,0.3333333333333333
先知,0.7777777777777778,positive,0.7777777777777778
先知先觉,0.3333333333333333,positive,0.3333333333333333
先行者,0.5555555555555556,positive,0.5555555555555556
先见之明,0.5555555555555556,positive,0.5555555555555556
先贤,0.5555555555555556,positive,0.5555555555555556
先辈,0.5555555555555556,positive,0.5555555555555556
先达,0.5555555555555556,positive,0.5555555555555556
先进,0.5555555555555556,positive,0.5555555555555556
先锋,0.5555555555555556,positive,0.5555555555555556
先驱,0.7777777777777778,positive,0.7777777777777778
光前启后,0.5555555555555556,positive,0.5555555555555556
光前绝后,0.5555555555555556,positive,0.5555555555555556
光前裕后,1.0,positive,1.0
光华,0.7777777777777778,positive,0.7777777777777778
光华夺目,0.7777777777777778,positive,0.7777777777777778
光可鉴人,0.3333333333333333,positive,0.3333333333333333
光复,0.3333333333333333,positive,0.3333333333333333
光复旧物,0.7777777777777778,positive,0.7777777777777778
光大,0.6666666666666666,positive,0.6666666666666666
光天化日,0.5555555555555556,positive,0.5555555555555556
光宗耀祖,0.7777777777777778,positive,0.7777777777777778
光彩,0.5555555555555556,positive,0.5555555555555556
光彩夺目,0.5555555555555556,positive,0.5555555555555556
光彩射人,0.5555555555555556,positive,0.5555555555555556
光彩溢目,0.5555555555555556,positive,0.5555555555555556
光彩炫目,0.3333333333333333,positive,0.3333333333333333
光彩耀日,0.5555555555555556,positive,0.5555555555555556
光彩耀目,0.5555555555555556,positive,0.5555555555555556
光彩陆离,0.5555555555555556,positive,0.5555555555555556
光明正大,1.0,positive,1.0
光明磊落,0.7777777777777778,positive,0.7777777777777778
光泽,0.3333333333333333,positive,0.3333333333333333
光洁,0.3333333333333333,positive,0.3333333333333333
光润,0.5555555555555556,positive,0.5555555555555556
光溜,0.5555555555555556,positive,0.5555555555555556
光滑,0.3333333333333333,positive,0.3333333333333333
光灿,0.1111111111111111,positive,0.1111111111111111
光灿夺目,0.7777777777777778,positive,0.7777777777777778
光灿灿,0.1111111111111111,positive,0.1111111111111111
光焰万丈,0.7777777777777778,positive,0.7777777777777778
光耀,0.7777777777777778,positive,0.7777777777777778
光艳,1.0,positive,1.0
光芒,0.3333333333333333,positive,0.3333333333333333
光芒万丈,0.3333333333333333,positive,0.3333333333333333
光芒四射,0.5555555555555556,positive,0.5555555555555556
光荣,0.7777777777777778,positive,0.7777777777777778
光荣榜,0.7777777777777778,positive,0.7777777777777778
光车骏马,0.5555555555555556,positive,0.5555555555555556
光辉,0.7777777777777778,positive,0.7777777777777778
光采夺目,0.7777777777777778,positive,0.7777777777777778
光风霁月,1.0,positive,1.0
光鲜,0.1111111111111111,positive,0.1111111111111111
克勤克俭,0.5555555555555556,positive,0.5555555555555556
克尽厥职,0.7777777777777778,positive,0.7777777777777778
克己奉公,0.7777777777777778,positive,0.7777777777777778
克敌制胜,0.5555555555555556,positive,0.5555555555555556
克爱克威,0.5555555555555556,positive,0.5555555555555556
克绍箕裘,0.3333333333333333,positive,0.3333333333333333
克肩一心,0.5555555555555556,positive,0.5555555555555556
克逮克容,0.5555555555555556,positive,0.5555555555555556
兔走鹘落,0.7777777777777778,positive,0.7777777777777778
兔起凫举,0.7777777777777778,positive,0.7777777777777778
兔起鹘落,0.7777777777777778,positive,0.7777777777777778
党坚势盛,0.5555555555555556,positive,0.5555555555555556
兢兢业业,0.7777777777777778,positive,0.7777777777777778
兢兢乾乾,0.5555555555555556,positive,0.5555555555555556
入乡随俗,0.3333333333333333,positive,0.3333333333333333
入味,0.3333333333333333,positive,0.3333333333333333
入圣超凡,0.5555555555555556,positive,0.5555555555555556
入境问禁，入国问俗,0.5555555555555556,positive,0.5555555555555556
入孝出弟,0.5555555555555556,positive,0.5555555555555556
入孝出悌,0.5555555555555556,positive,0.5555555555555556
入定,0.5555555555555556,positive,0.5555555555555556
入室升堂,0.7777777777777778,positive,0.7777777777777778
入室弟子,0.3333333333333333,positive,0.3333333333333333
入室昇堂,0.5555555555555556,positive,0.5555555555555556
入微,0.7777777777777778,positive,0.7777777777777778
入文出武,0.5555555555555556,positive,0.5555555555555556
入时,0.7777777777777778,positive,0.7777777777777778
入木三分,0.7777777777777778,positive,0.7777777777777778
入火赴汤,0.5555555555555556,positive,0.5555555555555556
入理切情,0.5555555555555556,positive,0.5555555555555556
入画,0.5555555555555556,positive,0.5555555555555556
入眼,0.3333333333333333,positive,0.3333333333333333
入结家足,0.3333333333333333,positive,0.3333333333333333
入耳,0.3333333333333333,positive,0.3333333333333333
入选,0.7777777777777778,positive,0.7777777777777778
入阁登坛,0.5555555555555556,positive,0.5555555555555556
入骨,1.0,positive,1.0
全优,0.3333333333333333,positive,0.3333333333333333
全力以赴,0.5555555555555556,positive,0.5555555555555556
全始全终,0.5555555555555556,positive,0.5555555555555556
全心全意,0.7777777777777778,positive,0.7777777777777778
全才,0.7777777777777778,positive,0.7777777777777778
全新,0.5555555555555556,positive,0.5555555555555556
全智全能,0.8888888888888888,positive,0.8888888888888888
全盘托出,0.8888888888888888,positive,0.8888888888888888
全盛,0.5555555555555556,positive,0.5555555555555556
全知全能,0.7777777777777778,positive,0.7777777777777778
全神贯注,0.7777777777777778,positive,0.7777777777777778
全胜,0.5555555555555556,positive,0.5555555555555556
全能全智,0.8888888888888888,positive,0.8888888888888888
全面,0.5555555555555556,positive,0.5555555555555556
八仙过海，各显神通,0.3333333333333333,positive,0.3333333333333333
八公山上，草木皆兵,0.5555555555555556,positive,0.5555555555555556
八字打开,0.3333333333333333,positive,0.3333333333333333
八斗之才,0.7777777777777778,positive,0.7777777777777778
八斗才,0.5555555555555556,positive,0.5555555555555556
八方呼应,0.1111111111111111,positive,0.1111111111111111
八珍玉食,0.5555555555555556,positive,0.5555555555555556
八窗玲珑,0.7777777777777778,positive,0.7777777777777778
八街九陌,0.5555555555555556,positive,0.5555555555555556
八错,0.3333333333333333,positive,0.3333333333333333
八面受敌,0.5555555555555556,positive,0.5555555555555556
八面威风,0.7777777777777778,positive,0.7777777777777778
八面张罗,0.5555555555555556,positive,0.5555555555555556
八面莹澈,0.5555555555555556,positive,0.5555555555555556
公买公卖,0.5555555555555556,positive,0.5555555555555556
公事公办,0.3333333333333333,positive,0.3333333333333333
公仆,0.3333333333333333,positive,0.3333333333333333
公允,0.5555555555555556,positive,0.5555555555555556
公尔忘私,1.0,positive,1.0
公平,0.5555555555555556,positive,0.5555555555555556
公平交易,0.3333333333333333,positive,0.3333333333333333
公平合理,0.5555555555555556,positive,0.5555555555555556
公平无私,0.7777777777777778,positive,0.7777777777777778
公平正直,0.5555555555555556,positive,0.5555555555555556
公心,0.5555555555555556,positive,0.5555555555555556
公忠体国,1.0,positive,1.0
公才公望,0.7777777777777778,positive,0.7777777777777778
公明正大,0.5555555555555556,positive,0.5555555555555556
公正,0.5555555555555556,positive,0.5555555555555556
公正不阿,0.7777777777777778,positive,0.7777777777777778
公正客观,0.3333333333333333,positive,0.3333333333333333
公正廉洁,0.7777777777777778,positive,0.7777777777777778
公正无私,0.5555555555555556,positive,0.5555555555555556
公直,0.5555555555555556,positive,0.5555555555555556
公私两利,0.3333333333333333,positive,0.3333333333333333
公私两济,0.5555555555555556,positive,0.5555555555555556
公而忘私,0.5555555555555556,positive,0.5555555555555556
公耳忘私,0.7777777777777778,positive,0.7777777777777778
公认,0.7777777777777778,positive,0.7777777777777778
公论,1.0,positive,1.0
公评,0.5555555555555556,positive,0.5555555555555556
公诸同好,0.1111111111111111,positive,0.1111111111111111
公道,0.7777777777777778,positive,0.7777777777777778
公道合理,0.5555555555555556,positive,0.5555555555555556
公门桃李　,0.5555555555555556,positive,0.5555555555555556
六出奇计,0.7777777777777778,positive,0.7777777777777778
六根清净,1.0,positive,1.0
六畜不安,0.7777777777777778,positive,0.7777777777777778
六畜兴旺,0.7777777777777778,positive,0.7777777777777778
六臂三头,0.7777777777777778,positive,0.7777777777777778
六街三市,0.5555555555555556,positive,0.5555555555555556
六街三陌,0.5555555555555556,positive,0.5555555555555556
六通四辟,0.3333333333333333,positive,0.3333333333333333
六通四达,0.1111111111111111,positive,0.1111111111111111
六问三推,0.1111111111111111,positive,0.1111111111111111
六韬三略,0.5555555555555556,positive,0.5555555555555556
六马仰秣,1.0,positive,1.0
共挽鹿车,0.7777777777777778,positive,0.7777777777777778
共贯同条,0.7777777777777778,positive,0.7777777777777778
关切,0.1111111111111111,positive,0.1111111111111111
关怀备至,0.7777777777777778,positive,0.7777777777777778
关爱,0.5555555555555556,positive,0.5555555555555556
关门打狗,0.5555555555555556,positive,0.5555555555555556
兴会淋漓,1.0,positive,1.0
兴冲冲,0.5555555555555556,positive,0.5555555555555556
兴利除弊,1.0,positive,1.0
兴文偃武,0.3333333333333333,positive,0.3333333333333333
兴旺,0.5555555555555556,positive,0.5555555555555556
兴盛,0.5555555555555556,positive,0.5555555555555556
兴腾,0.5555555555555556,positive,0.5555555555555556
兴致勃勃,0.5555555555555556,positive,0.5555555555555556
兴致淋漓,1.0,positive,1.0
兴邦立国,1.0,positive,1.0
兴隆,0.5555555555555556,positive,0.5555555555555556
兴高彩烈,1.0,positive,1.0
兴高采烈,0.7777777777777778,positive,0.7777777777777778
兵不血刃,0.5555555555555556,positive,0.5555555555555556
兵强则灭,0.5555555555555556,positive,0.5555555555555556
兵强将勇,0.5555555555555556,positive,0.5555555555555556
兵无血刃,0.5555555555555556,positive,0.5555555555555556
兵未血刃,0.5555555555555556,positive,0.5555555555555556
兵来将当，水来土掩,0.5555555555555556,positive,0.5555555555555556
兵精粮足,0.5555555555555556,positive,0.5555555555555556
兵舰,0.5555555555555556,positive,0.5555555555555556
兵藏武库，马入华山,0.5555555555555556,positive,0.5555555555555556
兵销革偃,0.5555555555555556,positive,0.5555555555555556
其乐无穷,0.3333333333333333,positive,0.3333333333333333
其乐融融,0.5555555555555556,positive,0.5555555555555556
其应如响,0.3333333333333333,positive,0.3333333333333333
其应若响,0.5555555555555556,positive,0.5555555555555556
具有历史意义,1.0,positive,1.0
具有压倒性优势,0.7777777777777778,positive,0.7777777777777778
具有吸引力,0.3333333333333333,positive,0.3333333333333333
典范,0.7777777777777778,positive,0.7777777777777778
典要,0.5555555555555556,positive,0.5555555555555556
典重,0.5555555555555556,positive,0.5555555555555556
典雅,0.5555555555555556,positive,0.5555555555555556
兹事体大,0.5555555555555556,positive,0.5555555555555556
养晦韬光,1.0,positive,1.0
养生送死,0.5555555555555556,positive,0.5555555555555556
兼人,1.0,positive,1.0
兼人之勇,0.7777777777777778,positive,0.7777777777777778
兼优,0.5555555555555556,positive,0.5555555555555556
兼功自厉,0.7777777777777778,positive,0.7777777777777778
兼善天下,0.7777777777777778,positive,0.7777777777777778
兼备,0.5555555555555556,positive,0.5555555555555556
兼容并包,0.7777777777777778,positive,0.7777777777777778
兼权熟计,0.3333333333333333,positive,0.3333333333333333
兼爱,0.3333333333333333,positive,0.3333333333333333
兼爱无私,0.5555555555555556,positive,0.5555555555555556
兼覆无遗,0.7777777777777778,positive,0.7777777777777778
兼资文武,0.7777777777777778,positive,0.7777777777777778
兼顾,0.1111111111111111,positive,0.1111111111111111
冀望,0.5555555555555556,positive,0.5555555555555556
内峻外和,0.5555555555555556,positive,0.5555555555555556
内敛,0.1111111111111111,positive,0.1111111111111111
内省不疚,0.5555555555555556,positive,0.5555555555555556
内行,0.5555555555555556,positive,0.5555555555555556
冉冉,0.1111111111111111,positive,0.1111111111111111
再作冯妇,0.5555555555555556,positive,0.5555555555555556
再接再厉,0.3333333333333333,positive,0.3333333333333333
再生之德,0.7777777777777778,positive,0.7777777777777778
再生父母,0.7777777777777778,positive,0.7777777777777778
再造,1.0,positive,1.0
再造之思,0.7777777777777778,positive,0.7777777777777778
再造之恩,0.7777777777777778,positive,0.7777777777777778
冗官,0.5555555555555556,positive,0.5555555555555556
写意,0.5555555555555556,positive,0.5555555555555556
军不血刃,0.5555555555555556,positive,0.5555555555555556
冠山戴粒,0.5555555555555556,positive,0.5555555555555556
冠绝一时,0.7777777777777778,positive,0.7777777777777778
冬日可爱,0.5555555555555556,positive,0.5555555555555556
冬温夏凊,0.7777777777777778,positive,0.7777777777777778
冬温夏清,0.5555555555555556,positive,0.5555555555555556
冰壶秋月,0.7777777777777778,positive,0.7777777777777778
冰壸秋月,0.5555555555555556,positive,0.5555555555555556
冰寒于水,0.5555555555555556,positive,0.5555555555555556
冰寒於水,0.5555555555555556,positive,0.5555555555555556
冰心,0.5555555555555556,positive,0.5555555555555556
冰洁渊清,0.5555555555555556,positive,0.5555555555555556
冰洁玉清,0.5555555555555556,positive,0.5555555555555556
冰清玉洁,0.5555555555555556,positive,0.5555555555555556
冰清玉润,0.5555555555555556,positive,0.5555555555555556
冰清玉粹,0.5555555555555556,positive,0.5555555555555556
冰肌玉骨,0.5555555555555556,positive,0.5555555555555556
冰释,0.3333333333333333,positive,0.3333333333333333
冰雪聪明,1.0,positive,1.0
冰魂素魄,0.5555555555555556,positive,0.5555555555555556
冲坚毁锐,0.5555555555555556,positive,0.5555555555555556
冲锋陷阵,0.3333333333333333,positive,0.3333333333333333
冲霄,0.3333333333333333,positive,0.3333333333333333
决命争首,0.3333333333333333,positive,0.3333333333333333
决断如流,0.7777777777777778,positive,0.7777777777777778
决胜千里,0.7777777777777778,positive,0.7777777777777778
冶叶倡条,1.0,positive,1.0
冷嘲热骂,0.7777777777777778,positive,0.7777777777777778
冷心冷面,0.1111111111111111,positive,0.1111111111111111
冷静,0.5555555555555556,positive,0.5555555555555556
冻浦鱼惊,1.0,positive,1.0
冻解冰释,0.5555555555555556,positive,0.5555555555555556
净化,0.1111111111111111,positive,0.1111111111111111
准予,0.7777777777777778,positive,0.7777777777777778
准儿,0.3333333333333333,positive,0.3333333333333333
准将,0.5555555555555556,positive,0.5555555555555556
准时,0.3333333333333333,positive,0.3333333333333333
准点,0.3333333333333333,positive,0.3333333333333333
准确,0.5555555555555556,positive,0.5555555555555556
准确无误,0.5555555555555556,positive,0.5555555555555556
准绳,0.5555555555555556,positive,0.5555555555555556
准谱儿,0.8888888888888888,positive,0.8888888888888888
凉丝丝,0.1111111111111111,positive,0.1111111111111111
凉快,0.3333333333333333,positive,0.3333333333333333
凛凛,0.7777777777777778,positive,0.7777777777777778
凛然,0.7777777777777778,positive,0.7777777777777778
凝脂点漆,0.5555555555555556,positive,0.5555555555555556
凡事预则立，不预则废,0.3333333333333333,positive,0.3333333333333333
凤仪兽舞,1.0,positive,1.0
凤冠霞帔,0.1111111111111111,positive,0.1111111111111111
凤凰于飞,0.5555555555555556,positive,0.5555555555555556
凤凰来仪,0.5555555555555556,positive,0.5555555555555556
凤叹虎视,1.0,positive,1.0
凤吟鸾吹,1.0,positive,1.0
凤引九雏,0.5555555555555556,positive,0.5555555555555556
凤歌鸾舞,1.0,positive,1.0
凤毛济美,0.5555555555555556,positive,0.5555555555555556
凤毛麟角,0.7777777777777778,positive,0.7777777777777778
凤毛龙甲,0.7777777777777778,positive,0.7777777777777778
凤皇来仪,0.5555555555555556,positive,0.5555555555555556
凤翥鸾回,1.0,positive,1.0
凤翥鹏翔,1.0,positive,1.0
凤翥龙翔,0.7777777777777778,positive,0.7777777777777778
凤翥龙蟠,1.0,positive,1.0
凤翥龙骧,1.0,positive,1.0
凤臆龙鬐,1.0,positive,1.0
凤舞鸾歌,0.7777777777777778,positive,0.7777777777777778
凤舞龙蟠,0.7777777777777778,positive,0.7777777777777778
凤舞龙飞,0.7777777777777778,positive,0.7777777777777778
凤表龙姿,1.0,positive,1.0
凤采鸾章,0.7777777777777778,positive,0.7777777777777778
凤靡鸾吪,0.7777777777777778,positive,0.7777777777777778
凤骨龙姿,1.0,positive,1.0
凤髓龙肝,1.0,positive,1.0
凤鸣朝阳,0.5555555555555556,positive,0.5555555555555556
凤鸣鹤唳,0.7777777777777778,positive,0.7777777777777778
凫趋雀跃,0.7777777777777778,positive,0.7777777777777778
凯旋,0.5555555555555556,positive,0.5555555555555556
凯歌,0.5555555555555556,positive,0.5555555555555556
出人头地,0.3333333333333333,positive,0.3333333333333333
出以公心,0.5555555555555556,positive,0.5555555555555556
出众,0.7777777777777778,positive,0.7777777777777778
出其不意,0.5555555555555556,positive,0.5555555555555556
出凡入圣,1.0,positive,1.0
出口不凡,0.5555555555555556,positive,0.5555555555555556
出口成章,0.7777777777777778,positive,0.7777777777777778
出奇制胜,0.5555555555555556,positive,0.5555555555555556
出将入相,0.5555555555555556,positive,0.5555555555555556
出尖,0.3333333333333333,positive,0.3333333333333333
出尘,0.7777777777777778,positive,0.7777777777777778
出息,0.5555555555555556,positive,0.5555555555555556
出手不凡,0.5555555555555556,positive,0.5555555555555556
出手得卢,0.5555555555555556,positive,0.5555555555555556
出水芙蓉,0.5555555555555556,positive,0.5555555555555556
出生入死,1.0,positive,1.0
出神入化,1.0,positive,1.0
出类拔萃,1.0,positive,1.0
出色,0.5555555555555556,positive,0.5555555555555556
出蓝,0.5555555555555556,positive,0.5555555555555556
出身名门,0.1111111111111111,positive,0.1111111111111111
出身高贵,0.1111111111111111,positive,0.1111111111111111
击壤而歌,0.5555555555555556,positive,0.5555555555555556
击壤鼓腹,0.5555555555555556,positive,0.5555555555555556
击楫中流,0.7777777777777778,positive,0.7777777777777778
击碎唾壶,1.0,positive,1.0
击节称赏　,0.5555555555555556,positive,0.5555555555555556
击赏,1.0,positive,1.0
击钵催诗,0.5555555555555556,positive,0.5555555555555556
函盖乾坤,0.7777777777777778,positive,0.7777777777777778
函盖充周,0.5555555555555556,positive,0.5555555555555556
凿壁偷光,0.3333333333333333,positive,0.3333333333333333
凿饮耕食,0.5555555555555556,positive,0.5555555555555556
刀头燕尾,0.5555555555555556,positive,0.5555555555555556
刀枪入库，马放南山,0.3333333333333333,positive,0.3333333333333333
刁钻促搯,0.5555555555555556,positive,0.5555555555555556
刁钻促狭,0.5555555555555556,positive,0.5555555555555556
刃迎缕解,0.5555555555555556,positive,0.5555555555555556
分丝析缕,0.5555555555555556,positive,0.5555555555555556
分劳赴功,0.5555555555555556,positive,0.5555555555555556
分外夺目,0.5555555555555556,positive,0.5555555555555556
分外妖娆,0.7777777777777778,positive,0.7777777777777778
分文不取,0.1111111111111111,positive,0.1111111111111111
分条析理,0.5555555555555556,positive,0.5555555555555556
分毫不差,0.3333333333333333,positive,0.3333333333333333
分毫析厘,0.3333333333333333,positive,0.3333333333333333
分毫析釐,0.7777777777777778,positive,0.7777777777777778
分甘共苦,0.5555555555555556,positive,0.5555555555555556
分秒必争,0.5555555555555556,positive,0.5555555555555556
分花拂柳,0.7777777777777778,positive,0.7777777777777778
分花约柳,0.7777777777777778,positive,0.7777777777777778
分贫振穷,0.5555555555555556,positive,0.5555555555555556
切中,0.5555555555555556,positive,0.5555555555555556
切中时弊,0.3333333333333333,positive,0.3333333333333333
切合,0.5555555555555556,positive,0.5555555555555556
切实,0.5555555555555556,positive,0.5555555555555556
切当,0.5555555555555556,positive,0.5555555555555556
切理会心,0.5555555555555556,positive,0.5555555555555556
切理厌心,0.5555555555555556,positive,0.5555555555555556
切理餍心,0.5555555555555556,positive,0.5555555555555556
切磋,0.5555555555555556,positive,0.5555555555555556
切近,0.1111111111111111,positive,0.1111111111111111
刊心刻骨,0.5555555555555556,positive,0.5555555555555556
刑于之化,0.5555555555555556,positive,0.5555555555555556
划一,0.1111111111111111,positive,0.1111111111111111
划时代,1.0,positive,1.0
列功覆过,0.7777777777777778,positive,0.7777777777777778
列土分茅,0.7777777777777778,positive,0.7777777777777778
刘毅答诏,0.5555555555555556,positive,0.5555555555555556
刚健,0.5555555555555556,positive,0.5555555555555556
刚克柔克,0.1111111111111111,positive,0.1111111111111111
刚决,0.5555555555555556,positive,0.5555555555555556
刚劲,0.5555555555555556,positive,0.5555555555555556
刚勇,0.5555555555555556,positive,0.5555555555555556
刚强,0.5555555555555556,positive,0.5555555555555556
刚性,0.3333333333333333,positive,0.3333333333333333
刚正,0.5555555555555556,positive,0.5555555555555556
刚正不阿,0.5555555555555556,positive,0.5555555555555556
刚毅,0.5555555555555556,positive,0.5555555555555556
刚毅不讷,0.7777777777777778,positive,0.7777777777777778
刚毅木讷,0.5555555555555556,positive,0.5555555555555556
刚气,0.5555555555555556,positive,0.5555555555555556
刚烈,0.5555555555555556,positive,0.5555555555555556
刚直,0.5555555555555556,positive,0.5555555555555556
刚直不阿,0.5555555555555556,positive,0.5555555555555556
刚肠嫉恶,0.3333333333333333,positive,0.3333333333333333
刚韧,0.5555555555555556,positive,0.5555555555555556
创业,0.3333333333333333,positive,0.3333333333333333
创业垂统,0.7777777777777778,positive,0.7777777777777778
创举,0.5555555555555556,positive,0.5555555555555556
创意,0.3333333333333333,positive,0.3333333333333333
创新,0.5555555555555556,positive,0.5555555555555556
创见,0.5555555555555556,positive,0.5555555555555556
创议,0.1111111111111111,positive,0.1111111111111111
创造力,0.3333333333333333,positive,0.3333333333333333
初写黄庭,0.3333333333333333,positive,0.3333333333333333
初生之犊不怕虎,0.7777777777777778,positive,0.7777777777777778
初生牛犊,0.3333333333333333,positive,0.3333333333333333
初生牛犊般,0.3333333333333333,positive,0.3333333333333333
初露锋芒,0.5555555555555556,positive,0.5555555555555556
删华就素,0.5555555555555556,positive,0.5555555555555556
删繁就简,0.5555555555555556,positive,0.5555555555555556
判断正确,0.3333333333333333,positive,0.3333333333333333
利喙赡辞,0.7777777777777778,positive,0.7777777777777778
利害,0.5555555555555556,positive,0.5555555555555556
利息秋毫,0.1111111111111111,positive,0.1111111111111111
利索,0.3333333333333333,positive,0.3333333333333333
利齿能牙,0.7777777777777778,positive,0.7777777777777778
别具一格,0.7777777777777778,positive,0.7777777777777778
别具匠心,0.7777777777777778,positive,0.7777777777777778
别具只眼,0.5555555555555556,positive,0.5555555555555556
别具手眼,0.5555555555555556,positive,0.5555555555555556
别出心裁,0.5555555555555556,positive,0.5555555555555556
别出机杼,0.5555555555555556,positive,0.5555555555555556
别创一格,0.5555555555555556,positive,0.5555555555555556
别开一格,0.5555555555555556,positive,0.5555555555555556
别开生面,0.5555555555555556,positive,0.5555555555555556
别开蹊径,0.5555555555555556,positive,0.5555555555555556
别才,0.5555555555555556,positive,0.5555555555555556
别提,0.5555555555555556,positive,0.5555555555555556
别有天地,0.5555555555555556,positive,0.5555555555555556
别有见地,0.5555555555555556,positive,0.5555555555555556
别有风味,0.5555555555555556,positive,0.5555555555555556
别树一帜,0.7777777777777778,positive,0.7777777777777778
别树一旗,0.5555555555555556,positive,0.5555555555555556
别致,0.5555555555555556,positive,0.5555555555555556
别趣,0.3333333333333333,positive,0.3333333333333333
刮目相待,0.7777777777777778,positive,0.7777777777777778
刮目相看,0.5555555555555556,positive,0.5555555555555556
刮目相见,0.7777777777777778,positive,0.7777777777777778
刮肠洗胃,0.1111111111111111,positive,0.1111111111111111
到家,0.7777777777777778,positive,0.7777777777777778
刳心雕肾,1.0,positive,1.0
刳精鉥心,0.3333333333333333,positive,0.3333333333333333
刳肝沥胆,0.7777777777777778,positive,0.7777777777777778
制胜,0.5555555555555556,positive,0.5555555555555556
刻苦,0.5555555555555556,positive,0.5555555555555556
刻雾裁风,0.5555555555555556,positive,0.5555555555555556
刻骨镂心,0.3333333333333333,positive,0.3333333333333333
刿目鉥心,1.0,positive,1.0
削铁如泥,0.7777777777777778,positive,0.7777777777777778
剋己奉公,0.3333333333333333,positive,0.3333333333333333
前不见古人，后不见来者,1.0,positive,1.0
前事不忘，后事之师,0.7777777777777778,positive,0.7777777777777778
前仆后继,0.7777777777777778,positive,0.7777777777777778
前仆后踣,1.0,positive,1.0
前无古人,1.0,positive,1.0
前歌后舞,0.5555555555555556,positive,0.5555555555555556
前程万里,1.0,positive,1.0
前茅,0.5555555555555556,positive,0.5555555555555556
前贤,0.5555555555555556,positive,0.5555555555555556
前赴后继,0.7777777777777778,positive,0.7777777777777778
前驱,0.5555555555555556,positive,0.5555555555555556
剑及履及,0.5555555555555556,positive,0.5555555555555556
剑及屦及,0.5555555555555556,positive,0.5555555555555556
剑态箫心,0.5555555555555556,positive,0.5555555555555556
剑气箫心,0.5555555555555556,positive,0.5555555555555556
剑胆琴心,0.5555555555555556,positive,0.5555555555555556
剔透玲珑,0.7777777777777778,positive,0.7777777777777778
剖心坼肝,0.3333333333333333,positive,0.3333333333333333
剖心析肝,0.5555555555555556,positive,0.5555555555555556
剖心析胆,0.3333333333333333,positive,0.3333333333333333
剖析肝胆,0.3333333333333333,positive,0.3333333333333333
剖肝沥胆,0.7777777777777778,positive,0.7777777777777778
剖肝泣血,0.3333333333333333,positive,0.3333333333333333
剥极则复,0.5555555555555556,positive,0.5555555555555556
剥茧抽丝,0.5555555555555556,positive,0.5555555555555556
割肚牵肠,1.0,positive,1.0
割股之心,0.5555555555555556,positive,0.5555555555555556
剿灭,0.5555555555555556,positive,0.5555555555555556
剿除,0.5555555555555556,positive,0.5555555555555556
劈手,0.7777777777777778,positive,0.7777777777777778
劚山觅玉,0.7777777777777778,positive,0.7777777777777778
劚玉如泥,0.5555555555555556,positive,0.5555555555555556
力争上游,0.7777777777777778,positive,0.7777777777777778
力争经营,0.1111111111111111,positive,0.1111111111111111
力所能及,0.3333333333333333,positive,0.3333333333333333
力挽狂澜,0.7777777777777778,positive,0.7777777777777778
力排众议,0.1111111111111111,positive,0.1111111111111111
力疾从公,0.5555555555555556,positive,0.5555555555555556
力行,0.5555555555555556,positive,0.5555555555555556
力透纸背,0.7777777777777778,positive,0.7777777777777778
劝勉,0.5555555555555556,positive,0.5555555555555556
劝善惩恶,0.7777777777777778,positive,0.7777777777777778
劝善戒恶,0.5555555555555556,positive,0.5555555555555556
劝善黜恶,0.5555555555555556,positive,0.5555555555555556
功不可没,0.7777777777777778,positive,0.7777777777777778
功到自然成,0.7777777777777778,positive,0.7777777777777778
功力,0.3333333333333333,positive,0.3333333333333333
功力兼人,0.5555555555555556,positive,0.5555555555555556
功劳,0.3333333333333333,positive,0.3333333333333333
功勋,1.0,positive,1.0
功均天地,1.0,positive,1.0
功垂竹帛,1.0,positive,1.0
功底,0.1111111111111111,positive,0.1111111111111111
功德,1.0,positive,1.0
功德圆满,1.0,positive,1.0
功德无量,0.7777777777777778,positive,0.7777777777777778
功成不居,0.5555555555555556,positive,0.5555555555555556
功成事立,0.5555555555555556,positive,0.5555555555555556
功成名就,0.5555555555555556,positive,0.5555555555555556
功成名遂,1.0,positive,1.0
功成弗居,0.7777777777777778,positive,0.7777777777777778
功效,0.3333333333333333,positive,0.3333333333333333
功标青史,1.0,positive,1.0
功烈,0.7777777777777778,positive,0.7777777777777778
功盖天下,1.0,positive,1.0
功盖天地,1.0,positive,1.0
功碑,0.5555555555555556,positive,0.5555555555555556
功绩,0.3333333333333333,positive,0.3333333333333333
功臣,0.7777777777777778,positive,0.7777777777777778
功若丘山,1.0,positive,1.0
功薄蝉翼,0.7777777777777778,positive,0.7777777777777778
功高不赏,1.0,positive,1.0
加人一等,0.7777777777777778,positive,0.7777777777777778
加人一筹,0.7777777777777778,positive,0.7777777777777778
加官进爵,0.3333333333333333,positive,0.3333333333333333
动人,0.4444444444444444,positive,0.4444444444444444
动人心弦,0.3333333333333333,positive,0.3333333333333333
动听,0.5555555555555556,positive,0.5555555555555556
动心忍性,0.7777777777777778,positive,0.7777777777777778
动魄惊心,0.3333333333333333,positive,0.3333333333333333
助人为乐,0.5555555555555556,positive,0.5555555555555556
助兴,0.7777777777777778,positive,0.7777777777777778
助威,0.7777777777777778,positive,0.7777777777777778
助我张目,0.5555555555555556,positive,0.5555555555555556
助战,0.7777777777777778,positive,0.7777777777777778
助益,0.3333333333333333,positive,0.3333333333333333
劫富济贫,0.5555555555555556,positive,0.5555555555555556
励精图治,0.7777777777777778,positive,0.7777777777777778
劲健,0.3333333333333333,positive,0.3333333333333333
劲拔,0.3333333333333333,positive,0.3333333333333333
劲旅,0.3333333333333333,positive,0.3333333333333333
劲秀,0.3333333333333333,positive,0.3333333333333333
劳苦功高,0.7777777777777778,positive,0.7777777777777778
势不可当,0.5555555555555556,positive,0.5555555555555556
势不可挡,0.5555555555555556,positive,0.5555555555555556
势如破竹,0.7777777777777778,positive,0.7777777777777778
勃兴,0.7777777777777778,positive,0.7777777777777778
勃勃,0.3333333333333333,positive,0.3333333333333333
勃勃生机,0.3333333333333333,positive,0.3333333333333333
勃发,0.5555555555555556,positive,0.5555555555555556
勇于,0.3333333333333333,positive,0.3333333333333333
勇健,0.3333333333333333,positive,0.3333333333333333
勇冠三军,0.7777777777777778,positive,0.7777777777777778
勇决,0.7777777777777778,positive,0.7777777777777778
勇力,0.3333333333333333,positive,0.3333333333333333
勇士,0.3333333333333333,positive,0.3333333333333333
勇壮,0.3333333333333333,positive,0.3333333333333333
勇往直前,0.5555555555555556,positive,0.5555555555555556
勇悍,0.5555555555555556,positive,0.5555555555555556
勇敢者,0.3333333333333333,positive,0.3333333333333333
勇武,0.5555555555555556,positive,0.5555555555555556
勇气,0.5555555555555556,positive,0.5555555555555556
勇猛,0.5555555555555556,positive,0.5555555555555556
勇猛果敢,0.7777777777777778,positive,0.7777777777777778
勇猛直前,0.7777777777777778,positive,0.7777777777777778
勇猛精进,0.3333333333333333,positive,0.3333333333333333
勇者不惧,0.7777777777777778,positive,0.7777777777777778
勇者不慎,0.7777777777777778,positive,0.7777777777777778
勉励,0.7777777777777778,positive,0.7777777777777778
勋业,0.7777777777777778,positive,0.7777777777777778
勋劳,0.5555555555555556,positive,0.5555555555555556
勋章,0.5555555555555556,positive,0.5555555555555556
勋绩,0.5555555555555556,positive,0.5555555555555556
勤俭,0.5555555555555556,positive,0.5555555555555556
勤俭持家,0.5555555555555556,positive,0.5555555555555556
勤则不匮,0.5555555555555556,positive,0.5555555555555556
勤力,0.5555555555555556,positive,0.5555555555555556
勤劬,0.5555555555555556,positive,0.5555555555555556
勤劳,0.5555555555555556,positive,0.5555555555555556
勤勉,0.1111111111111111,positive,0.1111111111111111
勤勤,0.5555555555555556,positive,0.5555555555555556
勤勤恳恳,0.5555555555555556,positive,0.5555555555555556
勤奋,0.5555555555555556,positive,0.5555555555555556
勤奋好学,0.5555555555555556,positive,0.5555555555555556
勤学好问,0.5555555555555556,positive,0.5555555555555556
勤学苦练,0.5555555555555556,positive,0.5555555555555556
勤快,0.5555555555555556,positive,0.5555555555555556
勤恳,0.5555555555555556,positive,0.5555555555555556
勤敏,0.5555555555555556,positive,0.5555555555555556
勤朴,0.5555555555555556,positive,0.5555555555555556
勤王,0.7777777777777778,positive,0.7777777777777778
勤能补拙,0.5555555555555556,positive,0.5555555555555556
勤苦,0.5555555555555556,positive,0.5555555555555556
勤谨,0.5555555555555556,positive,0.5555555555555556
勾魂摄魄,0.1111111111111111,positive,0.1111111111111111
勿为左右袒,0.5555555555555556,positive,0.5555555555555556
匀净,0.3333333333333333,positive,0.3333333333333333
匀和,0.3333333333333333,positive,0.3333333333333333
匀妥,0.5555555555555556,positive,0.5555555555555556
匀实,0.5555555555555556,positive,0.5555555555555556
匀整,0.3333333333333333,positive,0.3333333333333333
匀称,0.5555555555555556,positive,0.5555555555555556
匀细,0.3333333333333333,positive,0.3333333333333333
匀调,0.3333333333333333,positive,0.3333333333333333
包羞忍耻,0.5555555555555556,positive,0.5555555555555556
化及豚鱼,0.7777777777777778,positive,0.7777777777777778
化境,0.7777777777777778,positive,0.7777777777777778
化日光天,0.7777777777777778,positive,0.7777777777777778
化民成俗,0.7777777777777778,positive,0.7777777777777778
化民易俗,0.5555555555555556,positive,0.5555555555555556
化育,0.5555555555555556,positive,0.5555555555555556
化腐为奇,0.7777777777777778,positive,0.7777777777777778
化腐成奇,0.7777777777777778,positive,0.7777777777777778
化险为夷,0.5555555555555556,positive,0.5555555555555556
化鸱为凤,0.5555555555555556,positive,0.5555555555555556
北宫婴儿,0.5555555555555556,positive,0.5555555555555556
北辰星拱,1.0,positive,1.0
匠心,0.7777777777777778,positive,0.7777777777777778
匠心独具,0.7777777777777778,positive,0.7777777777777778
匠心独运,0.7777777777777778,positive,0.7777777777777778
匡乱反正,0.5555555555555556,positive,0.5555555555555556
匡救,0.5555555555555556,positive,0.5555555555555556
匡救弥缝,0.5555555555555556,positive,0.5555555555555556
匡衡凿壁,0.7777777777777778,positive,0.7777777777777778
匡谬正俗,0.7777777777777778,positive,0.7777777777777778
匡鼎解颐,0.7777777777777778,positive,0.7777777777777778
匹马一麾,0.7777777777777778,positive,0.7777777777777778
匹马当先,0.3333333333333333,positive,0.3333333333333333
医圣,1.0,positive,1.0
十七勇士,0.5555555555555556,positive,0.5555555555555556
十世单传,0.5555555555555556,positive,0.5555555555555556
十世同堂,0.7777777777777778,positive,0.7777777777777778
十之八九,0.7777777777777778,positive,0.7777777777777778
十光五色,0.5555555555555556,positive,0.5555555555555556
十全,0.7777777777777778,positive,0.7777777777777778
十全十美,1.0,positive,1.0
十发十中,0.5555555555555556,positive,0.5555555555555556
十年树木，百年树人,0.7777777777777778,positive,0.7777777777777778
十年磨剑,0.5555555555555556,positive,0.5555555555555556
十年读书,0.5555555555555556,positive,0.5555555555555556
十成九稳,0.5555555555555556,positive,0.5555555555555556
十战十胜,0.7777777777777778,positive,0.7777777777777778
十拏九稳,0.5555555555555556,positive,0.5555555555555556
十拿九稳,1.0,positive,1.0
十指连心,0.7777777777777778,positive,0.7777777777777778
十日之饮　,0.7777777777777778,positive,0.7777777777777778
十日所视，十手所指,0.3333333333333333,positive,0.3333333333333333
十行俱下,0.3333333333333333,positive,0.3333333333333333
十载寒窗,0.5555555555555556,positive,0.5555555555555556
十雨五风,0.5555555555555556,positive,0.5555555555555556
十风五雨,0.5555555555555556,positive,0.5555555555555556
千万买邻,0.5555555555555556,positive,0.5555555555555556
千了百当,0.3333333333333333,positive,0.3333333333333333
千人唱，万人和,0.7777777777777778,positive,0.7777777777777778
千仓万箱,1.0,positive,1.0
千伶百俐,1.0,positive,1.0
千古不朽,1.0,positive,1.0
千古不灭,0.7777777777777778,positive,0.7777777777777778
千古独步,1.0,positive,1.0
千古绝唱,1.0,positive,1.0
千古绝调,1.0,positive,1.0
千叮万嘱,0.8888888888888888,positive,0.8888888888888888
千叮咛，万嘱咐,0.7777777777777778,positive,0.7777777777777778
千姿百态,0.7777777777777778,positive,0.7777777777777778
千娇百媚,0.3333333333333333,positive,0.3333333333333333
千岩竞秀,0.5555555555555556,positive,0.5555555555555556
千恩万谢,0.5555555555555556,positive,0.5555555555555556
千秋万古,0.5555555555555556,positive,0.5555555555555556
千秋万岁,0.5555555555555556,positive,0.5555555555555556
千秋人物,1.0,positive,1.0
千红万紫,1.0,positive,1.0
千羊之皮，不如一狐之腋,0.5555555555555556,positive,0.5555555555555556
千虑一得,0.5555555555555556,positive,0.5555555555555556
千言万语,0.7777777777777778,positive,0.7777777777777778
千载一圣,1.0,positive,1.0
千载一弹,1.0,positive,1.0
千里一曲,0.5555555555555556,positive,0.5555555555555556
千里之志,0.7777777777777778,positive,0.7777777777777778
千里之足,0.7777777777777778,positive,0.7777777777777778
千里之驹,0.7777777777777778,positive,0.7777777777777778
千里寄鹅毛,0.7777777777777778,positive,0.7777777777777778
千里眼,1.0,positive,1.0
千里神交,0.7777777777777778,positive,0.7777777777777778
千里莼羹,1.0,positive,1.0
千里送鹅毛,0.3333333333333333,positive,0.3333333333333333
千里马,0.6666666666666666,positive,0.6666666666666666
千里驹,0.6666666666666666,positive,0.6666666666666666
千里骏骨,0.7777777777777778,positive,0.7777777777777778
千里鹅毛,0.7777777777777778,positive,0.7777777777777778
千金一刻,1.0,positive,1.0
千金一壸,1.0,positive,1.0
千金一瓠,1.0,positive,1.0
千金一诺,1.0,positive,1.0
千金买骏骨,0.3333333333333333,positive,0.3333333333333333
千金买骨,1.0,positive,1.0
千金市骨,0.5555555555555556,positive,0.5555555555555556
千金敝帚,0.7777777777777778,positive,0.7777777777777778
千锤百炼,0.7777777777777778,positive,0.7777777777777778
升堂入室,0.7777777777777778,positive,0.7777777777777778
升学,0.3333333333333333,positive,0.3333333333333333
升官,0.3333333333333333,positive,0.3333333333333333
升官发财,0.5555555555555556,positive,0.5555555555555556
升格,0.3333333333333333,positive,0.3333333333333333
升级,0.3333333333333333,positive,0.3333333333333333
升迁,0.3333333333333333,positive,0.3333333333333333
升高自下,0.5555555555555556,positive,0.5555555555555556
半面不忘,0.5555555555555556,positive,0.5555555555555556
华丽,0.3333333333333333,positive,0.3333333333333333
华冠丽服,0.7777777777777778,positive,0.7777777777777778
华封三祝,0.3333333333333333,positive,0.3333333333333333
华年,0.5555555555555556,positive,0.5555555555555556
华彩,0.5555555555555556,positive,0.5555555555555556
华灯,0.3333333333333333,positive,0.3333333333333333
华章,0.7777777777777778,positive,0.7777777777777778
华美,0.5555555555555556,positive,0.5555555555555556
华艳,0.5555555555555556,positive,0.5555555555555556
协调一致,1.0,positive,1.0
卑礼厚币,0.5555555555555556,positive,0.5555555555555556
卓乎不群,0.7777777777777778,positive,0.7777777777777778
卓尔不群,0.7777777777777778,positive,0.7777777777777778
卓尔独行,0.7777777777777778,positive,0.7777777777777778
卓异,0.7777777777777778,positive,0.7777777777777778
卓拔,0.7777777777777778,positive,0.7777777777777778
卓有成效,0.7777777777777778,positive,0.7777777777777778
卓然,0.7777777777777778,positive,0.7777777777777778
卓然不群,0.7777777777777778,positive,0.7777777777777778
卓特,0.7777777777777778,positive,0.7777777777777778
卓立,0.5555555555555556,positive,0.5555555555555556
卓荦,0.7777777777777778,positive,0.7777777777777778
卓荦不羁,0.7777777777777778,positive,0.7777777777777778
卓荦超伦,1.0,positive,1.0
卓著,0.7777777777777778,positive,0.7777777777777778
卓见,0.7777777777777778,positive,0.7777777777777778
卓识,0.7777777777777778,positive,0.7777777777777778
卓越,0.7777777777777778,positive,0.7777777777777778
单刀直入,0.5555555555555556,positive,0.5555555555555556
单刀赴会,0.5555555555555556,positive,0.5555555555555556
单枪匹马,0.7777777777777778,positive,0.7777777777777778
卖履分香,1.0,positive,1.0
南州冠冕,0.7777777777777778,positive,0.7777777777777778
南金东箭,0.5555555555555556,positive,0.5555555555555556
博古,0.5555555555555556,positive,0.5555555555555556
博古通今,0.7777777777777778,positive,0.7777777777777778
博大,0.5555555555555556,positive,0.5555555555555556
博大精深,0.7777777777777778,positive,0.7777777777777778
博学,0.5555555555555556,positive,0.5555555555555556
博学多才,0.7777777777777778,positive,0.7777777777777778
博学多闻,0.5555555555555556,positive,0.5555555555555556
博施济众,1.0,positive,1.0
博洽,0.5555555555555556,positive,0.5555555555555556
博洽多闻,0.7777777777777778,positive,0.7777777777777778
博物君子,0.5555555555555556,positive,0.5555555555555556
博物洽闻,0.5555555555555556,positive,0.5555555555555556
博览,0.5555555555555556,positive,0.5555555555555556
博览五车,0.5555555555555556,positive,0.5555555555555556
博览会,0.7777777777777778,positive,0.7777777777777778
博览古今,0.7777777777777778,positive,0.7777777777777778
博识,0.5555555555555556,positive,0.5555555555555556
博达,0.5555555555555556,positive,0.5555555555555556
博采,0.5555555555555556,positive,0.5555555555555556
博闻,0.5555555555555556,positive,0.5555555555555556
博闻广识,0.5555555555555556,positive,0.5555555555555556
博闻强志,0.5555555555555556,positive,0.5555555555555556
博闻强记,0.7777777777777778,positive,0.7777777777777778
博闻强识,0.5555555555555556,positive,0.5555555555555556
博雅,0.5555555555555556,positive,0.5555555555555556
占理,0.3333333333333333,positive,0.3333333333333333
卧薪尝胆,1.0,positive,1.0
卫护,0.5555555555555556,positive,0.5555555555555556
卬头阔步,0.5555555555555556,positive,0.5555555555555556
危言危行,0.5555555555555556,positive,0.5555555555555556
危言正色,0.7777777777777778,positive,0.7777777777777778
危言覈论,0.7777777777777778,positive,0.7777777777777778
危言谠论,0.5555555555555556,positive,0.5555555555555556
危言逆耳,0.7777777777777778,positive,0.7777777777777778
危言高论,0.7777777777777778,positive,0.7777777777777778
即兴,0.5555555555555556,positive,0.5555555555555556
却金暮夜,1.0,positive,1.0
卷甲衔枚,0.3333333333333333,positive,0.3333333333333333
历世摩钝,0.5555555555555556,positive,0.5555555555555556
历久不衰,0.5555555555555556,positive,0.5555555555555556
历井扪天,1.0,positive,1.0
历史性,0.3333333333333333,positive,0.3333333333333333
历演不衰,0.5555555555555556,positive,0.5555555555555556
历精更始,0.5555555555555556,positive,0.5555555555555556
厉兵秣马,0.5555555555555556,positive,0.5555555555555556
厉精更始,1.0,positive,1.0
厉行节约,0.5555555555555556,positive,0.5555555555555556
压轴戏,0.5555555555555556,positive,0.5555555555555556
厚往薄来,0.7777777777777778,positive,0.7777777777777778
厚待,0.3333333333333333,positive,0.3333333333333333
厚德载物,0.7777777777777778,positive,0.7777777777777778
厚德载福,1.0,positive,1.0
厚恩,0.3333333333333333,positive,0.3333333333333333
厚望,0.1111111111111111,positive,0.1111111111111111
厚生利用,0.5555555555555556,positive,0.5555555555555556
厚礼,0.3333333333333333,positive,0.3333333333333333
厚谊,0.5555555555555556,positive,0.5555555555555556
厚遇,0.5555555555555556,positive,0.5555555555555556
厚道,0.5555555555555556,positive,0.5555555555555556
原始要终,0.3333333333333333,positive,0.3333333333333333
原宥,0.5555555555555556,positive,0.5555555555555556
原封不动,1.0,positive,1.0
原来,0.5555555555555556,positive,0.5555555555555556
原汁原味,0.3333333333333333,positive,0.3333333333333333
去伪存真,0.3333333333333333,positive,0.3333333333333333
去暗投明,0.7777777777777778,positive,0.7777777777777778
去邪归正,0.7777777777777778,positive,0.7777777777777778
参天两地,0.5555555555555556,positive,0.5555555555555556
参天贰地,0.5555555555555556,positive,0.5555555555555556
参拜,0.3333333333333333,positive,0.3333333333333333
又红又专,0.5555555555555556,positive,0.5555555555555556
及时雨,0.5555555555555556,positive,0.5555555555555556
及锋而试,0.3333333333333333,positive,0.3333333333333333
友于兄弟,0.1111111111111111,positive,0.1111111111111111
友人,0.7777777777777778,positive,0.7777777777777778
友善,0.5555555555555556,positive,0.5555555555555556
友好,0.3333333333333333,positive,0.3333333333333333
友情,0.5555555555555556,positive,0.5555555555555556
友爱,0.7777777777777778,positive,0.7777777777777778
友谊,0.5555555555555556,positive,0.5555555555555556
友邦,0.5555555555555556,positive,0.5555555555555556
友邻,0.5555555555555556,positive,0.5555555555555556
双喜临门,0.5555555555555556,positive,0.5555555555555556
双宿双飞,0.7777777777777778,positive,0.7777777777777778
双瞳剪水,0.3333333333333333,positive,0.3333333333333333
反听内视,0.3333333333333333,positive,0.3333333333333333
反手可得,0.7777777777777778,positive,0.7777777777777778
反朴还淳,0.5555555555555556,positive,0.5555555555555556
反正拨乱,0.7777777777777778,positive,0.7777777777777778
反正还淳,0.5555555555555556,positive,0.5555555555555556
反求诸己,0.3333333333333333,positive,0.3333333333333333
反腐倡廉,0.5555555555555556,positive,0.5555555555555556
反败为胜,0.7777777777777778,positive,0.7777777777777778
反躬自问,0.3333333333333333,positive,0.3333333333333333
反风灭火,0.5555555555555556,positive,0.5555555555555556
发人深思,0.1111111111111111,positive,0.1111111111111111
发人深省,0.3333333333333333,positive,0.3333333333333333
发噱,0.5555555555555556,positive,0.5555555555555556
发奋,0.5555555555555556,positive,0.5555555555555556
发愤,0.5555555555555556,positive,0.5555555555555556
发愤图强,0.7777777777777778,positive,0.7777777777777778
发愤忘食,0.7777777777777778,positive,0.7777777777777778
发扬,0.3333333333333333,positive,0.3333333333333333
发短心长,0.5555555555555556,positive,0.5555555555555556
发祥地,0.1111111111111111,positive,0.1111111111111111
发聋振聩,1.0,positive,1.0
发轫,0.3333333333333333,positive,0.3333333333333333
发达,0.5555555555555556,positive,0.5555555555555556
叔度陂湖,0.5555555555555556,positive,0.5555555555555556
取义成仁,0.8888888888888888,positive,0.8888888888888888
取信,0.5555555555555556,positive,0.5555555555555556
取胜,0.7777777777777778,positive,0.7777777777777778
受吃,0.3333333333333333,positive,0.3333333333333333
受听,0.3333333333333333,positive,0.3333333333333333
受宠若惊,0.5555555555555556,positive,0.5555555555555556
受看,0.3333333333333333,positive,0.3333333333333333
受过良好训练,0.1111111111111111,positive,0.1111111111111111
变古易常,0.5555555555555556,positive,0.5555555555555556
变戏法,0.5555555555555556,positive,0.5555555555555556
叠翠,0.1111111111111111,positive,0.1111111111111111
叠韵,0.7777777777777778,positive,0.7777777777777778
口吻生花,0.5555555555555556,positive,0.5555555555555556
口壅若川,0.3333333333333333,positive,0.3333333333333333
口快心直,0.1111111111111111,positive,0.1111111111111111
口服,0.1111111111111111,positive,0.1111111111111111
口服心服,0.7777777777777778,positive,0.7777777777777778
口沸目赤,0.1111111111111111,positive,0.1111111111111111
口直心快,0.7777777777777778,positive,0.7777777777777778
口碑载道,1.0,positive,1.0
口碑载道　,0.7777777777777778,positive,0.7777777777777778
口若悬河,0.5555555555555556,positive,0.5555555555555556
口角生风,0.7777777777777778,positive,0.7777777777777778
口角风情,1.0,positive,1.0
口诵心惟,0.3333333333333333,positive,0.3333333333333333
口谐辞给,0.7777777777777778,positive,0.7777777777777778
口齿伶俐,0.3333333333333333,positive,0.3333333333333333
古井无波,0.7777777777777778,positive,0.7777777777777778
古典,0.3333333333333333,positive,0.3333333333333333
古劲,0.7777777777777778,positive,0.7777777777777778
古朴,0.3333333333333333,positive,0.3333333333333333
古色古香,0.3333333333333333,positive,0.3333333333333333
古调不弹,0.3333333333333333,positive,0.3333333333333333
古貌古心,0.5555555555555556,positive,0.5555555555555556
古趣,0.5555555555555556,positive,0.5555555555555556
古道热肠,0.7777777777777778,positive,0.7777777777777778
古雅,0.5555555555555556,positive,0.5555555555555556
古香古色,0.3333333333333333,positive,0.3333333333333333
另开生面,0.1111111111111111,positive,0.1111111111111111
另眼相待,0.3333333333333333,positive,0.3333333333333333
另眼相看,0.3333333333333333,positive,0.3333333333333333
只争朝夕,0.7777777777777778,positive,0.7777777777777778
只可意会，不可言传,0.7777777777777778,positive,0.7777777777777778
叫好,0.5555555555555556,positive,0.5555555555555556
叫绝,1.0,positive,1.0
可亲,0.5555555555555556,positive,0.5555555555555556
可人,0.5555555555555556,positive,0.5555555555555556
可以信赖,0.5555555555555556,positive,0.5555555555555556
可信,0.3333333333333333,positive,0.3333333333333333
可信任,0.3333333333333333,positive,0.3333333333333333
可信赖,0.3333333333333333,positive,0.3333333333333333
可口,0.1111111111111111,positive,0.1111111111111111
可喜,0.5555555555555556,positive,0.5555555555555556
可嘉,0.5555555555555556,positive,0.5555555555555556
可圈可点,0.5555555555555556,positive,0.5555555555555556
可塑,0.3333333333333333,positive,0.3333333333333333
可心,0.5555555555555556,positive,0.5555555555555556
可心如意,0.3333333333333333,positive,0.3333333333333333
可意,0.5555555555555556,positive,0.5555555555555556
可操左券,1.0,positive,1.0
可敬,0.5555555555555556,positive,0.5555555555555556
可歌可泣,0.7777777777777778,positive,0.7777777777777778
可泣可歌,1.0,positive,1.0
可爱,0.5555555555555556,positive,0.5555555555555556
可见一斑,0.3333333333333333,positive,0.3333333333333333
可观,0.5555555555555556,positive,0.5555555555555556
可贵,0.5555555555555556,positive,0.5555555555555556
可靠,0.5555555555555556,positive,0.5555555555555556
史无前例,0.7777777777777778,positive,0.7777777777777778
史诗般,0.5555555555555556,positive,0.5555555555555556
右翦左屠,0.5555555555555556,positive,0.5555555555555556
叹为观止,0.7777777777777778,positive,0.7777777777777778
叹羡,0.3333333333333333,positive,0.3333333333333333
叹赏,0.5555555555555556,positive,0.5555555555555556
吃大户,0.5555555555555556,positive,0.5555555555555556
吃得住,0.5555555555555556,positive,0.5555555555555556
吃得开,0.3333333333333333,positive,0.3333333333333333
吃得来,0.5555555555555556,positive,0.5555555555555556
吃得消,0.5555555555555556,positive,0.5555555555555556
吃着不尽,0.5555555555555556,positive,0.5555555555555556
吃苦在前,0.7777777777777778,positive,0.7777777777777778
吃苦耐劳,0.5555555555555556,positive,0.5555555555555556
吃著不尽,0.5555555555555556,positive,0.5555555555555556
吃请,0.7777777777777778,positive,0.7777777777777778
各取所需,0.5555555555555556,positive,0.5555555555555556
各奔前程,0.5555555555555556,positive,0.5555555555555556
各得其宜,0.5555555555555556,positive,0.5555555555555556
各得其所,0.3333333333333333,positive,0.3333333333333333
各抒已见,0.7777777777777778,positive,0.7777777777777778
各显其能,0.3333333333333333,positive,0.3333333333333333
各有千秋,0.3333333333333333,positive,0.3333333333333333
各有所长,0.3333333333333333,positive,0.3333333333333333
合乎逻辑,0.1111111111111111,positive,0.1111111111111111
合口,0.3333333333333333,positive,0.3333333333333333
合口味,0.1111111111111111,positive,0.1111111111111111
合宜,0.3333333333333333,positive,0.3333333333333333
合度,0.1111111111111111,positive,0.1111111111111111
合当,0.1111111111111111,positive,0.1111111111111111
合情合理,0.5555555555555556,positive,0.5555555555555556
合情理,0.1111111111111111,positive,0.1111111111111111
合意,0.1111111111111111,positive,0.1111111111111111
合时,0.1111111111111111,positive,0.1111111111111111
合欢,0.3333333333333333,positive,0.3333333333333333
合浦珠还,0.5555555555555556,positive,0.5555555555555556
合理,0.1111111111111111,positive,0.1111111111111111
合理化,0.1111111111111111,positive,0.1111111111111111
合群,0.5555555555555556,positive,0.5555555555555556
合胃口,0.7777777777777778,positive,0.7777777777777778
合胆同心,0.5555555555555556,positive,0.5555555555555556
合衷共济,0.5555555555555556,positive,0.5555555555555556
合身,0.1111111111111111,positive,0.1111111111111111
吉人天相,0.3333333333333333,positive,0.3333333333333333
吉兆,0.7777777777777778,positive,0.7777777777777778
吉光片羽,1.0,positive,1.0
吉利,0.7777777777777778,positive,0.7777777777777778
吉庆,0.7777777777777778,positive,0.7777777777777778
吉日,0.5555555555555556,positive,0.5555555555555556
吉日良时,0.5555555555555556,positive,0.5555555555555556
吉日良辰,0.7777777777777778,positive,0.7777777777777778
吉时,1.0,positive,1.0
吉星,1.0,positive,1.0
吉期,0.7777777777777778,positive,0.7777777777777778
吉祥,1.0,positive,1.0
吉祥如意,0.5555555555555556,positive,0.5555555555555556
吉祥物,0.1111111111111111,positive,0.1111111111111111
吊死问疾,0.5555555555555556,positive,0.5555555555555556
同乐,0.5555555555555556,positive,0.5555555555555556
同仇敌忾,0.7777777777777778,positive,0.7777777777777778
同仇敌慨,0.7777777777777778,positive,0.7777777777777778
同休共戚,0.7777777777777778,positive,0.7777777777777778
同休等戚,0.7777777777777778,positive,0.7777777777777778
同力协契,0.7777777777777778,positive,0.7777777777777778
同呼吸，共命运,1.0,positive,1.0
同垂不朽,1.0,positive,1.0
同声共气,0.7777777777777778,positive,0.7777777777777778
同声同气,1.0,positive,1.0
同声相应,1.0,positive,1.0
同声相应，同气相求,0.7777777777777778,positive,0.7777777777777778
同声相求,1.0,positive,1.0
同工同酬,0.7777777777777778,positive,0.7777777777777778
同德一心,0.7777777777777778,positive,0.7777777777777778
同德协力,0.5555555555555556,positive,0.5555555555555556
同德同心,0.7777777777777778,positive,0.7777777777777778
同心一力,0.7777777777777778,positive,0.7777777777777778
同心一意,0.7777777777777778,positive,0.7777777777777778
同心僇力,0.7777777777777778,positive,0.7777777777777778
同心共济,0.7777777777777778,positive,0.7777777777777778
同心共胆,0.7777777777777778,positive,0.7777777777777778
同心协力,0.7777777777777778,positive,0.7777777777777778
同心协济,0.7777777777777778,positive,0.7777777777777778
同心叶力,0.7777777777777778,positive,0.7777777777777778
同心合力,0.7777777777777778,positive,0.7777777777777778
同心合意,0.3333333333333333,positive,0.3333333333333333
同心合胆,0.7777777777777778,positive,0.7777777777777778
同心同德,0.5555555555555556,positive,0.5555555555555556
同心并力,0.7777777777777778,positive,0.7777777777777778
同心戮力,0.7777777777777778,positive,0.7777777777777778
同心敌忾,0.7777777777777778,positive,0.7777777777777778
同心断金,0.7777777777777778,positive,0.7777777777777778
同心毕力,0.7777777777777778,positive,0.7777777777777778
同心竭力,0.7777777777777778,positive,0.7777777777777778
同忧相救,0.7777777777777778,positive,0.7777777777777778
同文共规,0.7777777777777778,positive,0.7777777777777778
同文共轨,0.7777777777777778,positive,0.7777777777777778
同明相照,1.0,positive,1.0
同条共贯,0.7777777777777778,positive,0.7777777777777778
同气连枝,0.5555555555555556,positive,0.5555555555555556
同牢之礼,0.3333333333333333,positive,0.3333333333333333
同甘共苦,0.5555555555555556,positive,0.5555555555555556
同生死，共存亡,1.0,positive,1.0
同盘而食,0.7777777777777778,positive,0.7777777777777778
同窗好友,0.3333333333333333,positive,0.3333333333333333
同舟共济,0.5555555555555556,positive,0.5555555555555556
名下无虚,0.7777777777777778,positive,0.7777777777777778
名不虚传,0.5555555555555556,positive,0.5555555555555556
名不虚得,0.6666666666666666,positive,0.6666666666666666
名不虚立,0.6666666666666666,positive,0.6666666666666666
名公巨人,0.6666666666666666,positive,0.6666666666666666
名公巨卿,0.6666666666666666,positive,0.6666666666666666
名公钜人,0.6666666666666666,positive,0.6666666666666666
名公钜卿,0.6666666666666666,positive,0.6666666666666666
名列前茅,0.7777777777777778,positive,0.7777777777777778
名列榜首,0.7777777777777778,positive,0.7777777777777778
名副其实,0.5555555555555556,positive,0.5555555555555556
名卿钜公,0.6666666666666666,positive,0.6666666666666666
名句,0.7777777777777778,positive,0.7777777777777778
名垂千古,1.0,positive,1.0
名垂竹帛,1.0,positive,1.0
名垂青史,1.0,positive,1.0
名士,0.7777777777777778,positive,0.7777777777777778
名士派,0.7777777777777778,positive,0.7777777777777778
名士风流,0.5555555555555556,positive,0.5555555555555556
名学,0.7777777777777778,positive,0.7777777777777778
名实相符,0.7777777777777778,positive,0.7777777777777778
名家,0.7777777777777778,positive,0.7777777777777778
名德重望,0.6666666666666666,positive,0.6666666666666666
名手,0.7777777777777778,positive,0.7777777777777778
名扬四海,1.0,positive,1.0
名扬天下,0.7777777777777778,positive,0.7777777777777778
名教,0.7777777777777778,positive,0.7777777777777778
名望,0.7777777777777778,positive,0.7777777777777778
名标青史,1.0,positive,1.0
名正言顺,0.3333333333333333,positive,0.3333333333333333
名气,0.7777777777777778,positive,0.7777777777777778
名流,0.7777777777777778,positive,0.7777777777777778
名流巨子,0.6666666666666666,positive,0.6666666666666666
名满天下,0.7777777777777778,positive,0.7777777777777778
名物,0.7777777777777778,positive,0.7777777777777778
名特优新,0.3333333333333333,positive,0.3333333333333333
名胜,0.7777777777777778,positive,0.7777777777777778
名节,0.7777777777777778,positive,0.7777777777777778
名著,0.7777777777777778,positive,0.7777777777777778
名言,0.5555555555555556,positive,0.5555555555555556
名誉,0.5555555555555556,positive,0.5555555555555556
名贵,0.5555555555555556,positive,0.5555555555555556
名重一时,0.5555555555555556,positive,0.5555555555555556
名门望族,0.5555555555555556,positive,0.5555555555555556
后拥前呼,0.7777777777777778,positive,0.7777777777777778
后来之秀,0.5555555555555556,positive,0.5555555555555556
后来居上,0.5555555555555556,positive,0.5555555555555556
后浪催前浪,0.5555555555555556,positive,0.5555555555555556
后浪推前浪,0.5555555555555556,positive,0.5555555555555556
后生可畏,0.5555555555555556,positive,0.5555555555555556
后盾,0.1111111111111111,positive,0.1111111111111111
后福,0.3333333333333333,positive,0.3333333333333333
后起,0.5555555555555556,positive,0.5555555555555556
后起之秀,0.3333333333333333,positive,0.3333333333333333
后进之秀,0.7777777777777778,positive,0.7777777777777778
后进领袖,1.0,positive,1.0
吐哺捉发,0.7777777777777778,positive,0.7777777777777778
吐哺握发,0.3333333333333333,positive,0.3333333333333333
吐哺辍洗,0.7777777777777778,positive,0.7777777777777778
吐属不凡,0.5555555555555556,positive,0.5555555555555556
吐心吐胆,0.7777777777777778,positive,0.7777777777777778
吐故纳新,0.7777777777777778,positive,0.7777777777777778
吐气扬眉,0.5555555555555556,positive,0.5555555555555556
吐肝露胆,0.7777777777777778,positive,0.7777777777777778
吐胆倾心,0.7777777777777778,positive,0.7777777777777778
吐食握发,0.7777777777777778,positive,0.7777777777777778
向上,0.3333333333333333,positive,0.3333333333333333
向学,0.5555555555555556,positive,0.5555555555555556
向平之愿,0.3333333333333333,positive,0.3333333333333333
向慕,0.7777777777777778,positive,0.7777777777777778
向明而治,0.7777777777777778,positive,0.7777777777777778
向若而叹,0.5555555555555556,positive,0.5555555555555556
君于一言，快马一鞭,0.6666666666666666,positive,0.6666666666666666
君圣臣贤,0.7777777777777778,positive,0.7777777777777778
君子,0.7777777777777778,positive,0.7777777777777778
君子一言,0.7777777777777778,positive,0.7777777777777778
君子一言，快马一鞭,0.7777777777777778,positive,0.7777777777777778
君子之交,0.3333333333333333,positive,0.3333333333333333
君子之交淡如水,0.7777777777777778,positive,0.7777777777777778
君子之接如水,0.7777777777777778,positive,0.7777777777777778
君子国,0.7777777777777778,positive,0.7777777777777778
君子好逑,0.5555555555555556,positive,0.5555555555555556
君子成人之美,0.3333333333333333,positive,0.3333333333333333
吞刀刮肠,0.5555555555555556,positive,0.5555555555555556
吞炭漆身,1.0,positive,1.0
吞纸抱犬,0.7777777777777778,positive,0.7777777777777778
否去泰来,0.5555555555555556,positive,0.5555555555555556
否往泰来,0.5555555555555556,positive,0.5555555555555556
否极泰回,0.5555555555555556,positive,0.5555555555555556
否极泰来,0.7777777777777778,positive,0.7777777777777778
否极阳回,0.5555555555555556,positive,0.5555555555555556
否终则泰,0.5555555555555556,positive,0.5555555555555556
含仁怀义,0.7777777777777778,positive,0.7777777777777778
含冤负屈,0.7777777777777778,positive,0.7777777777777778
含冰茹檗,0.5555555555555556,positive,0.5555555555555556
含哺鼓腹,0.7777777777777778,positive,0.7777777777777778
含商咀徵,0.5555555555555556,positive,0.5555555555555556
含垢包羞,0.7777777777777778,positive,0.7777777777777778
含垢匿瑕,0.7777777777777778,positive,0.7777777777777778
含垢忍耻,0.7777777777777778,positive,0.7777777777777778
含垢忍辱,0.5555555555555556,positive,0.5555555555555556
含垢纳汙,0.7777777777777778,positive,0.7777777777777778
含宫咀徵,0.5555555555555556,positive,0.5555555555555556
含情脉脉,0.7777777777777778,positive,0.7777777777777778
含明隐迹,0.5555555555555556,positive,0.5555555555555556
含瑕积垢,0.5555555555555556,positive,0.5555555555555556
含章天挺,0.7777777777777778,positive,0.7777777777777778
含章挺生,0.7777777777777778,positive,0.7777777777777778
含英咀华,0.3333333333333333,positive,0.3333333333333333
含蓄,0.3333333333333333,positive,0.3333333333333333
含蓼问疾,0.5555555555555556,positive,0.5555555555555556
含蕴,0.1111111111111111,positive,0.1111111111111111
含辛忍苦,0.7777777777777778,positive,0.7777777777777778
含辛茹苦,0.5555555555555556,positive,0.5555555555555556
含霜履雪,0.7777777777777778,positive,0.7777777777777778
启蒙,0.3333333333333333,positive,0.3333333333333333
启迪,0.5555555555555556,positive,0.5555555555555556
吹灰之力,1.0,positive,1.0
呈祥,0.5555555555555556,positive,0.5555555555555556
呈递,0.3333333333333333,positive,0.3333333333333333
告准,0.1111111111111111,positive,0.1111111111111111
告往知来,0.5555555555555556,positive,0.5555555555555556
告成,0.3333333333333333,positive,0.3333333333333333
告捷,0.7777777777777778,positive,0.7777777777777778
告竣,0.3333333333333333,positive,0.3333333333333333
告非,0.3333333333333333,positive,0.3333333333333333
呕心沥血,1.0,positive,1.0
呕心滴血,0.6666666666666666,positive,0.6666666666666666
呕心镂骨,0.6666666666666666,positive,0.6666666666666666
周全,0.5555555555555556,positive,0.5555555555555556
周公吐哺,0.5555555555555556,positive,0.5555555555555556
周到,0.5555555555555556,positive,0.5555555555555556
周急济贫,0.7777777777777778,positive,0.7777777777777778
周正,0.3333333333333333,positive,0.3333333333333333
周游,0.5555555555555556,positive,0.5555555555555556
周穷卹匮,0.5555555555555556,positive,0.5555555555555556
周而不比,0.5555555555555556,positive,0.5555555555555556
周详,0.5555555555555556,positive,0.5555555555555556
呱呱叫,0.5555555555555556,positive,0.5555555555555556
味道好,1.0,positive,1.0
味道鲜,0.7777777777777778,positive,0.7777777777777778
呴湿濡沫,0.7777777777777778,positive,0.7777777777777778
呵护,0.3333333333333333,positive,0.3333333333333333
呼之欲出,0.7777777777777778,positive,0.7777777777777778
呼吸相通,0.7777777777777778,positive,0.7777777777777778
命根,0.7777777777777778,positive,0.7777777777777778
命根子,0.7777777777777778,positive,0.7777777777777778
咄嗟立办,0.3333333333333333,positive,0.3333333333333333
和光同尘,0.5555555555555556,positive,0.5555555555555556
和和气气,0.5555555555555556,positive,0.5555555555555556
和和睦睦,0.3333333333333333,positive,0.3333333333333333
和善,0.5555555555555556,positive,0.5555555555555556
和婉,0.3333333333333333,positive,0.3333333333333333
和容悦色,0.5555555555555556,positive,0.5555555555555556
和平鸽,0.1111111111111111,positive,0.1111111111111111
和悦,0.1111111111111111,positive,0.1111111111111111
和易,0.3333333333333333,positive,0.3333333333333333
和暖,0.3333333333333333,positive,0.3333333333333333
和气,0.1111111111111111,positive,0.1111111111111111
和气致祥,0.5555555555555556,positive,0.5555555555555556
和洽,0.1111111111111111,positive,0.1111111111111111
和煦,0.3333333333333333,positive,0.3333333333333333
和畅,0.1111111111111111,positive,0.1111111111111111
和盘托出,0.7777777777777778,positive,0.7777777777777778
和睦,0.3333333333333333,positive,0.3333333333333333
和祥,0.7777777777777778,positive,0.7777777777777778
和美,0.7777777777777778,positive,0.7777777777777778
和而不同,0.5555555555555556,positive,0.5555555555555556
和蔼,0.5555555555555556,positive,0.5555555555555556
和蔼可亲,0.1111111111111111,positive,0.1111111111111111
和衷共济,0.5555555555555556,positive,0.5555555555555556
和解,0.1111111111111111,positive,0.1111111111111111
和调,0.1111111111111111,positive,0.1111111111111111
和谐,0.5555555555555556,positive,0.5555555555555556
和顺,0.5555555555555556,positive,0.5555555555555556
和颜悦色,0.5555555555555556,positive,0.5555555555555556
和颜说色,0.5555555555555556,positive,0.5555555555555556
和额悦色,0.3333333333333333,positive,0.3333333333333333
和风,0.7777777777777778,positive,0.7777777777777778
和风丽日,0.5555555555555556,positive,0.5555555555555556
和风细雨,0.3333333333333333,positive,0.3333333333333333
咏赞,0.7777777777777778,positive,0.7777777777777778
咫尺万里,0.5555555555555556,positive,0.5555555555555556
咳唾成珠,0.7777777777777778,positive,0.7777777777777778
咳珠唾玉,0.7777777777777778,positive,0.7777777777777778
咽苦吐甘,1.0,positive,1.0
哀丝豪竹,0.3333333333333333,positive,0.3333333333333333
哀兵必胜,0.7777777777777778,positive,0.7777777777777778
哀感顽艳,0.5555555555555556,positive,0.5555555555555556
哀而不伤,0.3333333333333333,positive,0.3333333333333333
哀艳,0.3333333333333333,positive,0.3333333333333333
品学兼优,0.7777777777777778,positive,0.7777777777777778
哂纳,0.5555555555555556,positive,0.5555555555555556
哄堂大笑,0.7777777777777778,positive,0.7777777777777778
哇哈哈,1.0,positive,1.0
哇塞,0.7777777777777778,positive,0.7777777777777778
哈哈,0.7777777777777778,positive,0.7777777777777778
响亮,0.3333333333333333,positive,0.3333333333333333
响当当,0.5555555555555556,positive,0.5555555555555556
响彻云表,0.5555555555555556,positive,0.5555555555555556
响彻云际,0.5555555555555556,positive,0.5555555555555556
响彻云霄,0.7777777777777778,positive,0.7777777777777778
哑巴拾金条－喜不可言,0.7777777777777778,positive,0.7777777777777778
哦耶,0.5555555555555556,positive,0.5555555555555556
哲人,0.5555555555555556,positive,0.5555555555555556
哺养,0.7777777777777778,positive,0.7777777777777778
唇亡齿寒,0.7777777777777778,positive,0.7777777777777778
唇齿相依,0.7777777777777778,positive,0.7777777777777778
唐虞之治,0.5555555555555556,positive,0.5555555555555556
唠嗑,0.5555555555555556,positive,0.5555555555555556
唠扯,0.5555555555555556,positive,0.5555555555555556
唯妙唯肖,1.0,positive,1.0
唾地成文,0.7777777777777778,positive,0.7777777777777778
唾手可得,1.0,positive,1.0
商彝夏鼎,0.5555555555555556,positive,0.5555555555555556
商榷,0.1111111111111111,positive,0.1111111111111111
商约,0.5555555555555556,positive,0.5555555555555556
商讨,0.1111111111111111,positive,0.1111111111111111
商议,0.3333333333333333,positive,0.3333333333333333
商酌,0.3333333333333333,positive,0.3333333333333333
啧啧称羡,0.7777777777777778,positive,0.7777777777777778
啧啧称赞,0.7777777777777778,positive,0.7777777777777778
啮血沁骨,0.8888888888888888,positive,0.8888888888888888
啸傲,0.5555555555555556,positive,0.5555555555555556
啸聚山林,0.1111111111111111,positive,0.1111111111111111
喁喁,0.7777777777777778,positive,0.7777777777777778
善举,0.5555555555555556,positive,0.5555555555555556
善事,0.3333333333333333,positive,0.3333333333333333
善于,0.3333333333333333,positive,0.3333333333333333
善人,0.5555555555555556,positive,0.5555555555555556
善后,0.1111111111111111,positive,0.1111111111111111
善善恶恶,0.5555555555555556,positive,0.5555555555555556
善处,0.3333333333333333,positive,0.3333333333333333
善始令终,0.5555555555555556,positive,0.5555555555555556
善始善终,0.5555555555555556,positive,0.5555555555555556
善心,0.5555555555555556,positive,0.5555555555555556
善感,0.1111111111111111,positive,0.1111111111111111
善战,0.1111111111111111,positive,0.1111111111111111
善有善报，恶有恶报,0.5555555555555556,positive,0.5555555555555556
善气迎人,0.1111111111111111,positive,0.1111111111111111
善男信女,0.1111111111111111,positive,0.1111111111111111
善眉善眼,0.5555555555555556,positive,0.5555555555555556
善类,0.3333333333333333,positive,0.3333333333333333
善终,0.3333333333333333,positive,0.3333333333333333
善良,0.5555555555555556,positive,0.5555555555555556
善行,0.5555555555555556,positive,0.5555555555555556
善贾而沽,0.3333333333333333,positive,0.3333333333333333
善邻,0.1111111111111111,positive,0.1111111111111111
善马熟人,0.7777777777777778,positive,0.7777777777777778
喜上眉梢,0.7777777777777778,positive,0.7777777777777778
喜不自胜,1.0,positive,1.0
喜事,0.7777777777777778,positive,0.7777777777777778
喜人,0.5555555555555556,positive,0.5555555555555556
喜从天降,0.5555555555555556,positive,0.5555555555555556
喜冲冲,0.7777777777777778,positive,0.7777777777777778
喜出望外,0.7777777777777778,positive,0.7777777777777778
喜幸,0.3333333333333333,positive,0.3333333333333333
喜庆,0.5555555555555556,positive,0.5555555555555556
喜形于色,0.5555555555555556,positive,0.5555555555555556
喜形於色,0.7777777777777778,positive,0.7777777777777778
喜怒不形于色,0.3333333333333333,positive,0.3333333333333333
喜悦,0.5555555555555556,positive,0.5555555555555556
喜报,0.5555555555555556,positive,0.5555555555555556
喜欢,0.5555555555555556,positive,0.5555555555555556
喜气,0.5555555555555556,positive,0.5555555555555556
喜气洋洋,0.7777777777777778,positive,0.7777777777777778
喜洋洋,0.5555555555555556,positive,0.5555555555555556
喜滋滋,0.7777777777777778,positive,0.7777777777777778
喜爱,0.5555555555555556,positive,0.5555555555555556
喜盈盈,0.5555555555555556,positive,0.5555555555555556
喜眉笑眼,0.5555555555555556,positive,0.5555555555555556
喜笑盈思,0.5555555555555556,positive,0.5555555555555556
喜笑盈腮,0.5555555555555556,positive,0.5555555555555556
喜笑颜开,0.5555555555555556,positive,0.5555555555555556
喜色,0.5555555555555556,positive,0.5555555555555556
喜见於色,0.7777777777777778,positive,0.7777777777777778
喜讯,0.5555555555555556,positive,0.5555555555555556
喜跃抃舞,1.0,positive,1.0
喜逐颜开,0.5555555555555556,positive,0.5555555555555556
喜闻乐见,0.5555555555555556,positive,0.5555555555555556
喝彩,0.7777777777777778,positive,0.7777777777777778
喷喷香,0.3333333333333333,positive,0.3333333333333333
喷有烦言,0.7777777777777778,positive,0.7777777777777778
喷薄欲出,1.0,positive,1.0
喷香,0.3333333333333333,positive,0.3333333333333333
嗓子好,0.5555555555555556,positive,0.5555555555555556
嗳呀呀,0.3333333333333333,positive,0.3333333333333333
嗷嗷的,0.7777777777777778,positive,0.7777777777777778
嘁哩喀喳,0.7777777777777778,positive,0.7777777777777778
嘉名,0.5555555555555556,positive,0.5555555555555556
嘉奖,1.0,positive,1.0
嘉尚,1.0,positive,1.0
嘉慰,0.7777777777777778,positive,0.7777777777777778
嘉肴,0.5555555555555556,positive,0.5555555555555556
嘉言善状,0.5555555555555556,positive,0.5555555555555556
嘉言善行,0.5555555555555556,positive,0.5555555555555556
嘉言懿行,0.7777777777777778,positive,0.7777777777777778
嘉许,0.7777777777777778,positive,0.7777777777777778
嘉酿,0.5555555555555556,positive,0.5555555555555556
嘘枯吹生,0.3333333333333333,positive,0.3333333333333333
嘱托,0.7777777777777778,positive,0.7777777777777778
嘴清舌白,0.3333333333333333,positive,0.3333333333333333
嘴紧,0.3333333333333333,positive,0.3333333333333333
嘹亮,0.3333333333333333,positive,0.3333333333333333
嘻嘻哈哈,0.7777777777777778,positive,0.7777777777777778
嘻笑,0.5555555555555556,positive,0.5555555555555556
噀玉喷珠,0.7777777777777778,positive,0.7777777777777778
噙齿戴发,0.7777777777777778,positive,0.7777777777777778
器宇,0.5555555555555556,positive,0.5555555555555556
器宇不凡,1.0,positive,1.0
器宇轩昂,1.0,positive,1.0
器识,0.5555555555555556,positive,0.5555555555555556
器重,0.5555555555555556,positive,0.5555555555555556
噩噩浑浑,0.5555555555555556,positive,0.5555555555555556
噱头,0.7777777777777778,positive,0.7777777777777778
嚼墨喷纸,0.7777777777777778,positive,0.7777777777777778
嚼铁咀金,0.3333333333333333,positive,0.3333333333333333
囊括四海,0.3333333333333333,positive,0.3333333333333333
囊茧照读,1.0,positive,1.0
囊萤映雪,0.3333333333333333,positive,0.3333333333333333
囊锥露颖,0.6666666666666666,positive,0.6666666666666666
四平八稳,0.5555555555555556,positive,0.5555555555555556
四海升平,0.5555555555555556,positive,0.5555555555555556
四海宴然,0.3333333333333333,positive,0.3333333333333333
四海承风,0.5555555555555556,positive,0.5555555555555556
四海昇平,0.5555555555555556,positive,0.5555555555555556
四海皆兄弟,0.5555555555555556,positive,0.5555555555555556
四通五达,0.5555555555555556,positive,0.5555555555555556
四通八达,0.5555555555555556,positive,0.5555555555555556
回乾就湿,0.7777777777777778,positive,0.7777777777777778
回味无穷,1.0,positive,1.0
回嗔作喜,0.5555555555555556,positive,0.5555555555555556
回天之力,1.0,positive,1.0
回天挽日,1.0,positive,1.0
回头,0.5555555555555556,positive,0.5555555555555556
回山倒海,1.0,positive,1.0
回归,0.1111111111111111,positive,0.1111111111111111
回心转意,0.5555555555555556,positive,0.5555555555555556
回文织锦,1.0,positive,1.0
回春,1.0,positive,1.0
回春妙手,0.7777777777777778,positive,0.7777777777777778
回生起死,1.0,positive,1.0
回肠伤气,0.7777777777777778,positive,0.7777777777777778
回肠荡气,0.7777777777777778,positive,0.7777777777777778
回邪入正,0.5555555555555556,positive,0.5555555555555556
因事制宜,0.5555555555555556,positive,0.5555555555555556
因人制宜,0.5555555555555556,positive,0.5555555555555556
因人成事,0.5555555555555556,positive,0.5555555555555556
因利乘便,0.3333333333333333,positive,0.3333333333333333
因势利导,0.5555555555555556,positive,0.5555555555555556
因地制宜,0.3333333333333333,positive,0.3333333333333333
因时制宜,1.0,positive,1.0
因材施教,0.5555555555555556,positive,0.5555555555555556
因祸得福,0.5555555555555556,positive,0.5555555555555556
因陋就简,0.5555555555555556,positive,0.5555555555555556
因难见巧,0.5555555555555556,positive,0.5555555555555556
因风吹火,0.5555555555555556,positive,0.5555555555555556
团体精神,0.5555555555555556,positive,0.5555555555555556
团圆,1.0,positive,1.0
团头聚面,0.7777777777777778,positive,0.7777777777777778
团队精神,0.5555555555555556,positive,0.5555555555555556
园丁,0.7777777777777778,positive,0.7777777777777778
困守,0.7777777777777778,positive,0.7777777777777778
困而学之,0.1111111111111111,positive,0.1111111111111111
困迫,0.5555555555555556,positive,0.5555555555555556
围城打援,0.7777777777777778,positive,0.7777777777777778
固若金汤,0.5555555555555556,positive,0.5555555555555556
国事,0.1111111111111111,positive,0.1111111111111111
国优,0.5555555555555556,positive,0.5555555555555556
国光,0.5555555555555556,positive,0.5555555555555556
国士无双,0.7777777777777778,positive,0.7777777777777778
国威,0.1111111111111111,positive,0.1111111111111111
国宝,0.3333333333333333,positive,0.3333333333333333
国家栋梁,0.7777777777777778,positive,0.7777777777777778
国宾,0.5555555555555556,positive,0.5555555555555556
国富兵强,0.5555555555555556,positive,0.5555555555555556
国富民安,0.5555555555555556,positive,0.5555555555555556
国富民强,0.5555555555555556,positive,0.5555555555555556
国尔忘家,1.0,positive,1.0
国手,0.5555555555555556,positive,0.5555555555555556
国故,0.1111111111111111,positive,0.1111111111111111
国是,0.1111111111111111,positive,0.1111111111111111
国术,0.1111111111111111,positive,0.1111111111111111
国泰民安,0.5555555555555556,positive,0.5555555555555556
国粹,0.5555555555555556,positive,0.5555555555555556
国而忘家,0.7777777777777778,positive,0.7777777777777778
国耳忘家,0.7777777777777778,positive,0.7777777777777778
国色天姿,0.7777777777777778,positive,0.7777777777777778
国色天香,0.7777777777777778,positive,0.7777777777777778
国花,0.1111111111111111,positive,0.1111111111111111
国魂,0.3333333333333333,positive,0.3333333333333333
图腾,1.0,positive,1.0
图腾崇拜,1.0,positive,1.0
圆全,0.5555555555555556,positive,0.5555555555555556
圆场,0.5555555555555556,positive,0.5555555555555556
圆寂,0.7777777777777778,positive,0.7777777777777778
圆木警枕,0.7777777777777778,positive,0.7777777777777778
圆浑,0.5555555555555556,positive,0.5555555555555556
圆润,1.0,positive,1.0
圆满,0.3333333333333333,positive,0.3333333333333333
圆熟,0.5555555555555556,positive,0.5555555555555556
圆通,0.5555555555555556,positive,0.5555555555555556
土阶茅茨,0.7777777777777778,positive,0.7777777777777778
圣上,0.5555555555555556,positive,0.5555555555555556
圣人,1.0,positive,1.0
圣地,0.3333333333333333,positive,0.3333333333333333
圣手,0.3333333333333333,positive,0.3333333333333333
圣明,1.0,positive,1.0
圣洁,0.5555555555555556,positive,0.5555555555555556
圣贤,0.7777777777777778,positive,0.7777777777777778
在望,0.7777777777777778,positive,0.7777777777777778
在理,0.3333333333333333,positive,0.3333333333333333
在行,0.7777777777777778,positive,0.7777777777777778
圭角岸然,0.7777777777777778,positive,0.7777777777777778
圭谬,0.7777777777777778,positive,0.7777777777777778
地下党,0.7777777777777778,positive,0.7777777777777778
地主之谊,0.5555555555555556,positive,0.5555555555555556
地久天长,0.7777777777777778,positive,0.7777777777777778
地利,0.3333333333333333,positive,0.3333333333333333
地利人和,0.5555555555555556,positive,0.5555555555555556
地大物博,1.0,positive,1.0
地平天成,0.7777777777777778,positive,0.7777777777777778
地望,0.3333333333333333,positive,0.3333333333333333
地灵人杰,0.5555555555555556,positive,0.5555555555555556
地老天荒,0.7777777777777778,positive,0.7777777777777778
坐上琴心,0.5555555555555556,positive,0.5555555555555556
坐不垂堂,0.1111111111111111,positive,0.1111111111111111
坐不窥堂,0.3333333333333333,positive,0.3333333333333333
坐不重席,0.7777777777777778,positive,0.7777777777777778
坐以待旦,0.5555555555555556,positive,0.5555555555555556
坐卧不离,0.7777777777777778,positive,0.7777777777777778
坐怀不乱,0.5555555555555556,positive,0.5555555555555556
坐拥书城,0.7777777777777778,positive,0.7777777777777778
坐拥百城,0.7777777777777778,positive,0.7777777777777778
坐无虚席,0.7777777777777778,positive,0.7777777777777778
坐树不言,0.7777777777777778,positive,0.7777777777777778
坐树无言,0.5555555555555556,positive,0.5555555555555556
坐筹帷幄,0.7777777777777778,positive,0.7777777777777778
坐薪尝胆,0.7777777777777778,positive,0.7777777777777778
坐薪悬胆,0.7777777777777778,positive,0.7777777777777778
坐言起行,0.5555555555555556,positive,0.5555555555555556
坐运筹策,0.7777777777777778,positive,0.7777777777777778
坚决,0.3333333333333333,positive,0.3333333333333333
坚劲,0.7777777777777778,positive,0.7777777777777778
坚固,0.3333333333333333,positive,0.3333333333333333
坚固耐用,0.5555555555555556,positive,0.5555555555555556
坚壁,0.1111111111111111,positive,0.1111111111111111
坚如磐石,0.5555555555555556,positive,0.5555555555555556
坚守,0.7777777777777778,positive,0.7777777777777778
坚定,0.5555555555555556,positive,0.5555555555555556
坚定不移,0.5555555555555556,positive,0.5555555555555556
坚强,0.5555555555555556,positive,0.5555555555555556
坚强不屈,0.5555555555555556,positive,0.5555555555555556
坚心守志,0.3333333333333333,positive,0.3333333333333333
坚忍,0.5555555555555556,positive,0.5555555555555556
坚忍不拔,0.7777777777777778,positive,0.7777777777777778
坚持不懈,0.5555555555555556,positive,0.5555555555555556
坚持不渝,0.3333333333333333,positive,0.3333333333333333
坚挺,0.5555555555555556,positive,0.5555555555555556
坚甲利兵,0.5555555555555556,positive,0.5555555555555556
坚确,0.5555555555555556,positive,0.5555555555555556
坚致,0.3333333333333333,positive,0.3333333333333333
坚苦卓绝,0.7777777777777778,positive,0.7777777777777778
坚贞,0.5555555555555556,positive,0.5555555555555556
坚贞不屈,0.7777777777777778,positive,0.7777777777777778
坚贞不渝,0.7777777777777778,positive,0.7777777777777778
坚韧,0.5555555555555556,positive,0.5555555555555556
坚韧不拔,0.7777777777777778,positive,0.7777777777777778
坠落,0.7777777777777778,positive,0.7777777777777778
坦坦荡荡,1.0,positive,1.0
坦然自若,1.0,positive,1.0
坦率,0.5555555555555556,positive,0.5555555555555556
坦白,0.5555555555555556,positive,0.5555555555555556
坦荡,0.7777777777777778,positive,0.7777777777777778
坦诚相待,1.0,positive,1.0
垂名竹帛,1.0,positive,1.0
垂手,0.5555555555555556,positive,0.5555555555555556
垂手而得,0.7777777777777778,positive,0.7777777777777778
垂盼,0.7777777777777778,positive,0.7777777777777778
垂范,0.7777777777777778,positive,0.7777777777777778
垂询,0.3333333333333333,positive,0.3333333333333333
垂首过膝,0.3333333333333333,positive,0.3333333333333333
埋头苦干,0.5555555555555556,positive,0.5555555555555556
埋头苦幹,0.7777777777777778,positive,0.7777777777777778
埋轮破柱,0.7777777777777778,positive,0.7777777777777778
培植,0.6666666666666666,positive,0.6666666666666666
培育,0.7777777777777778,positive,0.7777777777777778
堂哉皇哉,0.7777777777777778,positive,0.7777777777777778
堂堂,0.5555555555555556,positive,0.5555555555555556
堂堂一表,1.0,positive,1.0
堂堂正正,0.7777777777777778,positive,0.7777777777777778
堂奥,0.5555555555555556,positive,0.5555555555555556
堂皇,0.5555555555555556,positive,0.5555555555555556
堂皇富丽,0.7777777777777778,positive,0.7777777777777778
堆金叠玉,0.5555555555555556,positive,0.5555555555555556
堆金积玉,0.5555555555555556,positive,0.5555555555555556
堪称一绝,1.0,positive,1.0
堪称第一,0.5555555555555556,positive,0.5555555555555556
塌实,0.5555555555555556,positive,0.5555555555555556
塞上江南,0.7777777777777778,positive,0.7777777777777778
塞井夷灶,0.5555555555555556,positive,0.5555555555555556
塞北江南,0.5555555555555556,positive,0.5555555555555556
墙头马上,0.7777777777777778,positive,0.7777777777777778
增产,0.7777777777777778,positive,0.7777777777777778
增光,0.7777777777777778,positive,0.7777777777777778
增援,0.7777777777777778,positive,0.7777777777777778
增益,0.3333333333333333,positive,0.3333333333333333
增进,0.7777777777777778,positive,0.7777777777777778
增长,0.7777777777777778,positive,0.7777777777777778
墩劝,0.3333333333333333,positive,0.3333333333333333
墩朴,0.3333333333333333,positive,0.3333333333333333
墩请,0.3333333333333333,positive,0.3333333333333333
壁间蛇影,0.5555555555555556,positive,0.5555555555555556
士为知己者死,0.5555555555555556,positive,0.5555555555555556
士饱马腾,0.7777777777777778,positive,0.7777777777777778
壮丽,0.3333333333333333,positive,0.3333333333333333
壮举,0.5555555555555556,positive,0.5555555555555556
壮伟,0.5555555555555556,positive,0.5555555555555556
壮健,0.5555555555555556,positive,0.5555555555555556
壮发冲冠,0.7777777777777778,positive,0.7777777777777778
壮土解腕,0.5555555555555556,positive,0.5555555555555556
壮士,0.3333333333333333,positive,0.3333333333333333
壮士断腕,0.7777777777777778,positive,0.7777777777777778
壮士解腕,0.5555555555555556,positive,0.5555555555555556
壮实,0.3333333333333333,positive,0.3333333333333333
壮心,0.3333333333333333,positive,0.3333333333333333
壮志,0.5555555555555556,positive,0.5555555555555556
壮志凌云,0.7777777777777778,positive,0.7777777777777778
壮气凌云,0.7777777777777778,positive,0.7777777777777778
壮烈,0.5555555555555556,positive,0.5555555555555556
壮硕,0.3333333333333333,positive,0.3333333333333333
壮行,0.5555555555555556,positive,0.5555555555555556
壮观,0.7777777777777778,positive,0.7777777777777778
壮阔,0.3333333333333333,positive,0.3333333333333333
声名远播,0.7777777777777778,positive,0.7777777777777778
声如洪钟,0.7777777777777778,positive,0.7777777777777778
声威,0.5555555555555556,positive,0.5555555555555556
声应气求,0.7777777777777778,positive,0.7777777777777778
声情并茂,0.7777777777777778,positive,0.7777777777777778
声振寰宇,0.5555555555555556,positive,0.5555555555555556
声振林木,0.7777777777777778,positive,0.7777777777777778
声望,0.5555555555555556,positive,0.5555555555555556
声誉,0.5555555555555556,positive,0.5555555555555556
声誉鹊起,0.5555555555555556,positive,0.5555555555555556
声震寰宇,1.0,positive,1.0
处之泰然,0.3333333333333333,positive,0.3333333333333333
备至,0.5555555555555556,positive,0.5555555555555556
复旧如初,0.3333333333333333,positive,0.3333333333333333
复旧如新,0.3333333333333333,positive,0.3333333333333333
夏雨雨人,0.5555555555555556,positive,0.5555555555555556
夕寐宵兴,1.0,positive,1.0
夕惕朝乾,1.0,positive,1.0
夕惕若厉,1.0,positive,1.0
外宽内明,0.7777777777777778,positive,0.7777777777777778
外简内明,0.7777777777777778,positive,0.7777777777777778
夙兴夜处,1.0,positive,1.0
夙兴夜寐,1.0,positive,1.0
夙兴昧旦,1.0,positive,1.0
夙夜匪懈,0.7777777777777778,positive,0.7777777777777778
夙夜匪解,1.0,positive,1.0
多姿,0.5555555555555556,positive,0.5555555555555556
多姿多彩,0.5555555555555556,positive,0.5555555555555556
多彩,0.3333333333333333,positive,0.3333333333333333
多快好省,0.3333333333333333,positive,0.3333333333333333
多情多义,0.5555555555555556,positive,0.5555555555555556
多才多艺,0.3333333333333333,positive,0.3333333333333333
多文为富,0.7777777777777778,positive,0.7777777777777778
多材多艺,0.7777777777777778,positive,0.7777777777777778
多能多艺,0.7777777777777778,positive,0.7777777777777778
多艺多才,0.7777777777777778,positive,0.7777777777777778
多行不义必自毙,0.7777777777777778,positive,0.7777777777777778
多见广识,0.7777777777777778,positive,0.7777777777777778
多谋善断,0.7777777777777778,positive,0.7777777777777778
多谋善虑,0.7777777777777778,positive,0.7777777777777778
多财善贾,0.7777777777777778,positive,0.7777777777777778
多闻,0.3333333333333333,positive,0.3333333333333333
多难兴邦,0.7777777777777778,positive,0.7777777777777778
夜不闭户,1.0,positive,1.0
夜以继日,0.7777777777777778,positive,0.7777777777777778
够味儿,0.5555555555555556,positive,0.5555555555555556
够意思,0.3333333333333333,positive,0.3333333333333333
够朋友,1.0,positive,1.0
够格,0.5555555555555556,positive,0.5555555555555556
够水平,0.3333333333333333,positive,0.3333333333333333
大丈夫,0.5555555555555556,positive,0.5555555555555556
大义凛然,0.7777777777777778,positive,0.7777777777777778
大事不糊涂,0.5555555555555556,positive,0.5555555555555556
大人物,0.3333333333333333,positive,0.3333333333333333
大儒,0.7777777777777778,positive,0.7777777777777778
大公无私,0.7777777777777778,positive,0.7777777777777778
大刀阔斧,0.5555555555555556,positive,0.5555555555555556
大功告成,0.7777777777777778,positive,0.7777777777777778
大匠运斤,0.5555555555555556,positive,0.5555555555555556
大发慈悲,0.7777777777777778,positive,0.7777777777777778
大吉,0.5555555555555556,positive,0.5555555555555556
大吉大利,0.7777777777777778,positive,0.7777777777777778
大同境域,0.7777777777777778,positive,0.7777777777777778
大名鼎鼎,0.7777777777777778,positive,0.7777777777777778
大含细入,0.7777777777777778,positive,0.7777777777777778
大喜,0.7777777777777778,positive,0.7777777777777778
大喜过望,1.0,positive,1.0
大器,0.5555555555555556,positive,0.5555555555555556
大器晚成,1.0,positive,1.0
大团圆,0.3333333333333333,positive,0.3333333333333333
大团结,0.1111111111111111,positive,0.1111111111111111
大塊文章,0.5555555555555556,positive,0.5555555555555556
大士,0.5555555555555556,positive,0.5555555555555556
大处着眼,0.5555555555555556,positive,0.5555555555555556
大处落墨,0.1111111111111111,positive,0.1111111111111111
大大方方,0.3333333333333333,positive,0.3333333333333333
大头小尾,0.5555555555555556,positive,0.5555555555555556
大好,0.7777777777777778,positive,0.7777777777777778
大好河山,0.5555555555555556,positive,0.5555555555555556
大家闺秀,0.5555555555555556,positive,0.5555555555555556
大家风范,0.5555555555555556,positive,0.5555555555555556
大寿,0.3333333333333333,positive,0.3333333333333333
大展宏图,0.5555555555555556,positive,0.5555555555555556
大巧若拙,0.7777777777777778,positive,0.7777777777777778
大师,0.7777777777777778,positive,0.7777777777777778
大席,0.1111111111111111,positive,0.1111111111111111
大年初一,0.7777777777777778,positive,0.7777777777777778
大年夜,0.7777777777777778,positive,0.7777777777777778
大幸,0.5555555555555556,positive,0.5555555555555556
大度,0.5555555555555556,positive,0.5555555555555556
大彻大悟,0.5555555555555556,positive,0.5555555555555556
大德不酬,0.7777777777777778,positive,0.7777777777777778
大快人心,0.7777777777777778,positive,0.7777777777777778
大慈大悲,1.0,positive,1.0
大手笔,0.3333333333333333,positive,0.3333333333333333
大才,0.7777777777777778,positive,0.7777777777777778
大才榱槃,0.7777777777777778,positive,0.7777777777777778
大才槃槃,0.7777777777777778,positive,0.7777777777777778
大捷,0.7777777777777778,positive,0.7777777777777778
大放厥辞,0.5555555555555556,positive,0.5555555555555556
大方,0.5555555555555556,positive,0.5555555555555556
大方之家,0.5555555555555556,positive,0.5555555555555556
大无畏,0.7777777777777778,positive,0.7777777777777778
大显神通,0.5555555555555556,positive,0.5555555555555556
大显身手,0.5555555555555556,positive,0.5555555555555556
大智如愚,0.7777777777777778,positive,0.7777777777777778
大智若愚,0.5555555555555556,positive,0.5555555555555556
大有可为,0.7777777777777778,positive,0.7777777777777778
大有年,0.7777777777777778,positive,0.7777777777777778
大有裨益,0.3333333333333333,positive,0.3333333333333333
大杖则走,0.5555555555555556,positive,0.5555555555555556
大梦初醒,0.7777777777777778,positive,0.7777777777777778
大步流星,0.3333333333333333,positive,0.3333333333333333
大气磅礴,1.0,positive,1.0
大法小廉,0.7777777777777778,positive,0.7777777777777778
大澈大悟,0.5555555555555556,positive,0.5555555555555556
大熊猫,0.5555555555555556,positive,0.5555555555555556
大白于天下,0.7777777777777778,positive,0.7777777777777778
大直若屈,0.7777777777777778,positive,0.7777777777777778
大直若诎,0.7777777777777778,positive,0.7777777777777778
大礼,0.5555555555555556,positive,0.5555555555555556
大笔如椽,0.7777777777777778,positive,0.7777777777777778
大而全,0.1111111111111111,positive,0.1111111111111111
大而化之,0.1111111111111111,positive,0.1111111111111111
大肆厥辞,0.7777777777777778,positive,0.7777777777777778
大胆包身,0.5555555555555556,positive,0.5555555555555556
大胆泼辣,0.3333333333333333,positive,0.3333333333333333
大节,0.5555555555555556,positive,0.5555555555555556
大节不可夺,1.0,positive,1.0
大节不夺,0.8888888888888888,positive,0.8888888888888888
大获全胜,0.7777777777777778,positive,0.7777777777777778
大观,0.5555555555555556,positive,0.5555555555555556
大路椎轮,0.5555555555555556,positive,0.5555555555555556
大辂椎轮,0.5555555555555556,positive,0.5555555555555556
大道,0.3333333333333333,positive,0.3333333333333333
大雅,0.5555555555555556,positive,0.5555555555555556
大音希声,0.7777777777777778,positive,0.7777777777777778
大马金刀,0.5555555555555556,positive,0.5555555555555556
天上石麟,0.5555555555555556,positive,0.5555555555555556
天上麒麟,1.0,positive,1.0
天下一家,0.5555555555555556,positive,0.5555555555555556
天下为一,1.0,positive,1.0
天下为公,0.7777777777777778,positive,0.7777777777777778
天下兴亡，匹夫有责,0.1111111111111111,positive,0.1111111111111111
天下太平,0.3333333333333333,positive,0.3333333333333333
天下无双,1.0,positive,1.0
天下无敌,0.7777777777777778,positive,0.7777777777777778
天下无难事，只怕有心人,1.0,positive,1.0
天下第一,1.0,positive,1.0
天下莫敌,1.0,positive,1.0
天不怕，地不怕,0.3333333333333333,positive,0.3333333333333333
天与人归,1.0,positive,1.0
天之骄子,1.0,positive,1.0
天人共鉴,0.6666666666666666,positive,0.6666666666666666
天从人原,0.7777777777777778,positive,0.7777777777777778
天从人愿,0.7777777777777778,positive,0.7777777777777778
天仙,0.7777777777777778,positive,0.7777777777777778
天伦之乐,0.5555555555555556,positive,0.5555555555555556
天作之合,0.7777777777777778,positive,0.7777777777777778
天使,0.7777777777777778,positive,0.7777777777777778
天保九如,0.7777777777777778,positive,0.7777777777777778
天保九如　,0.7777777777777778,positive,0.7777777777777778
天假之年,1.0,positive,1.0
天假其年,1.0,positive,1.0
天公地道,0.5555555555555556,positive,0.5555555555555556
天国,0.5555555555555556,positive,0.5555555555555556
天地剖判,1.0,positive,1.0
天堂,1.0,positive,1.0
天子,0.7777777777777778,positive,0.7777777777777778
天尊,1.0,positive,1.0
天幸,0.5555555555555556,positive,0.5555555555555556
天府之国,1.0,positive,1.0
天开图画,0.7777777777777778,positive,0.7777777777777778
天成地平,0.7777777777777778,positive,0.7777777777777778
天才,1.0,positive,1.0
天无绝人之路,0.7777777777777778,positive,0.7777777777777778
天朗气清,0.7777777777777778,positive,0.7777777777777778
天涯若比邻,0.7777777777777778,positive,0.7777777777777778
天然,0.5555555555555556,positive,0.5555555555555556
天生地设,0.5555555555555556,positive,0.5555555555555556
天真烂漫,0.7777777777777778,positive,0.7777777777777778
天真烂熳,0.7777777777777778,positive,0.7777777777777778
天矫,0.5555555555555556,positive,0.5555555555555556
天神,1.0,positive,1.0
天禀,0.3333333333333333,positive,0.3333333333333333
天空海阔,1.0,positive,1.0
天籁,1.0,positive,1.0
天经地纬,1.0,positive,1.0
天网恢恢,0.7777777777777778,positive,0.7777777777777778
天网恢恢，疏而不漏,0.3333333333333333,positive,0.3333333333333333
天老地荒,1.0,positive,1.0
天衣无缝,1.0,positive,1.0
天覆地载,0.7777777777777778,positive,0.7777777777777778
天资,0.3333333333333333,positive,0.3333333333333333
天赋,0.3333333333333333,positive,0.3333333333333333
天趣,0.5555555555555556,positive,0.5555555555555556
天道无亲,1.0,positive,1.0
天长地久,0.5555555555555556,positive,0.5555555555555556
天随人原,1.0,positive,1.0
天香国色,1.0,positive,1.0
天马行空,0.3333333333333333,positive,0.3333333333333333
天高听下,1.0,positive,1.0
天高地厚,1.0,positive,1.0
太丘道广　,0.5555555555555556,positive,0.5555555555555556
太公钓鱼，愿者上钩,0.5555555555555556,positive,0.5555555555555556
太山北斗,1.0,positive,1.0
太平,0.5555555555555556,positive,0.5555555555555556
太平盛世,0.7777777777777778,positive,0.7777777777777778
太强了,0.7777777777777778,positive,0.7777777777777778
夫倡妇随,0.7777777777777778,positive,0.7777777777777778
夫唱妇随,0.3333333333333333,positive,0.3333333333333333
夭桃称李,0.7777777777777778,positive,0.7777777777777778
夭桃秾李,0.7777777777777778,positive,0.7777777777777778
夭桃穠李,0.7777777777777778,positive,0.7777777777777778
夭桃襛李,0.7777777777777778,positive,0.7777777777777778
失之东隅，收之桑榆,0.3333333333333333,positive,0.3333333333333333
头一无二,1.0,positive,1.0
头名,0.5555555555555556,positive,0.5555555555555556
头头是道,0.3333333333333333,positive,0.3333333333333333
头油,0.7777777777777778,positive,0.7777777777777778
头等,0.5555555555555556,positive,0.5555555555555556
头绪,0.3333333333333333,positive,0.3333333333333333
头羊,0.7777777777777778,positive,0.7777777777777778
头角,0.7777777777777778,positive,0.7777777777777778
头角峥嵘,1.0,positive,1.0
夷旷,0.5555555555555556,positive,0.5555555555555556
夸奖,0.5555555555555556,positive,0.5555555555555556
夸父追日,1.0,positive,1.0
夸父逐日,1.0,positive,1.0
夸赞,0.5555555555555556,positive,0.5555555555555556
夹道欢呼,0.7777777777777778,positive,0.7777777777777778
夺冠,0.5555555555555556,positive,0.5555555555555556
夺目,0.7777777777777778,positive,0.7777777777777778
夺胎换骨,0.5555555555555556,positive,0.5555555555555556
夺锦才,1.0,positive,1.0
奇伟,0.7777777777777778,positive,0.7777777777777778
奇光异彩,0.7777777777777778,positive,0.7777777777777778
奇兵,0.7777777777777778,positive,0.7777777777777778
奇勋,1.0,positive,1.0
奇崛,0.7777777777777778,positive,0.7777777777777778
奇巧,0.7777777777777778,positive,0.7777777777777778
奇志,0.7777777777777778,positive,0.7777777777777778
奇才异能,0.5555555555555556,positive,0.5555555555555556
奇旁福艾,0.3333333333333333,positive,0.3333333333333333
奇珍异宝,0.7777777777777778,positive,0.7777777777777778
奇秀,0.5555555555555556,positive,0.5555555555555556
奇花异卉,0.5555555555555556,positive,0.5555555555555556
奇花异草,0.3333333333333333,positive,0.3333333333333333
奇迹,1.0,positive,1.0
奉为楷模,1.0,positive,1.0
奉为至宝,1.0,positive,1.0
奉令承教,0.7777777777777778,positive,0.7777777777777778
奉公克己,0.7777777777777778,positive,0.7777777777777778
奉公如法,0.7777777777777778,positive,0.7777777777777778
奉公守法,0.3333333333333333,positive,0.3333333333333333
奉如神明,1.0,positive,1.0
奉献,0.7777777777777778,positive,0.7777777777777778
奋不顾命,0.7777777777777778,positive,0.7777777777777778
奋不顾身,0.7777777777777778,positive,0.7777777777777778
奋力,0.5555555555555556,positive,0.5555555555555556
奋勇,0.7777777777777778,positive,0.7777777777777778
奋勇当先,0.7777777777777778,positive,0.7777777777777778
奋勇直前,0.5555555555555556,positive,0.5555555555555556
奋勉,0.5555555555555556,positive,0.5555555555555556
奋发图强,0.5555555555555556,positive,0.5555555555555556
奋发有为,0.5555555555555556,positive,0.5555555555555556
奋发踔厉,0.7777777777777778,positive,0.7777777777777778
奋发蹈厉,0.7777777777777778,positive,0.7777777777777778
奋志,0.5555555555555556,positive,0.5555555555555556
奋战,0.3333333333333333,positive,0.3333333333333333
奋斗,0.3333333333333333,positive,0.3333333333333333
奋武扬威,0.5555555555555556,positive,0.5555555555555556
奋起,0.3333333333333333,positive,0.3333333333333333
奋起直追,0.3333333333333333,positive,0.3333333333333333
奋身不顾,0.7777777777777778,positive,0.7777777777777778
奋进,0.5555555555555556,positive,0.5555555555555556
奏凯,0.5555555555555556,positive,0.5555555555555556
奏捷,0.5555555555555556,positive,0.5555555555555556
奏效,0.5555555555555556,positive,0.5555555555555556
契友,0.7777777777777778,positive,0.7777777777777778
契合,0.3333333333333333,positive,0.3333333333333333
契机,0.5555555555555556,positive,0.5555555555555556
奔头儿,0.5555555555555556,positive,0.5555555555555556
奔放,0.5555555555555556,positive,0.5555555555555556
奔腾,0.7777777777777778,positive,0.7777777777777778
奔袭,0.5555555555555556,positive,0.5555555555555556
奔走之友,0.5555555555555556,positive,0.5555555555555556
奔驰,0.3333333333333333,positive,0.3333333333333333
奕奕,0.5555555555555556,positive,0.5555555555555556
奖劝,0.3333333333333333,positive,0.3333333333333333
奖励,0.3333333333333333,positive,0.3333333333333333
奖台,0.3333333333333333,positive,0.3333333333333333
奖学金,0.3333333333333333,positive,0.3333333333333333
奖掖,0.5555555555555556,positive,0.5555555555555556
奖旗,0.3333333333333333,positive,0.3333333333333333
奖杯,0.3333333333333333,positive,0.3333333333333333
奖牌,0.3333333333333333,positive,0.3333333333333333
奖状,0.3333333333333333,positive,0.3333333333333333
奖罚分明,0.3333333333333333,positive,0.3333333333333333
奖誉,0.7777777777777778,positive,0.7777777777777778
奖许,0.7777777777777778,positive,0.7777777777777778
奖赏,0.3333333333333333,positive,0.3333333333333333
奥博,0.7777777777777778,positive,0.7777777777777778
奥妙无穷,0.7777777777777778,positive,0.7777777777777778
奥旨,0.1111111111111111,positive,0.1111111111111111
女中丈夫,0.5555555555555556,positive,0.5555555555555556
女中尧舜,0.5555555555555556,positive,0.5555555555555556
奶声奶气,0.5555555555555556,positive,0.5555555555555556
好人,0.7777777777777778,positive,0.7777777777777778
好使,0.5555555555555556,positive,0.5555555555555556
好受,0.1111111111111111,positive,0.1111111111111111
好吃,0.3333333333333333,positive,0.3333333333333333
好听,0.5555555555555556,positive,0.5555555555555556
好善嫉恶,0.5555555555555556,positive,0.5555555555555556
好善恶恶,0.5555555555555556,positive,0.5555555555555556
好天良夜,0.7777777777777778,positive,0.7777777777777778
好学,0.5555555555555556,positive,0.5555555555555556
好客,0.3333333333333333,positive,0.3333333333333333
好强,0.5555555555555556,positive,0.5555555555555556
好心,0.5555555555555556,positive,0.5555555555555556
好心人,0.5555555555555556,positive,0.5555555555555556
好心好意,0.5555555555555556,positive,0.5555555555555556
好心肠,0.1111111111111111,positive,0.1111111111111111
好性儿,0.5555555555555556,positive,0.5555555555555556
好意,0.5555555555555556,positive,0.5555555555555556
好手,1.0,positive,1.0
好整以暇,1.0,positive,1.0
好日子,0.5555555555555556,positive,0.5555555555555556
好样儿的,0.7777777777777778,positive,0.7777777777777778
好模好样,0.5555555555555556,positive,0.5555555555555556
好汉,0.5555555555555556,positive,0.5555555555555556
好玩,0.7777777777777778,positive,0.7777777777777778
好玩儿,0.1111111111111111,positive,0.1111111111111111
好评,0.7777777777777778,positive,0.7777777777777778
好语似珠,0.1111111111111111,positive,0.1111111111111111
好说话,0.5555555555555556,positive,0.5555555555555556
好说话儿,0.1111111111111111,positive,0.1111111111111111
好谋善断,0.5555555555555556,positive,0.5555555555555556
好酒贪杯,0.5555555555555556,positive,0.5555555555555556
好问则裕,0.7777777777777778,positive,0.7777777777777778
如兄如弟,0.7777777777777778,positive,0.7777777777777778
如入无人之境,0.3333333333333333,positive,0.3333333333333333
如原以偿,0.5555555555555556,positive,0.5555555555555556
如响斯应,0.3333333333333333,positive,0.3333333333333333
如坐春风,0.5555555555555556,positive,0.5555555555555556
如埙如篪,0.3333333333333333,positive,0.3333333333333333
如履如临,0.5555555555555556,positive,0.5555555555555556
如山压卵,0.5555555555555556,positive,0.5555555555555556
如左右手,1.0,positive,1.0
如影随形,0.7777777777777778,positive,0.7777777777777778
如意,0.3333333333333333,positive,0.3333333333333333
如愿,0.3333333333333333,positive,0.3333333333333333
如拾地芥,0.5555555555555556,positive,0.5555555555555556
如指诸掌,0.5555555555555556,positive,0.5555555555555556
如操左券,0.5555555555555556,positive,0.5555555555555556
如数家珍,0.3333333333333333,positive,0.3333333333333333
如日中天,1.0,positive,1.0
如日方升,0.7777777777777778,positive,0.7777777777777778
如期,0.5555555555555556,positive,0.5555555555555556
如汤沃雪,0.5555555555555556,positive,0.5555555555555556
如汤泼雪,0.5555555555555556,positive,0.5555555555555556
如汤浇雪,0.5555555555555556,positive,0.5555555555555556
如汤灌雪,0.5555555555555556,positive,0.5555555555555556
如火如荼,0.7777777777777778,positive,0.7777777777777778
如胶似漆,0.7777777777777778,positive,0.7777777777777778
如胶如漆,0.5555555555555556,positive,0.5555555555555556
如胶投漆,0.5555555555555556,positive,0.5555555555555556
如臂使指,0.5555555555555556,positive,0.5555555555555556
如花似月,0.5555555555555556,positive,0.5555555555555556
如花似朵,0.5555555555555556,positive,0.5555555555555556
如花似玉,1.0,positive,1.0
如花似锦,0.5555555555555556,positive,0.5555555555555556
如获至珍,0.5555555555555556,positive,0.5555555555555556
如虎傅翼,0.5555555555555556,positive,0.5555555555555556
如虎添翼,1.0,positive,1.0
如解倒悬,0.5555555555555556,positive,0.5555555555555556
如释重2,0.7777777777777778,positive,0.7777777777777778
如闻其声，如见其人,0.3333333333333333,positive,0.3333333333333333
如雷贯耳,1.0,positive,1.0
如饥如渴,0.5555555555555556,positive,0.5555555555555556
如饮醍醐,0.7777777777777778,positive,0.7777777777777778
如鱼似水,0.5555555555555556,positive,0.5555555555555556
如鱼得水,1.0,positive,1.0
如鱼得水　,0.7777777777777778,positive,0.7777777777777778
如龙似虎,0.5555555555555556,positive,0.5555555555555556
妆新,0.7777777777777778,positive,0.7777777777777778
妆饰,0.7777777777777778,positive,0.7777777777777778
妍丽,0.5555555555555556,positive,0.5555555555555556
妍雅,0.5555555555555556,positive,0.5555555555555556
妖娆,0.5555555555555556,positive,0.5555555555555556
妙不可言,0.7777777777777778,positive,0.7777777777777778
妙处不传,0.5555555555555556,positive,0.5555555555555556
妙想天开,0.5555555555555556,positive,0.5555555555555556
妙手丹青,0.7777777777777778,positive,0.7777777777777778
妙手回春,0.5555555555555556,positive,0.5555555555555556
妙曼,0.5555555555555556,positive,0.5555555555555556
妙算神机,0.5555555555555556,positive,0.5555555555555556
妙绝时人,0.5555555555555556,positive,0.5555555555555556
妙言要道,0.5555555555555556,positive,0.5555555555555556
妙语解颐,0.7777777777777778,positive,0.7777777777777778
妙趣横生,0.3333333333333333,positive,0.3333333333333333
妥实,0.5555555555555556,positive,0.5555555555555556
妥当,0.3333333333333333,positive,0.3333333333333333
妥靠,0.3333333333333333,positive,0.3333333333333333
妩媚,0.5555555555555556,positive,0.5555555555555556
妻梅子鹤,0.3333333333333333,positive,0.3333333333333333
始终不懈,0.5555555555555556,positive,0.5555555555555556
始终不渝,0.7777777777777778,positive,0.7777777777777778
始终如一,0.5555555555555556,positive,0.5555555555555556
委佗,0.5555555555555556,positive,0.5555555555555556
委委佗佗,0.7777777777777778,positive,0.7777777777777778
委婉,0.5555555555555556,positive,0.5555555555555556
委宛,0.5555555555555556,positive,0.5555555555555556
委曲求全,0.7777777777777778,positive,0.7777777777777778
姗姗,0.1111111111111111,positive,0.1111111111111111
姚黄魏紫,0.7777777777777778,positive,0.7777777777777778
姜桂之性,0.3333333333333333,positive,0.3333333333333333
姣丽,0.5555555555555556,positive,0.5555555555555556
姣好,0.3333333333333333,positive,0.3333333333333333
姣妍,0.5555555555555556,positive,0.5555555555555556
姣美,0.5555555555555556,positive,0.5555555555555556
姣翠,0.5555555555555556,positive,0.5555555555555556
姮娥,0.1111111111111111,positive,0.1111111111111111
姹紫嫣红,0.3333333333333333,positive,0.3333333333333333
姿容,0.5555555555555556,positive,0.5555555555555556
姿色,0.5555555555555556,positive,0.5555555555555556
威严,0.5555555555555556,positive,0.5555555555555556
威仪,0.7777777777777778,positive,0.7777777777777778
威信,0.3333333333333333,positive,0.3333333333333333
威凤一羽,0.7777777777777778,positive,0.7777777777777778
威势,0.5555555555555556,positive,0.5555555555555556
威名,0.5555555555555556,positive,0.5555555555555556
威望,0.5555555555555556,positive,0.5555555555555556
威望素著,0.7777777777777778,positive,0.7777777777777778
威权,0.5555555555555556,positive,0.5555555555555556
威武,0.3333333333333333,positive,0.3333333333333333
威武不屈,0.5555555555555556,positive,0.5555555555555556
威震天下,0.5555555555555556,positive,0.5555555555555556
威风,0.5555555555555556,positive,0.5555555555555556
威风八面,1.0,positive,1.0
威风凛凛,0.5555555555555556,positive,0.5555555555555556
娇丽,0.5555555555555556,positive,0.5555555555555556
娇儿,0.7777777777777778,positive,0.7777777777777778
娇女,0.5555555555555556,positive,0.5555555555555556
娇好,0.5555555555555556,positive,0.5555555555555556
娇妻,0.5555555555555556,positive,0.5555555555555556
娇娃,0.7777777777777778,positive,0.7777777777777778
娇娆,0.5555555555555556,positive,0.5555555555555556
娇娘,0.5555555555555556,positive,0.5555555555555556
娇婉,0.5555555555555556,positive,0.5555555555555556
娇媚,0.5555555555555556,positive,0.5555555555555556
娇嫩,0.3333333333333333,positive,0.3333333333333333
娇客,0.7777777777777778,positive,0.7777777777777778
娇小,0.3333333333333333,positive,0.3333333333333333
娇小玲珑,0.5555555555555556,positive,0.5555555555555556
娇柔,0.3333333333333333,positive,0.3333333333333333
娇红,0.3333333333333333,positive,0.3333333333333333
娇美,0.3333333333333333,positive,0.3333333333333333
娇羞,0.5555555555555556,positive,0.5555555555555556
娇艳,0.5555555555555556,positive,0.5555555555555556
娇艳欲滴,0.3333333333333333,positive,0.3333333333333333
娇蓝,0.3333333333333333,positive,0.3333333333333333
娇鸾雏凤,0.5555555555555556,positive,0.5555555555555556
娇黄,0.3333333333333333,positive,0.3333333333333333
娉婷,0.5555555555555556,positive,0.5555555555555556
娓娓,0.3333333333333333,positive,0.3333333333333333
娓娓不倦,0.7777777777777778,positive,0.7777777777777778
娓娓动听,1.0,positive,1.0
娓娓而谈,0.8888888888888888,positive,0.8888888888888888
娟秀,0.5555555555555556,positive,0.5555555555555556
娥眉,0.5555555555555556,positive,0.5555555555555556
娱心,0.3333333333333333,positive,0.3333333333333333
娱心悦目,0.7777777777777778,positive,0.7777777777777778
娴淑,0.5555555555555556,positive,0.5555555555555556
娴熟,0.5555555555555556,positive,0.5555555555555556
娴雅,0.5555555555555556,positive,0.5555555555555556
娴静,0.1111111111111111,positive,0.1111111111111111
婀娜,0.5555555555555556,positive,0.5555555555555556
婉丽,0.5555555555555556,positive,0.5555555555555556
婉妙,0.3333333333333333,positive,0.3333333333333333
婉娈,0.5555555555555556,positive,0.5555555555555556
婉媚,0.3333333333333333,positive,0.3333333333333333
婉曼,0.3333333333333333,positive,0.3333333333333333
婉转,0.3333333333333333,positive,0.3333333333333333
婉顺,0.5555555555555556,positive,0.5555555555555556
婞直,0.7777777777777778,positive,0.7777777777777778
婵娟,0.7777777777777778,positive,0.7777777777777778
婷婷,0.5555555555555556,positive,0.5555555555555556
婷婷袅袅,0.3333333333333333,positive,0.3333333333333333
媲美,0.7777777777777778,positive,0.7777777777777778
嫂夫人,0.7777777777777778,positive,0.7777777777777778
嫂嫂,0.5555555555555556,positive,0.5555555555555556
嫂子,0.3333333333333333,positive,0.3333333333333333
嫠不恤纬,1.0,positive,1.0
嫡亲,0.5555555555555556,positive,0.5555555555555556
嫡传,0.5555555555555556,positive,0.5555555555555556
嫡派,0.5555555555555556,positive,0.5555555555555556
嫡系,0.5555555555555556,positive,0.5555555555555556
嫣然,0.5555555555555556,positive,0.5555555555555556
嫣然一笑,0.7777777777777778,positive,0.7777777777777778
嫣红,0.5555555555555556,positive,0.5555555555555556
嬉笑怒骂，皆成文章,0.5555555555555556,positive,0.5555555555555556
孔武有力,0.7777777777777778,positive,0.7777777777777778
字斟句酌,0.3333333333333333,positive,0.3333333333333333
字顺文从,0.5555555555555556,positive,0.5555555555555556
存亡安危,1.0,positive,1.0
存亡继绝,0.7777777777777778,positive,0.7777777777777778
存亡续绝,0.5555555555555556,positive,0.5555555555555556
孚尹旁达,0.7777777777777778,positive,0.7777777777777778
孚尹明达,0.7777777777777778,positive,0.7777777777777778
孜孜,0.5555555555555556,positive,0.5555555555555556
孜孜不倦,0.7777777777777778,positive,0.7777777777777778
孜孜不怠,1.0,positive,1.0
孜孜不懈,0.5555555555555556,positive,0.5555555555555556
孜孜不辍,0.5555555555555556,positive,0.5555555555555556
孜孜无倦,0.5555555555555556,positive,0.5555555555555556
孜孜无怠,0.5555555555555556,positive,0.5555555555555556
孜孜汲汲,0.5555555555555556,positive,0.5555555555555556
孜孜矻矻,0.5555555555555556,positive,0.5555555555555556
孝子,0.5555555555555556,positive,0.5555555555555556
孝子慈孙,0.7777777777777778,positive,0.7777777777777778
孝子爱日,0.7777777777777778,positive,0.7777777777777778
孝子贤孙,0.5555555555555556,positive,0.5555555555555556
孝子顺孙,0.7777777777777778,positive,0.7777777777777778
孝心,0.5555555555555556,positive,0.5555555555555556
孝敬,0.3333333333333333,positive,0.3333333333333333
孝道,0.5555555555555556,positive,0.5555555555555556
孝顺,0.5555555555555556,positive,0.5555555555555556
孟母三迁,0.3333333333333333,positive,0.3333333333333333
季布一诺,0.7777777777777778,positive,0.7777777777777778
孤胆,0.7777777777777778,positive,0.7777777777777778
孤高,0.3333333333333333,positive,0.3333333333333333
学好,0.3333333333333333,positive,0.3333333333333333
学富五车,1.0,positive,1.0
学有专长,1.0,positive,1.0
学老於年,0.7777777777777778,positive,0.7777777777777778
学而不厌,1.0,positive,1.0
学识渊博,1.0,positive,1.0
学问,0.5555555555555556,positive,0.5555555555555556
孳孳不倦,0.5555555555555556,positive,0.5555555555555556
孳孳汲汲,0.5555555555555556,positive,0.5555555555555556
孳孳矻矻,0.5555555555555556,positive,0.5555555555555556
孺子可教,0.5555555555555556,positive,0.5555555555555556
宁为五碎，不为瓦全,0.7777777777777778,positive,0.7777777777777778
宁为玉碎，不为瓦全,0.3333333333333333,positive,0.3333333333333333
宁可玉碎，不能瓦全,0.6666666666666666,positive,0.6666666666666666
宁死不屈,0.7777777777777778,positive,0.7777777777777778
宁缺毋滥,0.5555555555555556,positive,0.5555555555555556
宁静,0.5555555555555556,positive,0.5555555555555556
守1不桡,0.5555555555555556,positive,0.5555555555555556
守信,0.3333333333333333,positive,0.3333333333333333
守口如瓶,0.7777777777777778,positive,0.7777777777777778
守成,0.5555555555555556,positive,0.5555555555555556
守时间,0.5555555555555556,positive,0.5555555555555556
守望相助,0.5555555555555556,positive,0.5555555555555556
守望相助　,0.7777777777777778,positive,0.7777777777777778
守正不回,0.7777777777777778,positive,0.7777777777777778
守正不挠,0.5555555555555556,positive,0.5555555555555556
守正不桡,0.5555555555555556,positive,0.5555555555555556
守正不阿,0.7777777777777778,positive,0.7777777777777778
守经达权,0.1111111111111111,positive,0.1111111111111111
安不忘危,0.3333333333333333,positive,0.3333333333333333
安之若素,0.1111111111111111,positive,0.1111111111111111
安乐,0.3333333333333333,positive,0.3333333333333333
安乐窝,0.3333333333333333,positive,0.3333333333333333
安于一隅,0.5555555555555556,positive,0.5555555555555556
安全,0.3333333333333333,positive,0.3333333333333333
安内攘外,0.5555555555555556,positive,0.5555555555555556
安分,0.5555555555555556,positive,0.5555555555555556
安分守己,0.5555555555555556,positive,0.5555555555555556
安分知足,0.5555555555555556,positive,0.5555555555555556
安危与共,0.5555555555555556,positive,0.5555555555555556
安国宁家,0.3333333333333333,positive,0.3333333333333333
安国富民,0.5555555555555556,positive,0.5555555555555556
安土乐业,0.5555555555555556,positive,0.5555555555555556
安堵如故,0.7777777777777778,positive,0.7777777777777778
安外,0.5555555555555556,positive,0.5555555555555556
安好,0.1111111111111111,positive,0.1111111111111111
安如泰山,0.5555555555555556,positive,0.5555555555555556
安如磐石,0.3333333333333333,positive,0.3333333333333333
安宅正路,0.5555555555555556,positive,0.5555555555555556
安安稳稳,0.3333333333333333,positive,0.3333333333333333
安安静静,0.1111111111111111,positive,0.1111111111111111
安定团结,0.5555555555555556,positive,0.5555555555555556
安富尊容,0.3333333333333333,positive,0.3333333333333333
安富恤贫,0.5555555555555556,positive,0.5555555555555556
安居,0.5555555555555556,positive,0.5555555555555556
安居乐业,0.5555555555555556,positive,0.5555555555555556
安常守分,1.0,positive,1.0
安康,0.3333333333333333,positive,0.3333333333333333
安心乐业,0.5555555555555556,positive,0.5555555555555556
安心乐意,0.5555555555555556,positive,0.5555555555555556
安心定志,0.5555555555555556,positive,0.5555555555555556
安心落意,0.5555555555555556,positive,0.5555555555555556
安忍无亲,0.5555555555555556,positive,0.5555555555555556
安恬,0.7777777777777778,positive,0.7777777777777778
安息,0.5555555555555556,positive,0.5555555555555556
安歇,0.5555555555555556,positive,0.5555555555555556
安步当车,0.3333333333333333,positive,0.3333333333333333
安泰,0.1111111111111111,positive,0.1111111111111111
安澜,0.3333333333333333,positive,0.3333333333333333
安然举首,0.7777777777777778,positive,0.7777777777777778
安生服业,0.5555555555555556,positive,0.5555555555555556
安眠,0.5555555555555556,positive,0.5555555555555556
安神,0.5555555555555556,positive,0.5555555555555556
安稳,0.3333333333333333,positive,0.3333333333333333
安老怀少,0.5555555555555556,positive,0.5555555555555556
安良除暴,0.5555555555555556,positive,0.5555555555555556
安谧,0.3333333333333333,positive,0.3333333333333333
安贫乐道,0.3333333333333333,positive,0.3333333333333333
安身为乐,0.5555555555555556,positive,0.5555555555555556
安身乐业,0.5555555555555556,positive,0.5555555555555556
安适,0.5555555555555556,positive,0.5555555555555556
安邦定国,1.0,positive,1.0
安魂定魄,0.5555555555555556,positive,0.5555555555555556
宋才潘面,1.0,positive,1.0
宋斤鲁削,0.7777777777777778,positive,0.7777777777777778
宋玉东墙,0.7777777777777778,positive,0.7777777777777778
宋画吴冶,1.0,positive,1.0
完人,1.0,positive,1.0
完名全节,0.7777777777777778,positive,0.7777777777777778
完善,0.3333333333333333,positive,0.3333333333333333
完备,0.5555555555555556,positive,0.5555555555555556
完好,0.3333333333333333,positive,0.3333333333333333
完好如初,0.3333333333333333,positive,0.3333333333333333
完好如新,1.0,positive,1.0
完好无损,0.7777777777777778,positive,0.7777777777777778
完满,0.7777777777777778,positive,0.7777777777777778
完璧归赵,0.7777777777777778,positive,0.7777777777777778
完美,1.0,positive,1.0
完美无瑕,1.0,positive,1.0
完美无疵,1.0,positive,1.0
完美无缺,1.0,positive,1.0
宏丽,0.3333333333333333,positive,0.3333333333333333
宏亮,0.3333333333333333,positive,0.3333333333333333
宏伟,0.7777777777777778,positive,0.7777777777777778
宏博,0.7777777777777778,positive,0.7777777777777778
宏图,0.7777777777777778,positive,0.7777777777777778
宏大,0.7777777777777778,positive,0.7777777777777778
宏富,0.5555555555555556,positive,0.5555555555555556
宏愿,0.7777777777777778,positive,0.7777777777777778
宏才大略,0.7777777777777778,positive,0.7777777777777778
宏放,0.5555555555555556,positive,0.5555555555555556
宏敞,0.3333333333333333,positive,0.3333333333333333
宏旨,0.7777777777777778,positive,0.7777777777777778
宏朗,0.3333333333333333,positive,0.3333333333333333
宏材大略,0.7777777777777778,positive,0.7777777777777778
宏论,0.7777777777777778,positive,0.7777777777777778
宏达,0.5555555555555556,positive,0.5555555555555556
宏阔,0.3333333333333333,positive,0.3333333333333333
官法如炉,0.5555555555555556,positive,0.5555555555555556
官清法正,0.7777777777777778,positive,0.7777777777777778
官运亨通,0.5555555555555556,positive,0.5555555555555556
定心丸,0.7777777777777778,positive,0.7777777777777778
宛然如生,0.5555555555555556,positive,0.5555555555555556
宛转,0.3333333333333333,positive,0.3333333333333333
宜人,0.5555555555555556,positive,0.5555555555555556
宜家宜室,0.5555555555555556,positive,0.5555555555555556
宜截了当,0.6666666666666666,positive,0.6666666666666666
宝书,0.7777777777777778,positive,0.7777777777777778
宝典,0.5555555555555556,positive,0.5555555555555556
宝刀,0.1111111111111111,positive,0.1111111111111111
宝刀不老,0.5555555555555556,positive,0.5555555555555556
宝剑,0.7777777777777778,positive,0.7777777777777778
宝卷,0.7777777777777778,positive,0.7777777777777778
宝号,0.7777777777777778,positive,0.7777777777777778
宝地,0.7777777777777778,positive,0.7777777777777778
宝塔,0.3333333333333333,positive,0.3333333333333333
宝山,0.7777777777777778,positive,0.7777777777777778
宝库,0.7777777777777778,positive,0.7777777777777778
宝座,0.3333333333333333,positive,0.3333333333333333
宝爱,0.7777777777777778,positive,0.7777777777777778
宝珠市饼,0.5555555555555556,positive,0.5555555555555556
宝盒,0.7777777777777778,positive,0.7777777777777778
宝眷,0.7777777777777778,positive,0.7777777777777778
宝藏,0.5555555555555556,positive,0.5555555555555556
宝贝儿,0.5555555555555556,positive,0.5555555555555556
宝贝疙瘩,0.7777777777777778,positive,0.7777777777777778
宝货,0.7777777777777778,positive,0.7777777777777778
宝贵,0.5555555555555556,positive,0.5555555555555556
实事求是,0.5555555555555556,positive,0.5555555555555556
实在,0.5555555555555556,positive,0.5555555555555556
实地,0.5555555555555556,positive,0.5555555555555556
实实在在,0.5555555555555556,positive,0.5555555555555556
实实惠惠,0.5555555555555556,positive,0.5555555555555556
实干,0.5555555555555556,positive,0.5555555555555556
实心眼儿,0.5555555555555556,positive,0.5555555555555556
实惠,0.7777777777777778,positive,0.7777777777777778
实意,0.5555555555555556,positive,0.5555555555555556
实打实,0.3333333333333333,positive,0.3333333333333333
实至名归,0.7777777777777778,positive,0.7777777777777778
实诚,0.7777777777777778,positive,0.7777777777777778
宠辱不惊,1.0,positive,1.0
审慎,0.5555555555555556,positive,0.5555555555555556
审时度势,0.7777777777777778,positive,0.7777777777777778
审美,0.5555555555555556,positive,0.5555555555555556
宫可敌国,0.3333333333333333,positive,0.3333333333333333
宰相肚里能撑船,0.8888888888888888,positive,0.8888888888888888
宵衣旰食,0.5555555555555556,positive,0.5555555555555556
宵鱼垂化,0.7777777777777778,positive,0.7777777777777778
家喻户晓,0.3333333333333333,positive,0.3333333333333333
家学,0.5555555555555556,positive,0.5555555555555556
家弦户诵,0.7777777777777778,positive,0.7777777777777778
家珍,0.5555555555555556,positive,0.5555555555555556
家给人足,0.5555555555555556,positive,0.5555555555555556
家骥人璧,0.7777777777777778,positive,0.7777777777777778
容光,0.5555555555555556,positive,0.5555555555555556
容光焕发,0.7777777777777778,positive,0.7777777777777778
容姿,0.3333333333333333,positive,0.3333333333333333
容恕,0.3333333333333333,positive,0.3333333333333333
容情,0.3333333333333333,positive,0.3333333333333333
容止,0.5555555555555556,positive,0.5555555555555556
宽人大度,0.5555555555555556,positive,0.5555555555555556
宽仁大度,1.0,positive,1.0
宽以待人,0.5555555555555556,positive,0.5555555555555556
宽厚,0.5555555555555556,positive,0.5555555555555556
宽大为怀,0.5555555555555556,positive,0.5555555555555556
宽宏,0.5555555555555556,positive,0.5555555555555556
宽宏大度,1.0,positive,1.0
宽宏大量,0.7777777777777778,positive,0.7777777777777778
宽宏海量,0.5555555555555556,positive,0.5555555555555556
宽容,0.7777777777777778,positive,0.7777777777777778
宽广,0.3333333333333333,positive,0.3333333333333333
宽怀,0.3333333333333333,positive,0.3333333333333333
宽怀大度,1.0,positive,1.0
宽恕,0.3333333333333333,positive,0.3333333333333333
宽慰,0.5555555555555556,positive,0.5555555555555556
宽打窄用,0.5555555555555556,positive,0.5555555555555556
宽敞,0.3333333333333333,positive,0.3333333333333333
宽洪大度,1.0,positive,1.0
宽洪大量,1.0,positive,1.0
宽洪海量,0.7777777777777778,positive,0.7777777777777778
宽舒,0.3333333333333333,positive,0.3333333333333333
宽豁大度,1.0,positive,1.0
宽赦,0.3333333333333333,positive,0.3333333333333333
宽饶,0.3333333333333333,positive,0.3333333333333333
宾客,0.3333333333333333,positive,0.3333333333333333
宾朋,0.3333333333333333,positive,0.3333333333333333
宾服,0.5555555555555556,positive,0.5555555555555556
宾来如归,0.5555555555555556,positive,0.5555555555555556
宾礼,0.3333333333333333,positive,0.3333333333333333
宾至如归,0.1111111111111111,positive,0.1111111111111111
寄怀,0.5555555555555556,positive,0.5555555555555556
寄情,0.3333333333333333,positive,0.3333333333333333
寄托,0.5555555555555556,positive,0.5555555555555556
富丽堂皇,0.3333333333333333,positive,0.3333333333333333
富可敌国,0.3333333333333333,positive,0.3333333333333333
富国安民,0.7777777777777778,positive,0.7777777777777778
富国强兵,0.5555555555555556,positive,0.5555555555555556
富国强民,1.0,positive,1.0
富国彊兵,1.0,positive,1.0
富国裕民,1.0,positive,1.0
富实,0.3333333333333333,positive,0.3333333333333333
富岁,0.3333333333333333,positive,0.3333333333333333
富庶,0.3333333333333333,positive,0.3333333333333333
富强,0.5555555555555556,positive,0.5555555555555556
富有成果,0.3333333333333333,positive,0.3333333333333333
富民,0.1111111111111111,positive,0.1111111111111111
富源,0.1111111111111111,positive,0.1111111111111111
富裕,0.5555555555555556,positive,0.5555555555555556
富贵,0.5555555555555556,positive,0.5555555555555556
富贵不淫,0.7777777777777778,positive,0.7777777777777778
富贵不能淫,0.7777777777777778,positive,0.7777777777777778
富贵浮云,0.5555555555555556,positive,0.5555555555555556
富足,0.5555555555555556,positive,0.5555555555555556
富饶,0.7777777777777778,positive,0.7777777777777778
寒泉之思,0.7777777777777778,positive,0.7777777777777778
寒灰更然,0.5555555555555556,positive,0.5555555555555556
寒素,0.1111111111111111,positive,0.1111111111111111
寒花晚节,0.8888888888888888,positive,0.8888888888888888
寓意深刻,1.0,positive,1.0
寓意深长,1.0,positive,1.0
寥寥无几,0.5555555555555556,positive,0.5555555555555556
寥若晨星,0.5555555555555556,positive,0.5555555555555556
寸善片长,0.5555555555555556,positive,0.5555555555555556
寸土尺金,0.7777777777777778,positive,0.7777777777777778
寸步不离,0.5555555555555556,positive,0.5555555555555556
寸草春晖,0.7777777777777778,positive,0.7777777777777778
寸辖制轮,0.7777777777777778,positive,0.7777777777777778
寸铁杀人,0.7777777777777778,positive,0.7777777777777778
对偶婚,0.7777777777777778,positive,0.7777777777777778
对唱,0.7777777777777778,positive,0.7777777777777778
对头,0.3333333333333333,positive,0.3333333333333333
对客挥毫,0.7777777777777778,positive,0.7777777777777778
对床夜雨,0.3333333333333333,positive,0.3333333333333333
对得住,0.1111111111111111,positive,0.1111111111111111
对景挂画,0.5555555555555556,positive,0.5555555555555556
对歌,1.0,positive,1.0
对症下药,0.3333333333333333,positive,0.3333333333333333
对症发药,0.5555555555555556,positive,0.5555555555555556
对眼,0.5555555555555556,positive,0.5555555555555556
对答如流,0.3333333333333333,positive,0.3333333333333333
对证下药,0.5555555555555556,positive,0.5555555555555556
对路,0.5555555555555556,positive,0.5555555555555556
对酒当歌,0.5555555555555556,positive,0.5555555555555556
寻根究底,0.5555555555555556,positive,0.5555555555555556
寿元无量　,1.0,positive,1.0
寿山福海,1.0,positive,1.0
寿比南山,0.3333333333333333,positive,0.3333333333333333
射像止啼,0.5555555555555556,positive,0.5555555555555556
射石饮羽,0.5555555555555556,positive,0.5555555555555556
将伯之助,0.3333333333333333,positive,0.3333333333333333
将勤补拙,0.5555555555555556,positive,0.5555555555555556
将心比心,0.5555555555555556,positive,0.5555555555555556
尊严,0.5555555555555556,positive,0.5555555555555556
尊主泽民,0.5555555555555556,positive,0.5555555555555556
尊俎折冲,0.5555555555555556,positive,0.5555555555555556
尊奉,0.3333333333333333,positive,0.3333333333333333
尊崇,1.0,positive,1.0
尊师重教,0.5555555555555556,positive,0.5555555555555556
尊师重道,0.7777777777777778,positive,0.7777777777777778
尊敬,0.3333333333333333,positive,0.3333333333333333
尊无二上,0.7777777777777778,positive,0.7777777777777778
尊服,0.3333333333333333,positive,0.3333333333333333
尊称,0.3333333333333333,positive,0.3333333333333333
尊老爱幼,0.5555555555555556,positive,0.5555555555555556
尊贵,0.5555555555555556,positive,0.5555555555555556
尊重,0.5555555555555556,positive,0.5555555555555556
小人儿,0.5555555555555556,positive,0.5555555555555556
小姑娘的脸蛋－爱煞人,0.5555555555555556,positive,0.5555555555555556
小家碧玉,0.3333333333333333,positive,0.3333333333333333
小巧,0.3333333333333333,positive,0.3333333333333333
小巧玲珑,1.0,positive,1.0
小康,0.3333333333333333,positive,0.3333333333333333
小康之家,0.3333333333333333,positive,0.3333333333333333
小廉曲谨,0.5555555555555556,positive,0.5555555555555556
小心谨慎,1.0,positive,1.0
小有名气,0.7777777777777778,positive,0.7777777777777778
小试锋芒,0.3333333333333333,positive,0.3333333333333333
少小无猜　,0.7777777777777778,positive,0.7777777777777778
少年老成,0.3333333333333333,positive,0.3333333333333333
少年老诚,0.5555555555555556,positive,0.5555555555555556
少礼,0.3333333333333333,positive,0.3333333333333333
少艾,0.5555555555555556,positive,0.5555555555555556
少陪,0.3333333333333333,positive,0.3333333333333333
尔雅,0.3333333333333333,positive,0.3333333333333333
尖兵,0.3333333333333333,positive,0.3333333333333333
尖子,0.7777777777777778,positive,0.7777777777777778
尖端,0.5555555555555556,positive,0.5555555555555556
尖锐,0.5555555555555556,positive,0.5555555555555556
尝鼎一脔,0.3333333333333333,positive,0.3333333333333333
尤异,1.0,positive,1.0
尤物,1.0,positive,1.0
尧天舜日,0.7777777777777778,positive,0.7777777777777778
尧趋舜步,1.0,positive,1.0
就义,0.5555555555555556,positive,0.5555555555555556
尺寸之功,0.5555555555555556,positive,0.5555555555555556
尺短寸长,0.1111111111111111,positive,0.1111111111111111
尻舆神马,0.7777777777777778,positive,0.7777777777777778
尽力而为,0.3333333333333333,positive,0.3333333333333333
尽善尽美,0.7777777777777778,positive,0.7777777777777778
尽如人意,0.5555555555555556,positive,0.5555555555555556
尽孝,0.3333333333333333,positive,0.3333333333333333
尽心,0.5555555555555556,positive,0.5555555555555556
尽心尽力,1.0,positive,1.0
尽忠,0.5555555555555556,positive,0.5555555555555556
尽忠报国,1.0,positive,1.0
尽忠竭力,0.5555555555555556,positive,0.5555555555555556
尽态极妍,0.5555555555555556,positive,0.5555555555555556
尽情,0.5555555555555556,positive,0.5555555555555556
尽意,0.5555555555555556,positive,0.5555555555555556
尽欢,0.7777777777777778,positive,0.7777777777777778
尽欢而散,0.5555555555555556,positive,0.5555555555555556
尽瘁,0.5555555555555556,positive,0.5555555555555556
尽瘁事国,1.0,positive,1.0
尽职,0.3333333333333333,positive,0.3333333333333333
尽致,1.0,positive,1.0
尽让,0.5555555555555556,positive,0.5555555555555556
尽责,0.5555555555555556,positive,0.5555555555555556
居仁由义,0.5555555555555556,positive,0.5555555555555556
居安思危,0.5555555555555556,positive,0.5555555555555556
居安虑危,0.5555555555555556,positive,0.5555555555555556
居安资深,0.5555555555555556,positive,0.5555555555555556
居首,0.3333333333333333,positive,0.3333333333333333
居高临下,0.3333333333333333,positive,0.3333333333333333
屈尊,0.5555555555555556,positive,0.5555555555555556
屈高就下　,0.5555555555555556,positive,0.5555555555555556
屋上乌,0.7777777777777778,positive,0.7777777777777778
屋乌推爱,0.7777777777777778,positive,0.7777777777777778
屏气凝神,0.7777777777777778,positive,0.7777777777777778
屏藩,0.7777777777777778,positive,0.7777777777777778
展现,0.1111111111111111,positive,0.1111111111111111
展眉,0.3333333333333333,positive,0.3333333333333333
屠门大嚼,0.7777777777777778,positive,0.7777777777777778
屡试不爽,0.5555555555555556,positive,0.5555555555555556
履信思顺,0.5555555555555556,positive,0.5555555555555556
履汤蹈火,0.5555555555555556,positive,0.5555555555555556
履盈蹈满,1.0,positive,1.0
履险如夷,1.0,positive,1.0
履险若夷,1.0,positive,1.0
屦及剑及,0.7777777777777778,positive,0.7777777777777778
山中宰相,0.7777777777777778,positive,0.7777777777777778
山包海容,0.5555555555555556,positive,0.5555555555555556
山容海纳,0.5555555555555556,positive,0.5555555555555556
山明水秀,0.7777777777777778,positive,0.7777777777777778
山止川行,0.5555555555555556,positive,0.5555555555555556
山清水秀,0.7777777777777778,positive,0.7777777777777778
山珍海错,0.5555555555555556,positive,0.5555555555555556
山盟海誓,0.7777777777777778,positive,0.7777777777777778
山肤水豢,0.7777777777777778,positive,0.7777777777777778
山餚海错,0.5555555555555556,positive,0.5555555555555556
山高水长,0.5555555555555556,positive,0.5555555555555556
屹立,0.3333333333333333,positive,0.3333333333333333
岁在龙虵,1.0,positive,1.0
岁寒三友,0.5555555555555556,positive,0.5555555555555556
岁寒松柏,1.0,positive,1.0
岁寒知松柏,0.7777777777777778,positive,0.7777777777777778
岂弟君子,0.7777777777777778,positive,0.7777777777777778
岩居川观,0.7777777777777778,positive,0.7777777777777778
岳丈,0.5555555555555556,positive,0.5555555555555556
岳家,0.7777777777777778,positive,0.7777777777777778
岳岳磊磊,0.5555555555555556,positive,0.5555555555555556
岳岳荦荦,0.5555555555555556,positive,0.5555555555555556
岳峙渊渟,0.5555555555555556,positive,0.5555555555555556
岳母,0.7777777777777778,positive,0.7777777777777778
岳父,0.7777777777777778,positive,0.7777777777777778
岳镇渊渟,0.5555555555555556,positive,0.5555555555555556
岸然,0.5555555555555556,positive,0.5555555555555556
岿然,1.0,positive,1.0
岿然不动,0.5555555555555556,positive,0.5555555555555556
岿然独存,0.5555555555555556,positive,0.5555555555555556
峥嵘,0.7777777777777778,positive,0.7777777777777778
峭拔,0.5555555555555556,positive,0.5555555555555556
峭直,0.5555555555555556,positive,0.5555555555555556
峻宇彫墙,0.3333333333333333,positive,0.3333333333333333
峻宇雕墙,0.3333333333333333,positive,0.3333333333333333
崇仰,0.7777777777777778,positive,0.7777777777777778
崇信,0.7777777777777778,positive,0.7777777777777778
崇奉,0.7777777777777778,positive,0.7777777777777778
崇尚,0.7777777777777778,positive,0.7777777777777778
崇拜,0.7777777777777778,positive,0.7777777777777778
崇敬,0.7777777777777778,positive,0.7777777777777778
崇论宏议,0.7777777777777778,positive,0.7777777777777778
崇高,0.7777777777777778,positive,0.7777777777777778
崎嵚历落,0.5555555555555556,positive,0.5555555555555556
崔嵬,0.3333333333333333,positive,0.3333333333333333
崔巍,0.3333333333333333,positive,0.3333333333333333
崟崎磊落,0.5555555555555556,positive,0.5555555555555556
崧生岳降,1.0,positive,1.0
崭露头角,0.5555555555555556,positive,0.5555555555555556
崭齐,0.1111111111111111,positive,0.1111111111111111
嵚崎历落,0.8888888888888888,positive,0.8888888888888888
嵚崎磊落,0.8888888888888888,positive,0.8888888888888888
嵩生岳降,0.7777777777777778,positive,0.7777777777777778
嵬目鸿耳,1.0,positive,1.0
嵬眼澒耳,1.0,positive,1.0
嵯峨,0.3333333333333333,positive,0.3333333333333333
巍峨,0.5555555555555556,positive,0.5555555555555556
巍巍,0.3333333333333333,positive,0.3333333333333333
巍巍荡荡,1.0,positive,1.0
巍然,0.3333333333333333,positive,0.3333333333333333
巍然屹立,0.7777777777777778,positive,0.7777777777777778
工力,0.7777777777777778,positive,0.7777777777777778
工力悉敌,0.5555555555555556,positive,0.5555555555555556
工工整整,0.3333333333333333,positive,0.3333333333333333
工巧,0.5555555555555556,positive,0.5555555555555556
工整,0.3333333333333333,positive,0.3333333333333333
工欲善其事，必先利其器,0.3333333333333333,positive,0.3333333333333333
工稳,0.5555555555555556,positive,0.5555555555555556
工细,0.5555555555555556,positive,0.5555555555555556
工致,0.3333333333333333,positive,0.3333333333333333
左右图史,0.7777777777777778,positive,0.7777777777777778
左右开弓,0.3333333333333333,positive,0.3333333333333333
左右手,0.5555555555555556,positive,0.5555555555555556
左右逢原,0.7777777777777778,positive,0.7777777777777778
左右逢源,0.3333333333333333,positive,0.3333333333333333
左右采获,0.5555555555555556,positive,0.5555555555555556
左图右书,0.7777777777777778,positive,0.7777777777777778
左图右史,0.7777777777777778,positive,0.7777777777777778
左宜右宜,0.7777777777777778,positive,0.7777777777777778
左宜右有,0.5555555555555556,positive,0.5555555555555556
左家娇女,0.5555555555555556,positive,0.5555555555555556
左提右挈,0.5555555555555556,positive,0.5555555555555556
左提右挚,0.3333333333333333,positive,0.3333333333333333
左翼,0.3333333333333333,positive,0.3333333333333333
左萦右拂,0.3333333333333333,positive,0.3333333333333333
左辅右粥,0.5555555555555556,positive,0.5555555555555556
左铅右椠,0.7777777777777778,positive,0.7777777777777778
巧不可阶,0.7777777777777778,positive,0.7777777777777778
巧劲儿,0.5555555555555556,positive,0.5555555555555556
巧发奇中,0.5555555555555556,positive,0.5555555555555556
巧取豪夺,0.5555555555555556,positive,0.5555555555555556
巧同造化,1.0,positive,1.0
巧夺天工,1.0,positive,1.0
巧妙,0.5555555555555556,positive,0.5555555555555556
巧干,0.5555555555555556,positive,0.5555555555555556
巧计,0.5555555555555556,positive,0.5555555555555556
巨人,1.0,positive,1.0
巨匠,1.0,positive,1.0
巨子,1.0,positive,1.0
巨强,0.7777777777777778,positive,0.7777777777777778
巨擘,1.0,positive,1.0
巨构,0.5555555555555556,positive,0.5555555555555556
巨著,1.0,positive,1.0
巫云楚雨,1.0,positive,1.0
己饥己溺,0.5555555555555556,positive,0.5555555555555556
巴巴急急,0.5555555555555556,positive,0.5555555555555556
巴巴结结,0.5555555555555556,positive,0.5555555555555556
巾帼,0.7777777777777778,positive,0.7777777777777778
巾帼须眉,0.5555555555555556,positive,0.5555555555555556
布衣疏食,0.7777777777777778,positive,0.7777777777777778
布衣蔬食,0.7777777777777778,positive,0.7777777777777778
帅气,0.5555555555555556,positive,0.5555555555555556
师值为壮,0.3333333333333333,positive,0.3333333333333333
师兄,0.5555555555555556,positive,0.5555555555555556
师公,0.5555555555555556,positive,0.5555555555555556
师出有名,0.1111111111111111,positive,0.1111111111111111
师母,0.5555555555555556,positive,0.5555555555555556
师父,0.5555555555555556,positive,0.5555555555555556
师爷,0.5555555555555556,positive,0.5555555555555556
师表,0.5555555555555556,positive,0.5555555555555556
师道尊严,0.7777777777777778,positive,0.7777777777777778
师长,0.5555555555555556,positive,0.5555555555555556
希世之宝,0.7777777777777778,positive,0.7777777777777778
帖服,0.5555555555555556,positive,0.5555555555555556
带减腰围,0.5555555555555556,positive,0.5555555555555556
带动,0.1111111111111111,positive,0.1111111111111111
带孝,0.5555555555555556,positive,0.5555555555555556
带月披星,0.5555555555555556,positive,0.5555555555555556
带牛佩犊,0.5555555555555556,positive,0.5555555555555556
带金佩紫,0.5555555555555556,positive,0.5555555555555556
帮助,0.5555555555555556,positive,0.5555555555555556
帮同,0.5555555555555556,positive,0.5555555555555556
帮手,0.1111111111111111,positive,0.1111111111111111
帮扶,0.3333333333333333,positive,0.3333333333333333
帮补,0.3333333333333333,positive,0.3333333333333333
常备不懈,0.5555555555555556,positive,0.5555555555555556
幕天席地,0.7777777777777778,positive,0.7777777777777778
干云蔽日,0.5555555555555556,positive,0.5555555555555556
干净,0.5555555555555556,positive,0.5555555555555556
干净利落,0.1111111111111111,positive,0.1111111111111111
干劲,0.5555555555555556,positive,0.5555555555555556
干将,0.8888888888888888,positive,0.8888888888888888
干干净净,0.1111111111111111,positive,0.1111111111111111
干才,0.5555555555555556,positive,0.5555555555555556
干练,0.5555555555555556,positive,0.5555555555555556
干脆,0.3333333333333333,positive,0.3333333333333333
干霄蔽日,0.7777777777777778,positive,0.7777777777777778
平价和售,0.3333333333333333,positive,0.3333333333333333
平允,0.5555555555555556,positive,0.5555555555555556
平和,0.3333333333333333,positive,0.3333333333333333
平地楼台,0.5555555555555556,positive,0.5555555555555556
平坦,0.3333333333333333,positive,0.3333333333333333
平复如故,0.1111111111111111,positive,0.1111111111111111
平头正脸,0.1111111111111111,positive,0.1111111111111111
平妥,0.5555555555555556,positive,0.5555555555555556
平实,0.5555555555555556,positive,0.5555555555555556
平平稳稳,0.3333333333333333,positive,0.3333333333333333
平心而论,0.5555555555555556,positive,0.5555555555555556
平易,0.5555555555555556,positive,0.5555555555555556
平易近人,0.7777777777777778,positive,0.7777777777777778
平易近民,0.5555555555555556,positive,0.5555555555555556
平正,0.5555555555555556,positive,0.5555555555555556
平步青云,0.5555555555555556,positive,0.5555555555555556
平生愿足,0.7777777777777778,positive,0.7777777777777778
平等互利,0.3333333333333333,positive,0.3333333333333333
平衍,0.6666666666666666,positive,0.6666666666666666
年丰时稔,0.5555555555555556,positive,0.5555555555555556
年富力强,0.5555555555555556,positive,0.5555555555555556
年高德劭,0.7777777777777778,positive,0.7777777777777778
年高德卲,0.5555555555555556,positive,0.5555555555555556
年高望重,0.5555555555555556,positive,0.5555555555555556
并世无两,0.5555555555555556,positive,0.5555555555555556
并力,0.3333333333333333,positive,0.3333333333333333
并容徧覆,0.5555555555555556,positive,0.5555555555555556
并疆兼巷,0.5555555555555556,positive,0.5555555555555556
并蒂芙蓉,0.5555555555555556,positive,0.5555555555555556
并蒂莲,0.1111111111111111,positive,0.1111111111111111
并进,0.1111111111111111,positive,0.1111111111111111
并重,0.5555555555555556,positive,0.5555555555555556
幸事,0.5555555555555556,positive,0.5555555555555556
幸福,0.7777777777777778,positive,0.7777777777777778
幼学壮行,0.7777777777777778,positive,0.7777777777777778
幽娴,0.5555555555555556,positive,0.5555555555555556
幽婉,0.5555555555555556,positive,0.5555555555555556
幽情,0.5555555555555556,positive,0.5555555555555556
幽美,0.5555555555555556,positive,0.5555555555555556
幽趣,0.5555555555555556,positive,0.5555555555555556
幽闲,0.5555555555555556,positive,0.5555555555555556
幽雅,0.5555555555555556,positive,0.5555555555555556
幽静,0.5555555555555556,positive,0.5555555555555556
幽韵,0.5555555555555556,positive,0.5555555555555556
幽香,0.1111111111111111,positive,0.1111111111111111
幽默,0.3333333333333333,positive,0.3333333333333333
幽默滑稽,1.0,positive,1.0
广博,1.0,positive,1.0
广厦,0.7777777777777778,positive,0.7777777777777778
广开言路,0.5555555555555556,positive,0.5555555555555556
广袤,0.3333333333333333,positive,0.3333333333333333
广见洽闻,0.5555555555555556,positive,0.5555555555555556
广譬曲谕,0.5555555555555556,positive,0.5555555555555556
广阔,0.5555555555555556,positive,0.5555555555555556
庄严,0.5555555555555556,positive,0.5555555555555556
庄重,0.5555555555555556,positive,0.5555555555555556
庄静,0.3333333333333333,positive,0.3333333333333333
庆幸,0.3333333333333333,positive,0.3333333333333333
庆贺,0.5555555555555556,positive,0.5555555555555556
庇佑,0.7777777777777778,positive,0.7777777777777778
应付自如,0.5555555555555556,positive,0.5555555555555556
应付裕如,0.5555555555555556,positive,0.5555555555555556
应典,0.5555555555555556,positive,0.5555555555555556
应对如响,0.5555555555555556,positive,0.5555555555555556
应对如流,0.5555555555555556,positive,0.5555555555555556
应弦而倒,0.5555555555555556,positive,0.5555555555555556
应有尽有,0.5555555555555556,positive,0.5555555555555556
应机立断,0.5555555555555556,positive,0.5555555555555556
应权通变,0.3333333333333333,positive,0.3333333333333333
应点,0.5555555555555556,positive,0.5555555555555556
应答如响,0.5555555555555556,positive,0.5555555555555556
应答如流,0.5555555555555556,positive,0.5555555555555556
底蕴,0.1111111111111111,positive,0.1111111111111111
庖丁解牛,0.5555555555555556,positive,0.5555555555555556
府上,0.3333333333333333,positive,0.3333333333333333
废奢长俭,0.7777777777777778,positive,0.7777777777777778
废寝忘食,0.7777777777777778,positive,0.7777777777777778
废寝忘餐,0.5555555555555556,positive,0.5555555555555556
废私立公,0.5555555555555556,positive,0.5555555555555556
度德量力,0.3333333333333333,positive,0.3333333333333333
度越,0.1111111111111111,positive,0.1111111111111111
度量大,0.3333333333333333,positive,0.3333333333333333
座上客,0.3333333333333333,positive,0.3333333333333333
座无虚席,0.7777777777777778,positive,0.7777777777777778
康乐,0.3333333333333333,positive,0.3333333333333333
康庄大道,0.5555555555555556,positive,0.5555555555555556
庸中佼佼,0.5555555555555556,positive,0.5555555555555556
庸中皦皦,0.5555555555555556,positive,0.5555555555555556
廉政,0.7777777777777778,positive,0.7777777777777778
廉政勤政,0.5555555555555556,positive,0.5555555555555556
廉明,0.5555555555555556,positive,0.5555555555555556
廉正,0.5555555555555556,positive,0.5555555555555556
廉正无私,0.5555555555555556,positive,0.5555555555555556
廉洁,0.5555555555555556,positive,0.5555555555555556
廉洁奉公,0.7777777777777778,positive,0.7777777777777778
廉洁自律,0.7777777777777778,positive,0.7777777777777778
廉而不刿,0.5555555555555556,positive,0.5555555555555556
廉顽立懦,0.7777777777777778,positive,0.7777777777777778
廓达大度,0.7777777777777778,positive,0.7777777777777778
延年益寿,0.3333333333333333,positive,0.3333333333333333
延誉,0.5555555555555556,positive,0.5555555555555556
建功立业,0.5555555555555556,positive,0.5555555555555556
建功立事,0.5555555555555556,positive,0.5555555555555556
建树,0.7777777777777778,positive,0.7777777777777778
建瓴高屋,0.7777777777777778,positive,0.7777777777777778
建设,0.5555555555555556,positive,0.5555555555555556
建设性,0.5555555555555556,positive,0.5555555555555556
开云见天,0.7777777777777778,positive,0.7777777777777778
开云见日,0.7777777777777778,positive,0.7777777777777778
开利除害,0.5555555555555556,positive,0.5555555555555556
开化,0.3333333333333333,positive,0.3333333333333333
开口见喉咙,0.5555555555555556,positive,0.5555555555555556
开口见心,0.5555555555555556,positive,0.5555555555555556
开口见胆,0.5555555555555556,positive,0.5555555555555556
开国济民,0.7777777777777778,positive,0.7777777777777778
开天辟地,1.0,positive,1.0
开宗明义,0.5555555555555556,positive,0.5555555555555556
开展,0.7777777777777778,positive,0.7777777777777778
开山祖师,0.7777777777777778,positive,0.7777777777777778
开心,0.1111111111111111,positive,0.1111111111111111
开心丸儿,0.7777777777777778,positive,0.7777777777777778
开心见肠,0.7777777777777778,positive,0.7777777777777778
开心见诚,0.3333333333333333,positive,0.3333333333333333
开怀,0.5555555555555556,positive,0.5555555555555556
开怀儿,0.7777777777777778,positive,0.7777777777777778
开拓型,0.5555555555555556,positive,0.5555555555555556
开明,0.3333333333333333,positive,0.3333333333333333
开朗,0.5555555555555556,positive,0.5555555555555556
开来继往,0.3333333333333333,positive,0.3333333333333333
开源节流,0.3333333333333333,positive,0.3333333333333333
开物成务,0.5555555555555556,positive,0.5555555555555556
开眉展眼,0.7777777777777778,positive,0.7777777777777778
开眼,0.5555555555555556,positive,0.5555555555555556
开花结实,0.7777777777777778,positive,0.7777777777777778
开花结果,0.3333333333333333,positive,0.3333333333333333
开诚布公,0.5555555555555556,positive,0.5555555555555556
开诚相见,0.3333333333333333,positive,0.3333333333333333
开路先锋,0.3333333333333333,positive,0.3333333333333333
开通,0.3333333333333333,positive,0.3333333333333333
开门见山,0.1111111111111111,positive,0.1111111111111111
开阔,0.5555555555555556,positive,0.5555555555555556
开雾睹天,0.5555555555555556,positive,0.5555555555555556
异彩,0.5555555555555556,positive,0.5555555555555556
异彩纷呈,1.0,positive,1.0
异途同归,0.5555555555555556,positive,0.5555555555555556
异香,0.1111111111111111,positive,0.1111111111111111
弃书捐剑,0.5555555555555556,positive,0.5555555555555556
弃伪从真,0.3333333333333333,positive,0.3333333333333333
弃恶从善,0.5555555555555556,positive,0.5555555555555556
弃旧图新,0.3333333333333333,positive,0.3333333333333333
弃暗投明,0.5555555555555556,positive,0.5555555555555556
弃瑕取用,0.5555555555555556,positive,0.5555555555555556
弃瑕录用,0.3333333333333333,positive,0.3333333333333333
弃过图新,0.5555555555555556,positive,0.5555555555555556
弃邪从正,0.5555555555555556,positive,0.5555555555555556
弃邪归正,0.3333333333333333,positive,0.3333333333333333
弊绝风清,0.7777777777777778,positive,0.7777777777777778
弓虽,0.5555555555555556,positive,0.5555555555555556
引人入胜,0.5555555555555556,positive,0.5555555555555556
引人注目,1.0,positive,1.0
引人瞩目,1.0,positive,1.0
引咎责躬,0.5555555555555556,positive,0.5555555555555556
引商刻羽,0.3333333333333333,positive,0.3333333333333333
引商刻角,0.3333333333333333,positive,0.3333333333333333
引绳切墨,0.5555555555555556,positive,0.5555555555555556
引绳棋布,0.5555555555555556,positive,0.5555555555555556
引而深知,0.3333333333333333,positive,0.3333333333333333
引荐,0.5555555555555556,positive,0.5555555555555556
引锥刺股,1.0,positive,1.0
弘扬,1.0,positive,1.0
弘旨,0.7777777777777778,positive,0.7777777777777778
弘毅宽厚,0.3333333333333333,positive,0.3333333333333333
弘誓大愿,0.7777777777777778,positive,0.7777777777777778
弟兄,0.5555555555555556,positive,0.5555555555555556
张公吃酒李公颠,0.5555555555555556,positive,0.5555555555555556
张敞画眉,0.5555555555555556,positive,0.5555555555555556
张灯结彩,0.7777777777777778,positive,0.7777777777777778
弥足珍贵,0.3333333333333333,positive,0.3333333333333333
弦无虚发,0.5555555555555556,positive,0.5555555555555556
弯弓饮羽,0.7777777777777778,positive,0.7777777777777778
弯腰捧腹,1.0,positive,1.0
弱冠,0.3333333333333333,positive,0.3333333333333333
弸中彪外,0.7777777777777778,positive,0.7777777777777778
弹丸脱手,0.5555555555555556,positive,0.5555555555555556
弹冠结绶,0.5555555555555556,positive,0.5555555555555556
弹无虚发,0.5555555555555556,positive,0.5555555555555556
强中更有强中手,0.7777777777777778,positive,0.7777777777777778
强作解人,0.6666666666666666,positive,0.6666666666666666
强健,0.5555555555555556,positive,0.5555555555555556
强兵富国,0.8888888888888888,positive,0.8888888888888888
强嘴硬牙,0.7777777777777778,positive,0.7777777777777778
强壮,0.5555555555555556,positive,0.5555555555555556
强壮有力,0.5555555555555556,positive,0.5555555555555556
强大,0.5555555555555556,positive,0.5555555555555556
强有力,0.5555555555555556,positive,0.5555555555555556
强盛,0.5555555555555556,positive,0.5555555555555556
强直自遂,0.7777777777777778,positive,0.7777777777777778
强记,0.5555555555555556,positive,0.5555555555555556
强记博闻,0.7777777777777778,positive,0.7777777777777778
强识博闻,0.7777777777777778,positive,0.7777777777777778
归全反真,0.3333333333333333,positive,0.3333333333333333
归十归一,0.5555555555555556,positive,0.5555555555555556
归心,0.7777777777777778,positive,0.7777777777777778
归正邱首,1.0,positive,1.0
归真反朴,0.5555555555555556,positive,0.5555555555555556
归真反璞,0.5555555555555556,positive,0.5555555555555556
当仁不让,0.3333333333333333,positive,0.3333333333333333
当机立断,0.5555555555555556,positive,0.5555555555555556
彘肩斗酒,0.5555555555555556,positive,0.5555555555555556
形只影单,0.7777777777777778,positive,0.7777777777777778
形孤影只,0.7777777777777778,positive,0.7777777777777778
形孤影寡,0.7777777777777778,positive,0.7777777777777778
形影不离,0.7777777777777778,positive,0.7777777777777778
形影相对,0.7777777777777778,positive,0.7777777777777778
形影相追,0.7777777777777778,positive,0.7777777777777778
形影相附,0.7777777777777778,positive,0.7777777777777778
形影相随,0.7777777777777778,positive,0.7777777777777778
形胜之地,0.5555555555555556,positive,0.5555555555555556
形输色授,0.7777777777777778,positive,0.7777777777777778
彩旗,0.3333333333333333,positive,0.3333333333333333
彩礼,0.7777777777777778,positive,0.7777777777777778
彩虹,0.5555555555555556,positive,0.5555555555555556
彩霞,0.5555555555555556,positive,0.5555555555555556
彪悍,0.3333333333333333,positive,0.3333333333333333
彪柄,0.5555555555555556,positive,0.5555555555555556
彪炳,0.7777777777777778,positive,0.7777777777777778
彪炳千古,1.0,positive,1.0
彪炳史册,1.0,positive,1.0
彪炳春秋,1.0,positive,1.0
彫章镂句,0.5555555555555556,positive,0.5555555555555556
彬彬,0.5555555555555556,positive,0.5555555555555556
彬彬有礼,0.5555555555555556,positive,0.5555555555555556
彰善瘅恶,0.5555555555555556,positive,0.5555555555555556
彻亮,0.3333333333333333,positive,0.3333333333333333
彻悟,0.3333333333333333,positive,0.3333333333333333
径情直行,0.5555555555555556,positive,0.5555555555555556
径情直遂,0.5555555555555556,positive,0.5555555555555556
径行直遂,0.5555555555555556,positive,0.5555555555555556
待价而沽,0.3333333333333333,positive,0.3333333333333333
待势乘时,0.3333333333333333,positive,0.3333333333333333
待时守分,0.3333333333333333,positive,0.3333333333333333
待时而动,0.3333333333333333,positive,0.3333333333333333
待月西厢,0.5555555555555556,positive,0.5555555555555556
待贾而沽,0.5555555555555556,positive,0.5555555555555556
徇公灭私,1.0,positive,1.0
徇国忘己,1.0,positive,1.0
徇国忘身,1.0,positive,1.0
很有意义,0.7777777777777778,positive,0.7777777777777778
很有抱负,0.5555555555555556,positive,0.5555555555555556
徐娘半老,0.3333333333333333,positive,0.3333333333333333
徐徐,0.1111111111111111,positive,0.1111111111111111
得中,0.3333333333333333,positive,0.3333333333333333
得人,0.3333333333333333,positive,0.3333333333333333
得人心,0.5555555555555556,positive,0.5555555555555556
得体,0.5555555555555556,positive,0.5555555555555556
得其所哉,0.5555555555555556,positive,0.5555555555555556
得力,0.5555555555555556,positive,0.5555555555555556
得名,0.3333333333333333,positive,0.3333333333333333
得天独厚,0.7777777777777778,positive,0.7777777777777778
得宜,0.5555555555555556,positive,0.5555555555555556
得当,0.5555555555555556,positive,0.5555555555555556
得心应手,0.5555555555555556,positive,0.5555555555555556
得志,0.3333333333333333,positive,0.3333333333333333
得意,0.5555555555555556,positive,0.5555555555555556
得意忘言,0.7777777777777778,positive,0.7777777777777778
得意扬扬,0.5555555555555556,positive,0.5555555555555556
得意洋洋,1.0,positive,1.0
得手应心,0.5555555555555556,positive,0.5555555555555556
得时,0.3333333333333333,positive,0.3333333333333333
得未尝有,0.5555555555555556,positive,0.5555555555555556
得未曾有,0.5555555555555556,positive,0.5555555555555556
得法,0.1111111111111111,positive,0.1111111111111111
得胜回朝,0.3333333333333333,positive,0.3333333333333333
得行,0.5555555555555556,positive,0.5555555555555556
得道,0.5555555555555556,positive,0.5555555555555556
徙薪曲突,0.5555555555555556,positive,0.5555555555555556
徜徉,0.5555555555555556,positive,0.5555555555555556
御侮,0.7777777777777778,positive,0.7777777777777778
循名责实,0.5555555555555556,positive,0.5555555555555556
微察秋毫,1.0,positive,1.0
微显阐幽,1.0,positive,1.0
微言大义,1.0,positive,1.0
微言大谊,1.0,positive,1.0
德厚流光,0.7777777777777778,positive,0.7777777777777778
德尊望重,0.7777777777777778,positive,0.7777777777777778
德才兼备,0.5555555555555556,positive,0.5555555555555556
德政,0.7777777777777778,positive,0.7777777777777778
德泽,0.1111111111111111,positive,0.1111111111111111
德深望重,0.7777777777777778,positive,0.7777777777777778
德艺双馨,0.5555555555555556,positive,0.5555555555555556
德配天地,0.7777777777777778,positive,0.7777777777777778
德重恩弘,0.5555555555555556,positive,0.5555555555555556
德隆望尊,0.7777777777777778,positive,0.7777777777777778
德隆望重,0.7777777777777778,positive,0.7777777777777778
徽号,0.5555555555555556,positive,0.5555555555555556
心中有数,0.5555555555555556,positive,0.5555555555555556
心乡往之,1.0,positive,1.0
心仪,0.3333333333333333,positive,0.3333333333333333
心仪已久,0.7777777777777778,positive,0.7777777777777778
心凝形释,0.7777777777777778,positive,0.7777777777777778
心到神知,0.7777777777777778,positive,0.7777777777777778
心口如一,1.0,positive,1.0
心口相应,0.7777777777777778,positive,0.7777777777777778
心地善良,0.7777777777777778,positive,0.7777777777777778
心地纯良,1.0,positive,1.0
心坚石穿,0.3333333333333333,positive,0.3333333333333333
心如古井,0.5555555555555556,positive,0.5555555555555556
心如止水,0.5555555555555556,positive,0.5555555555555556
心如金石,0.5555555555555556,positive,0.5555555555555556
心安理得,0.5555555555555556,positive,0.5555555555555556
心宽,1.0,positive,1.0
心宽体胖,0.3333333333333333,positive,0.3333333333333333
心小志大,0.8888888888888888,positive,0.8888888888888888
心平气和,0.5555555555555556,positive,0.5555555555555556
心广体胖,0.3333333333333333,positive,0.3333333333333333
心心相印,1.0,positive,1.0
心忙意乱,0.5555555555555556,positive,0.5555555555555556
心忙意急,0.5555555555555556,positive,0.5555555555555556
心怡神旷,0.5555555555555556,positive,0.5555555555555556
心悦神怡,0.5555555555555556,positive,0.5555555555555556
心悦诚服,0.3333333333333333,positive,0.3333333333333333
心慈好善,0.7777777777777778,positive,0.7777777777777778
心慈手软,1.0,positive,1.0
心慈面软,0.7777777777777778,positive,0.7777777777777778
心慕手追,0.1111111111111111,positive,0.1111111111111111
心手相应,0.5555555555555556,positive,0.5555555555555556
心无二用,0.3333333333333333,positive,0.3333333333333333
心旷神怡,0.5555555555555556,positive,0.5555555555555556
心旷神恬,0.7777777777777778,positive,0.7777777777777778
心旷神愉,0.7777777777777778,positive,0.7777777777777778
心旷神飞,1.0,positive,1.0
心明眼亮,1.0,positive,1.0
心有灵犀一点通,0.3333333333333333,positive,0.3333333333333333
心满原足,1.0,positive,1.0
心满意得,1.0,positive,1.0
心满意足,0.3333333333333333,positive,0.3333333333333333
心潮澎湃,0.5555555555555556,positive,0.5555555555555556
心灵,0.7777777777777778,positive,0.7777777777777778
心灵性巧,0.7777777777777778,positive,0.7777777777777778
心灵手巧,1.0,positive,1.0
心灵美,1.0,positive,1.0
心烦技痒,0.8888888888888888,positive,0.8888888888888888
心照情交,0.7777777777777778,positive,0.7777777777777778
心照神交,0.7777777777777778,positive,0.7777777777777778
心爱,0.7777777777777778,positive,0.7777777777777778
心甘情原,0.7777777777777778,positive,0.7777777777777778
心直口快,0.3333333333333333,positive,0.3333333333333333
心知其意,0.3333333333333333,positive,0.3333333333333333
心秀,0.5555555555555556,positive,0.5555555555555556
心细,0.5555555555555556,positive,0.5555555555555556
心细如发,0.7777777777777778,positive,0.7777777777777778
心细於发,0.7777777777777778,positive,0.7777777777777778
心肝宝贝,0.7777777777777778,positive,0.7777777777777778
心肠软,1.0,positive,1.0
心胸开阔,1.0,positive,1.0
心花怒发,1.0,positive,1.0
心花怒放,1.0,positive,1.0
心虔志诚,0.8888888888888888,positive,0.8888888888888888
心贯白日,0.7777777777777778,positive,0.7777777777777778
心闲手敏,0.5555555555555556,positive,0.5555555555555556
心雄万夫,0.7777777777777778,positive,0.7777777777777778
心领神会,0.3333333333333333,positive,0.3333333333333333
必定,1.0,positive,1.0
必得,1.0,positive,1.0
必恭必敬,0.7777777777777778,positive,0.7777777777777778
必操胜券,1.0,positive,1.0
必然,1.0,positive,1.0
必由之路,1.0,positive,1.0
必要,0.3333333333333333,positive,0.3333333333333333
必须,0.7777777777777778,positive,0.7777777777777778
忍苦耐劳,0.5555555555555556,positive,0.5555555555555556
忍辱负重,0.3333333333333333,positive,0.3333333333333333
志同道合,0.3333333333333333,positive,0.3333333333333333
志向,0.7777777777777778,positive,0.7777777777777778
志喜,1.0,positive,1.0
志在千里,0.7777777777777778,positive,0.7777777777777778
志在四海,0.5555555555555556,positive,0.5555555555555556
志坚行苦,0.6666666666666666,positive,0.6666666666666666
志士,0.5555555555555556,positive,0.5555555555555556
志士仁人,0.5555555555555556,positive,0.5555555555555556
志得意满,0.5555555555555556,positive,0.5555555555555556
志得气盈,0.5555555555555556,positive,0.5555555555555556
志气,0.7777777777777778,positive,0.7777777777777778
志气凌云,0.3333333333333333,positive,0.3333333333333333
志满气得,0.5555555555555556,positive,0.5555555555555556
志行,0.7777777777777778,positive,0.7777777777777778
志趣,0.5555555555555556,positive,0.5555555555555556
忘啜废枕,0.7777777777777778,positive,0.7777777777777778
忘寝废食,0.7777777777777778,positive,0.7777777777777778
忘怀得失,0.5555555555555556,positive,0.5555555555555556
忘我,0.5555555555555556,positive,0.5555555555555556
忘生舍死,0.7777777777777778,positive,0.7777777777777778
忘身忘家,1.0,positive,1.0
忘餐废寝,0.7777777777777778,positive,0.7777777777777778
忠义,0.7777777777777778,positive,0.7777777777777778
忠于,0.5555555555555556,positive,0.5555555555555556
忠于职守,0.7777777777777778,positive,0.7777777777777778
忠信,0.5555555555555556,positive,0.5555555555555556
忠勇,0.5555555555555556,positive,0.5555555555555556
忠厚,0.5555555555555556,positive,0.5555555555555556
忠君报国,1.0,positive,1.0
忠君爱国,1.0,positive,1.0
忠告,0.7777777777777778,positive,0.7777777777777778
忠实,0.7777777777777778,positive,0.7777777777777778
忠心,0.5555555555555556,positive,0.5555555555555556
忠心耿耿,0.7777777777777778,positive,0.7777777777777778
忠心赤胆,0.7777777777777778,positive,0.7777777777777778
忠忱,0.7777777777777778,positive,0.7777777777777778
忠烈,0.7777777777777778,positive,0.7777777777777778
忠直,0.5555555555555556,positive,0.5555555555555556
忠肝义胆,1.0,positive,1.0
忠臣,0.7777777777777778,positive,0.7777777777777778
忠良,0.5555555555555556,positive,0.5555555555555556
忠言,0.7777777777777778,positive,0.7777777777777778
忠言逆耳,0.5555555555555556,positive,0.5555555555555556
忠诚,0.5555555555555556,positive,0.5555555555555556
忠贞,0.5555555555555556,positive,0.5555555555555556
忠贞不屈,0.5555555555555556,positive,0.5555555555555556
忠贞不渝,0.5555555555555556,positive,0.5555555555555556
忠顺,0.5555555555555556,positive,0.5555555555555556
忠驱义感,0.5555555555555556,positive,0.5555555555555556
忠骨,0.5555555555555556,positive,0.5555555555555556
忠魂,0.7777777777777778,positive,0.7777777777777778
忧公忘私,0.5555555555555556,positive,0.5555555555555556
忧公无私,1.0,positive,1.0
忧国奉公,1.0,positive,1.0
忧国如家,0.7777777777777778,positive,0.7777777777777778
忧国忘家,1.0,positive,1.0
忧国忘身,1.0,positive,1.0
忧国忧民,0.5555555555555556,positive,0.5555555555555556
忧国恤民,1.0,positive,1.0
忧国爱民,0.5555555555555556,positive,0.5555555555555556
忧深思远,0.3333333333333333,positive,0.3333333333333333
快乐,0.5555555555555556,positive,0.5555555555555556
快人快事,0.3333333333333333,positive,0.3333333333333333
快人快性,0.7777777777777778,positive,0.7777777777777778
快人快语,0.3333333333333333,positive,0.3333333333333333
快刀斩乱丝,0.7777777777777778,positive,0.7777777777777778
快刀斩乱麻,0.3333333333333333,positive,0.3333333333333333
快刀斩麻,1.0,positive,1.0
快心满志,1.0,positive,1.0
快心满意,1.0,positive,1.0
快心遂意,0.7777777777777778,positive,0.7777777777777778
快意,0.5555555555555556,positive,0.5555555555555556
快感,0.5555555555555556,positive,0.5555555555555556
快慰,0.5555555555555556,positive,0.5555555555555556
快捷,0.5555555555555556,positive,0.5555555555555556
快活,0.7777777777777778,positive,0.7777777777777778
快速,0.5555555555555556,positive,0.5555555555555556
忿不顾身,0.7777777777777778,positive,0.7777777777777778
怀才抱器,0.7777777777777778,positive,0.7777777777777778
怀材抱器,0.7777777777777778,positive,0.7777777777777778
怀柔天下,1.0,positive,1.0
怀珠抱玉,0.7777777777777778,positive,0.7777777777777778
怀珠韫玉,0.7777777777777778,positive,0.7777777777777778
怀瑾握瑜,0.7777777777777778,positive,0.7777777777777778
怀里装梳子－舒心,0.5555555555555556,positive,0.5555555555555556
怀铅提椠,0.1111111111111111,positive,0.1111111111111111
怀银纡紫,0.5555555555555556,positive,0.5555555555555556
怒蛙可式,0.7777777777777778,positive,0.7777777777777778
怜我怜卿,0.7777777777777778,positive,0.7777777777777778
怜贫恤老,0.7777777777777778,positive,0.7777777777777778
怜贫惜老,0.7777777777777778,positive,0.7777777777777778
怜香惜玉,0.7777777777777778,positive,0.7777777777777778
思乡,0.5555555555555556,positive,0.5555555555555556
思同再造,0.7777777777777778,positive,0.7777777777777778
思如涌泉,0.5555555555555556,positive,0.5555555555555556
思恋,0.5555555555555556,positive,0.5555555555555556
思深义重,0.5555555555555556,positive,0.5555555555555556
思贤如渴,0.5555555555555556,positive,0.5555555555555556
思路清晰,1.0,positive,1.0
怡乐,0.5555555555555556,positive,0.5555555555555556
怡悦,0.5555555555555556,positive,0.5555555555555556
怡情悦性,0.7777777777777778,positive,0.7777777777777778
怡然,0.5555555555555556,positive,0.5555555555555556
怡然自得,0.5555555555555556,positive,0.5555555555555556
怡神,0.5555555555555556,positive,0.5555555555555556
急中生智,0.3333333333333333,positive,0.3333333333333333
急先锋,0.7777777777777778,positive,0.7777777777777778
急公好施,0.5555555555555556,positive,0.5555555555555556
急智,0.3333333333333333,positive,0.3333333333333333
急起直迫,0.5555555555555556,positive,0.5555555555555556
性情温良,1.0,positive,1.0
性感,0.5555555555555556,positive,0.5555555555555556
怨不得,0.5555555555555556,positive,0.5555555555555556
怯防勇战,0.5555555555555556,positive,0.5555555555555556
总角之交,0.5555555555555556,positive,0.5555555555555556
恋恋难舍,1.0,positive,1.0
恒久,0.5555555555555556,positive,0.5555555555555556
恒心,0.5555555555555556,positive,0.5555555555555556
恒性,0.3333333333333333,positive,0.3333333333333333
恢复,0.1111111111111111,positive,0.1111111111111111
恢宏,1.0,positive,1.0
恢廓,0.5555555555555556,positive,0.5555555555555556
恢弘,1.0,positive,1.0
恨相知晚,0.6666666666666666,positive,0.6666666666666666
恩义,0.3333333333333333,positive,0.3333333333333333
恩公,0.3333333333333333,positive,0.3333333333333333
恩同再造,0.7777777777777778,positive,0.7777777777777778
恩同山岳,0.7777777777777778,positive,0.7777777777777778
恩同父母,1.0,positive,1.0
恩德,0.3333333333333333,positive,0.3333333333333333
恩泽,0.5555555555555556,positive,0.5555555555555556
恩深义重,0.7777777777777778,positive,0.7777777777777778
恩爱,0.3333333333333333,positive,0.3333333333333333
恩物,0.5555555555555556,positive,0.5555555555555556
恩荣,0.3333333333333333,positive,0.3333333333333333
恩遇,0.7777777777777778,positive,0.7777777777777778
恩重如山,0.7777777777777778,positive,0.7777777777777778
恪守不渝,0.7777777777777778,positive,0.7777777777777778
恬不为意,0.7777777777777778,positive,0.7777777777777778
恬不知怪,0.7777777777777778,positive,0.7777777777777778
恬淡,1.0,positive,1.0
恬淡无为,0.7777777777777778,positive,0.7777777777777778
恬然,0.1111111111111111,positive,0.1111111111111111
恬然自足,0.5555555555555556,positive,0.5555555555555556
恬美,0.5555555555555556,positive,0.5555555555555556
恬谧,0.3333333333333333,positive,0.3333333333333333
恬适,1.0,positive,1.0
恬静,0.3333333333333333,positive,0.3333333333333333
恭候,0.5555555555555556,positive,0.5555555555555556
恭喜,0.5555555555555556,positive,0.5555555555555556
恭恭敬敬,0.5555555555555556,positive,0.5555555555555556
恭敬,0.5555555555555556,positive,0.5555555555555556
恭正,0.3333333333333333,positive,0.3333333333333333
恭祝,0.5555555555555556,positive,0.5555555555555556
恭肃,0.3333333333333333,positive,0.3333333333333333
恭谨,0.5555555555555556,positive,0.5555555555555556
恭贺,0.5555555555555556,positive,0.5555555555555556
息息相关,0.5555555555555556,positive,0.5555555555555556
息息相通,0.5555555555555556,positive,0.5555555555555556
息黥补劓,0.5555555555555556,positive,0.5555555555555556
恰到好处,0.7777777777777778,positive,0.7777777777777778
恰如其分,0.7777777777777778,positive,0.7777777777777778
恰当,0.5555555555555556,positive,0.5555555555555556
恳切,0.5555555555555556,positive,0.5555555555555556
恳挚,0.5555555555555556,positive,0.5555555555555556
恶不去善,0.7777777777777778,positive,0.7777777777777778
恶尘无染,0.5555555555555556,positive,0.5555555555555556
恶衣粝食,0.5555555555555556,positive,0.5555555555555556
恶衣菲食,0.5555555555555556,positive,0.5555555555555556
恶衣蔬食,0.5555555555555556,positive,0.5555555555555556
恺悌,0.5555555555555556,positive,0.5555555555555556
恻隐之心,0.3333333333333333,positive,0.3333333333333333
悃幅无华,0.7777777777777778,positive,0.7777777777777778
悃愊无华,0.3333333333333333,positive,0.3333333333333333
悃诚,0.5555555555555556,positive,0.5555555555555556
悉心,0.5555555555555556,positive,0.5555555555555556
悉索敝赋,0.5555555555555556,positive,0.5555555555555556
悍勇,0.1111111111111111,positive,0.1111111111111111
悍将,0.3333333333333333,positive,0.3333333333333333
悔改,0.5555555555555556,positive,0.5555555555555556
悔罪自新,0.5555555555555556,positive,0.5555555555555556
悔过自新,0.5555555555555556,positive,0.5555555555555556
悠久,0.5555555555555556,positive,0.5555555555555556
悠扬,0.7777777777777778,positive,0.7777777777777778
悠然自得,0.3333333333333333,positive,0.3333333333333333
悠远,0.3333333333333333,positive,0.3333333333333333
悠闲自在,0.3333333333333333,positive,0.3333333333333333
患难与共,0.7777777777777778,positive,0.7777777777777778
悦目,0.5555555555555556,positive,0.5555555555555556
悦近来远,0.5555555555555556,positive,0.5555555555555556
悬崖勒马,0.1111111111111111,positive,0.1111111111111111
悬梁刺股,0.3333333333333333,positive,0.3333333333333333
悬河泻水,0.7777777777777778,positive,0.7777777777777778
悬灯结彩,0.7777777777777778,positive,0.7777777777777778
悬石程书,0.7777777777777778,positive,0.7777777777777778
悲壮,0.7777777777777778,positive,0.7777777777777778
悼念,0.5555555555555556,positive,0.5555555555555556
情不自禁,0.3333333333333333,positive,0.3333333333333333
情义,0.7777777777777778,positive,0.7777777777777778
情事,0.7777777777777778,positive,0.7777777777777778
情人,0.7777777777777778,positive,0.7777777777777778
情侣,0.7777777777777778,positive,0.7777777777777778
情分,0.3333333333333333,positive,0.3333333333333333
情同手足,0.7777777777777778,positive,0.7777777777777778
情味,0.5555555555555556,positive,0.5555555555555556
情坚金石,0.5555555555555556,positive,0.5555555555555556
情天孽海,0.7777777777777778,positive,0.7777777777777778
情急智生,0.1111111111111111,positive,0.1111111111111111
情恕理遣,0.3333333333333333,positive,0.3333333333333333
情意恳挚,0.5555555555555556,positive,0.5555555555555556
情意绵绵,0.7777777777777778,positive,0.7777777777777778
情愫,0.3333333333333333,positive,0.3333333333333333
情操,0.5555555555555556,positive,0.5555555555555556
情文并茂,0.7777777777777778,positive,0.7777777777777778
情有可原,0.1111111111111111,positive,0.1111111111111111
情歌,0.7777777777777778,positive,0.7777777777777778
情深一往,0.5555555555555556,positive,0.5555555555555556
情深义重,0.5555555555555556,positive,0.5555555555555556
情深意重,0.5555555555555556,positive,0.5555555555555556
情深潭水,0.7777777777777778,positive,0.7777777777777778
情理,0.5555555555555556,positive,0.5555555555555556
情真意切,0.7777777777777778,positive,0.7777777777777778
情见乎辞,0.3333333333333333,positive,0.3333333333333333
情话,0.7777777777777778,positive,0.7777777777777778
情调,0.5555555555555556,positive,0.5555555555555556
情谊,0.7777777777777778,positive,0.7777777777777778
情郎,0.7777777777777778,positive,0.7777777777777778
情面难却,0.5555555555555556,positive,0.5555555555555556
情韵,0.3333333333333333,positive,0.3333333333333333
惊世骇俗,0.7777777777777778,positive,0.7777777777777778
惊佩,0.5555555555555556,positive,0.5555555555555556
惊喜,0.7777777777777778,positive,0.7777777777777778
惊喜交集,0.5555555555555556,positive,0.5555555555555556
惊喜欲狂,1.0,positive,1.0
惊喜若狂,1.0,positive,1.0
惊天地泣鬼神,0.5555555555555556,positive,0.5555555555555556
惊才绝艳,0.5555555555555556,positive,0.5555555555555556
惊才风逸,0.5555555555555556,positive,0.5555555555555556
惊起梁尘,0.5555555555555556,positive,0.5555555555555556
惊采绝艳,0.5555555555555556,positive,0.5555555555555556
惜别,0.5555555555555556,positive,0.5555555555555556
惜墨如金,0.7777777777777778,positive,0.7777777777777778
惜客好义,0.7777777777777778,positive,0.7777777777777778
惜玉怜香,0.6666666666666666,positive,0.6666666666666666
惜老怜贫,0.1111111111111111,positive,0.1111111111111111
惟力是视,1.0,positive,1.0
惟妙惟肖,0.7777777777777778,positive,0.7777777777777778
惟精惟一,1.0,positive,1.0
惠及,0.5555555555555556,positive,0.5555555555555556
惠子知我,0.5555555555555556,positive,0.5555555555555556
惠尔不费,0.7777777777777778,positive,0.7777777777777778
惠然,0.5555555555555556,positive,0.5555555555555556
惠而不费,0.5555555555555556,positive,0.5555555555555556
惠风,0.5555555555555556,positive,0.5555555555555556
惨淡经营,0.3333333333333333,positive,0.3333333333333333
惨绿少年,0.5555555555555556,positive,0.5555555555555556
惨绿年华,0.5555555555555556,positive,0.5555555555555556
惩前毖后,0.5555555555555556,positive,0.5555555555555556
惩恶劝善,0.5555555555555556,positive,0.5555555555555556
惬当,0.7777777777777778,positive,0.7777777777777778
惬心,0.3333333333333333,positive,0.3333333333333333
惬意,0.5555555555555556,positive,0.5555555555555556
想望风采,0.5555555555555556,positive,0.5555555555555556
惹眼,0.7777777777777778,positive,0.7777777777777778
惺惺相惜,0.7777777777777778,positive,0.7777777777777778
愁云,0.5555555555555556,positive,0.5555555555555556
愈合,0.5555555555555556,positive,0.5555555555555556
愉乐,0.5555555555555556,positive,0.5555555555555556
愉悦,0.5555555555555556,positive,0.5555555555555556
意中人,0.5555555555555556,positive,0.5555555555555556
意前笔后,0.5555555555555556,positive,0.5555555555555556
意境,0.3333333333333333,positive,0.3333333333333333
意志,0.5555555555555556,positive,0.5555555555555556
意气扬扬,0.7777777777777778,positive,0.7777777777777778
意气相投,0.3333333333333333,positive,0.3333333333333333
意气风发,0.7777777777777778,positive,0.7777777777777778
意气飞扬,0.5555555555555556,positive,0.5555555555555556
意蕴,0.5555555555555556,positive,0.5555555555555556
感人,0.5555555555555556,positive,0.5555555555555556
感人心脾,1.0,positive,1.0
感人肺腑,0.3333333333333333,positive,0.3333333333333333
感今怀昔,0.7777777777777778,positive,0.7777777777777778
感今思昔,0.7777777777777778,positive,0.7777777777777778
感今惟昔,0.7777777777777778,positive,0.7777777777777778
感佩,0.5555555555555556,positive,0.5555555555555556
感动中,0.3333333333333333,positive,0.3333333333333333
感召,0.1111111111111111,positive,0.1111111111111111
感同身受,0.3333333333333333,positive,0.3333333333333333
感天动地,1.0,positive,1.0
感奋,0.3333333333333333,positive,0.3333333333333333
感恩图报,0.5555555555555556,positive,0.5555555555555556
感恩怀德,1.0,positive,1.0
感恩戴德,1.0,positive,1.0
感慨系之,0.7777777777777778,positive,0.7777777777777778
感染力,0.5555555555555556,positive,0.5555555555555556
感激,0.3333333333333333,positive,0.3333333333333333
感激涕零,0.3333333333333333,positive,0.3333333333333333
感谢,0.3333333333333333,positive,0.3333333333333333
愤不顾身,0.7777777777777778,positive,0.7777777777777778
愧色,0.7777777777777778,positive,0.7777777777777778
愿望,0.5555555555555556,positive,0.5555555555555556
慈亲,0.5555555555555556,positive,0.5555555555555556
慈和,0.5555555555555556,positive,0.5555555555555556
慈善,0.5555555555555556,positive,0.5555555555555556
慈心,0.5555555555555556,positive,0.5555555555555556
慈怜,0.5555555555555556,positive,0.5555555555555556
慈悲,0.5555555555555556,positive,0.5555555555555556
慈悲为怀,0.3333333333333333,positive,0.3333333333333333
慈慧,0.5555555555555556,positive,0.5555555555555556
慈爱,0.5555555555555556,positive,0.5555555555555556
慈眉善目,0.5555555555555556,positive,0.5555555555555556
慈祥,0.5555555555555556,positive,0.5555555555555556
慈蔼,0.5555555555555556,positive,0.5555555555555556
慈颜,0.5555555555555556,positive,0.5555555555555556
慎终追远,0.3333333333333333,positive,0.3333333333333333
慎重,0.5555555555555556,positive,0.5555555555555556
慧心,1.0,positive,1.0
慧眼,1.0,positive,1.0
慧眼独具,0.1111111111111111,positive,0.1111111111111111
慰劳,0.1111111111111111,positive,0.1111111111111111
慷慨,0.5555555555555556,positive,0.5555555555555556
慷慨激昂,0.7777777777777778,positive,0.7777777777777778
慷慨解囊,0.7777777777777778,positive,0.7777777777777778
慷慨赴义,0.7777777777777778,positive,0.7777777777777778
慷慨陈词,0.3333333333333333,positive,0.3333333333333333
憔神悴力,0.5555555555555556,positive,0.5555555555555556
憞信明义,0.7777777777777778,positive,0.7777777777777778
憨厚,0.5555555555555556,positive,0.5555555555555556
憨实,0.3333333333333333,positive,0.3333333333333333
憨态,0.3333333333333333,positive,0.3333333333333333
憨直,0.5555555555555556,positive,0.5555555555555556
懂事,0.5555555555555556,positive,0.5555555555555556
懂礼,0.5555555555555556,positive,0.5555555555555556
懂行,0.5555555555555556,positive,0.5555555555555556
懂门儿,0.5555555555555556,positive,0.5555555555555556
戆直,0.3333333333333333,positive,0.3333333333333333
成亲,0.7777777777777778,positive,0.7777777777777778
成人之美,0.5555555555555556,positive,0.5555555555555556
成仁,0.7777777777777778,positive,0.7777777777777778
成仁取义,0.7777777777777778,positive,0.7777777777777778
成功,0.3333333333333333,positive,0.3333333333333333
成名,0.5555555555555556,positive,0.5555555555555556
成器,0.5555555555555556,positive,0.5555555555555556
成就,0.5555555555555556,positive,0.5555555555555556
成效,0.5555555555555556,positive,0.5555555555555556
成材,0.5555555555555556,positive,0.5555555555555556
成果,0.3333333333333333,positive,0.3333333333333333
成气候,0.7777777777777778,positive,0.7777777777777778
成章,0.3333333333333333,positive,0.3333333333333333
成竹在胸,0.5555555555555556,positive,0.5555555555555556
我武惟扬,1.0,positive,1.0
我见犹怜,0.5555555555555556,positive,0.5555555555555556
我负子戴,0.3333333333333333,positive,0.3333333333333333
我踩,0.7777777777777778,positive,0.7777777777777778
我醉欲眠,1.0,positive,1.0
我顶顶顶,0.7777777777777778,positive,0.7777777777777778
我黼子佩,0.7777777777777778,positive,0.7777777777777778
戒骄戒操,0.5555555555555556,positive,0.5555555555555556
战功,0.3333333333333333,positive,0.3333333333333333
战无不克,0.5555555555555556,positive,0.5555555555555556
战无不胜,0.5555555555555556,positive,0.5555555555555556
战无不胜，攻无不克,0.7777777777777778,positive,0.7777777777777778
战无不胜，攻无不取,0.7777777777777778,positive,0.7777777777777778
战果,0.3333333333333333,positive,0.3333333333333333
战鹰,0.7777777777777778,positive,0.7777777777777778
戛戛独造,0.7777777777777778,positive,0.7777777777777778
戞戛独造,0.3333333333333333,positive,0.3333333333333333
截发剉稾,0.5555555555555556,positive,0.5555555555555556
截发留宾,0.5555555555555556,positive,0.5555555555555556
截断众流,0.7777777777777778,positive,0.7777777777777778
截铁斩钉,0.5555555555555556,positive,0.5555555555555556
截长补短,0.5555555555555556,positive,0.5555555555555556
戮力一心,0.7777777777777778,positive,0.7777777777777778
戮力同心,1.0,positive,1.0
戮力壹心,0.7777777777777778,positive,0.7777777777777778
戴圆履方,0.5555555555555556,positive,0.5555555555555556
戴天履地,0.5555555555555556,positive,0.5555555555555556
戴天蹐地,0.5555555555555556,positive,0.5555555555555556
戴头识脸,0.5555555555555556,positive,0.5555555555555556
戴月披星,0.5555555555555556,positive,0.5555555555555556
戴清履浊,0.5555555555555556,positive,0.5555555555555556
戴玄履黄,0.5555555555555556,positive,0.5555555555555556
戴笠乘车,0.5555555555555556,positive,0.5555555555555556
戴笠故交,0.5555555555555556,positive,0.5555555555555556
戴霜履冰,0.5555555555555556,positive,0.5555555555555556
戴鸡佩豚,0.5555555555555556,positive,0.5555555555555556
户限为穿,0.7777777777777778,positive,0.7777777777777778
房谋杜断,0.7777777777777778,positive,0.7777777777777778
所向克捷,1.0,positive,1.0
所向披靡,0.7777777777777778,positive,0.7777777777777778
所向无前,0.7777777777777778,positive,0.7777777777777778
所向无敌,0.5555555555555556,positive,0.5555555555555556
所向皆靡,1.0,positive,1.0
所当无敌,1.0,positive,1.0
手不释书,0.5555555555555556,positive,0.5555555555555556
手不释卷,0.3333333333333333,positive,0.3333333333333333
手到拈来,0.5555555555555556,positive,0.5555555555555556
手到擒来,0.5555555555555556,positive,0.5555555555555556
手到病除,0.5555555555555556,positive,0.5555555555555556
手快,0.5555555555555556,positive,0.5555555555555556
手急眼快,0.5555555555555556,positive,0.5555555555555556
手拜,0.7777777777777778,positive,0.7777777777777778
手疾眼快,0.5555555555555556,positive,0.5555555555555556
手脚乾净,0.5555555555555556,positive,0.5555555555555556
手脚麻利,0.5555555555555556,positive,0.5555555555555556
手舞足蹈,1.0,positive,1.0
手足之情,0.8888888888888888,positive,0.8888888888888888
手足胼胝,0.7777777777777778,positive,0.7777777777777778
才俊,0.5555555555555556,positive,0.5555555555555556
才分,0.5555555555555556,positive,0.5555555555555556
才华,0.7777777777777778,positive,0.7777777777777778
才华横溢,0.7777777777777778,positive,0.7777777777777778
才名,0.5555555555555556,positive,0.5555555555555556
才女,0.7777777777777778,positive,0.7777777777777778
才子,0.7777777777777778,positive,0.7777777777777778
才子佳人,0.3333333333333333,positive,0.3333333333333333
才学,0.5555555555555556,positive,0.5555555555555556
才干,0.5555555555555556,positive,0.5555555555555556
才思,0.5555555555555556,positive,0.5555555555555556
才思敏捷,0.7777777777777778,positive,0.7777777777777778
才情,0.5555555555555556,positive,0.5555555555555556
才智,0.5555555555555556,positive,0.5555555555555556
才望,0.5555555555555556,positive,0.5555555555555556
才气,0.5555555555555556,positive,0.5555555555555556
才气横溢,0.7777777777777778,positive,0.7777777777777778
才气过人,1.0,positive,1.0
才略,0.7777777777777778,positive,0.7777777777777778
才略过人,0.7777777777777778,positive,0.7777777777777778
才疏志大,0.5555555555555556,positive,0.5555555555555556
才能,0.5555555555555556,positive,0.5555555555555556
才艺,0.5555555555555556,positive,0.5555555555555556
才誇八斗,0.5555555555555556,positive,0.5555555555555556
才识,0.5555555555555556,positive,0.5555555555555556
才识过人,0.1111111111111111,positive,0.1111111111111111
才调,0.5555555555555556,positive,0.5555555555555556
才调秀出,0.5555555555555556,positive,0.5555555555555556
才貌双全,0.7777777777777778,positive,0.7777777777777778
才貌超群,1.0,positive,1.0
才贯二酉,0.7777777777777778,positive,0.7777777777777778
才赋,0.5555555555555556,positive,0.5555555555555556
才过屈宋,1.0,positive,1.0
才高七步,0.5555555555555556,positive,0.5555555555555556
才高八斗,0.7777777777777778,positive,0.7777777777777778
才高意广,0.7777777777777778,positive,0.7777777777777778
才高气清,0.5555555555555556,positive,0.5555555555555556
才高行洁,0.7777777777777778,positive,0.7777777777777778
扎实,0.5555555555555556,positive,0.5555555555555556
扎扎实实,1.0,positive,1.0
打先锋,0.5555555555555556,positive,0.5555555555555556
打前站,0.5555555555555556,positive,0.5555555555555556
打动,0.3333333333333333,positive,0.3333333333333333
打哈哈,0.7777777777777778,positive,0.7777777777777778
打富济贫,0.5555555555555556,positive,0.5555555555555556
打开天窗说亮话,0.8888888888888888,positive,0.8888888888888888
打恭作揖,0.5555555555555556,positive,0.5555555555555556
打成一片,0.5555555555555556,positive,0.5555555555555556
打抱不平,0.5555555555555556,positive,0.5555555555555556
打拱,0.5555555555555556,positive,0.5555555555555556
打拱作揖,0.5555555555555556,positive,0.5555555555555556
打拱作揖　,0.7777777777777778,positive,0.7777777777777778
打气,0.5555555555555556,positive,0.5555555555555556
打眼,0.1111111111111111,positive,0.1111111111111111
打破沙锅璺到底,0.7777777777777778,positive,0.7777777777777778
打破沙锅问到底,0.3333333333333333,positive,0.3333333333333333
打破砂锅璺到底,0.7777777777777778,positive,0.7777777777777778
打破砂锅问到底,0.7777777777777778,positive,0.7777777777777778
打躬,0.3333333333333333,positive,0.3333333333333333
打铁趁热,0.5555555555555556,positive,0.5555555555555556
扣人心弦,0.7777777777777778,positive,0.7777777777777778
扣楫中流,1.0,positive,1.0
执两用中,0.5555555555555556,positive,0.5555555555555556
执友,0.7777777777777778,positive,0.7777777777777778
执法不阿,0.5555555555555556,positive,0.5555555555555556
执法如山,0.5555555555555556,positive,0.5555555555555556
执法必严,0.1111111111111111,positive,0.1111111111111111
执牛耳,0.3333333333333333,positive,0.3333333333333333
执着,0.5555555555555556,positive,0.5555555555555556
执鞭坠镫,0.5555555555555556,positive,0.5555555555555556
执鞭随镫,0.5555555555555556,positive,0.5555555555555556
扪心无愧,0.7777777777777778,positive,0.7777777777777778
扫平,0.5555555555555556,positive,0.5555555555555556
扫榻,0.5555555555555556,positive,0.5555555555555556
扫榻以待,0.3333333333333333,positive,0.3333333333333333
扫眉才子,0.5555555555555556,positive,0.5555555555555556
扬名,0.5555555555555556,positive,0.5555555555555556
扬威耀武,0.7777777777777778,positive,0.7777777777777778
扬武耀威,1.0,positive,1.0
扬清激浊,0.5555555555555556,positive,0.5555555555555556
扬眉吐气,0.5555555555555556,positive,0.5555555555555556
扬眉瞬目,0.7777777777777778,positive,0.7777777777777778
扬葩振藻,1.0,positive,1.0
扭转乾坤,0.7777777777777778,positive,0.7777777777777778
扶倾济弱,0.7777777777777778,positive,0.7777777777777778
扶危定乱,1.0,positive,1.0
扶危定倾,1.0,positive,1.0
扶危拯溺,0.7777777777777778,positive,0.7777777777777778
扶危持倾,0.7777777777777778,positive,0.7777777777777778
扶危救困,0.7777777777777778,positive,0.7777777777777778
扶危济困,0.7777777777777778,positive,0.7777777777777778
扶危济困　,0.7777777777777778,positive,0.7777777777777778
扶危济急,0.7777777777777778,positive,0.7777777777777778
扶危翼倾,1.0,positive,1.0
扶善惩恶,0.7777777777777778,positive,0.7777777777777778
扶掖,0.3333333333333333,positive,0.3333333333333333
扶摇直上,0.3333333333333333,positive,0.3333333333333333
扶正黜邪,1.0,positive,1.0
扶疏,0.3333333333333333,positive,0.3333333333333333
扶老携幼,0.7777777777777778,positive,0.7777777777777778
批郤导窾,0.7777777777777778,positive,0.7777777777777778
批风抹月,0.1111111111111111,positive,0.1111111111111111
批鳞请剑,0.3333333333333333,positive,0.3333333333333333
承平,0.3333333333333333,positive,0.3333333333333333
承教,0.5555555555555556,positive,0.5555555555555556
承欢膝下,0.5555555555555556,positive,0.5555555555555556
承欢膝下　,0.5555555555555556,positive,0.5555555555555556
承蒙,0.5555555555555556,positive,0.5555555555555556
技艺,0.3333333333333333,positive,0.3333333333333333
技高一筹,0.3333333333333333,positive,0.3333333333333333
抃风儛润,0.5555555555555556,positive,0.5555555555555556
把兄弟,0.5555555555555556,positive,0.5555555555555556
把玩无厌,0.8888888888888888,positive,0.8888888888888888
把稳,0.5555555555555556,positive,0.5555555555555556
把酒持螯,0.5555555555555556,positive,0.5555555555555556
抑塞磊落,0.3333333333333333,positive,0.3333333333333333
抑强扶弱,0.7777777777777778,positive,0.7777777777777778
抑暴扶弱,0.7777777777777778,positive,0.7777777777777778
抓尖要强,0.5555555555555556,positive,0.5555555555555556
投传而去,0.3333333333333333,positive,0.3333333333333333
投刃皆虚,0.7777777777777778,positive,0.7777777777777778
投合,0.5555555555555556,positive,0.5555555555555556
投戈讲艺,0.5555555555555556,positive,0.5555555555555556
投木报琼,0.7777777777777778,positive,0.7777777777777778
投桃之报,1.0,positive,1.0
投桃报李,1.0,positive,1.0
投梭之拒,0.1111111111111111,positive,0.1111111111111111
投梭折齿,0.3333333333333333,positive,0.3333333333333333
投缘,0.5555555555555556,positive,0.5555555555555556
投袂而起,1.0,positive,1.0
投鞭断流,0.5555555555555556,positive,0.5555555555555556
抖擞,0.3333333333333333,positive,0.3333333333333333
折冲之臣,0.5555555555555556,positive,0.5555555555555556
折节下士,0.5555555555555556,positive,0.5555555555555556
折节读书,1.0,positive,1.0
抚躬自问,0.7777777777777778,positive,0.7777777777777778
抚躬责己,0.5555555555555556,positive,0.5555555555555556
抛砖引玉,0.3333333333333333,positive,0.3333333333333333
抟心壹志,0.7777777777777778,positive,0.7777777777777778
抟心揖志,0.7777777777777778,positive,0.7777777777777778
抢手,0.1111111111111111,positive,0.1111111111111111
抢眼,0.3333333333333333,positive,0.3333333333333333
抢险,0.5555555555555556,positive,0.5555555555555556
护佑,0.3333333333333333,positive,0.3333333333333333
护国佑民,1.0,positive,1.0
报偿,0.7777777777777778,positive,0.7777777777777778
报喜,0.5555555555555556,positive,0.5555555555555556
报国,0.5555555555555556,positive,0.5555555555555556
报德,0.3333333333333333,positive,0.3333333333333333
报恩,0.3333333333333333,positive,0.3333333333333333
报捷,0.5555555555555556,positive,0.5555555555555556
报效,0.5555555555555556,positive,0.5555555555555556
报本反始,0.7777777777777778,positive,0.7777777777777778
报本返始,1.0,positive,1.0
报答,0.5555555555555556,positive,0.5555555555555556
报谢,0.3333333333333333,positive,0.3333333333333333
披坚执锐,0.5555555555555556,positive,0.5555555555555556
披心沥血,1.0,positive,1.0
披心相付,0.6666666666666666,positive,0.6666666666666666
披星戴月,0.7777777777777778,positive,0.7777777777777778
披榛采兰,0.3333333333333333,positive,0.3333333333333333
披沙拣金,0.1111111111111111,positive,0.1111111111111111
披沥,0.5555555555555556,positive,0.5555555555555556
披沥肝胆,0.5555555555555556,positive,0.5555555555555556
披甲,0.5555555555555556,positive,0.5555555555555556
披红戴花,0.7777777777777778,positive,0.7777777777777778
披肝沥胆,0.7777777777777778,positive,0.7777777777777778
披肝沥血,0.5555555555555556,positive,0.5555555555555556
披肝露胆,0.5555555555555556,positive,0.5555555555555556
披胆,0.5555555555555556,positive,0.5555555555555556
披荆斩棘,0.7777777777777778,positive,0.7777777777777778
披裘负薪,0.3333333333333333,positive,0.3333333333333333
披襟解带,0.5555555555555556,positive,0.5555555555555556
披露肝胆,0.7777777777777778,positive,0.7777777777777778
披露腹心,0.5555555555555556,positive,0.5555555555555556
抬举,0.3333333333333333,positive,0.3333333333333333
抱不平,0.1111111111111111,positive,0.1111111111111111
抱子弄孙,0.5555555555555556,positive,0.5555555555555556
抱打不平,0.5555555555555556,positive,0.5555555555555556
抱朴含真,0.5555555555555556,positive,0.5555555555555556
抱柱之信,0.7777777777777778,positive,0.7777777777777778
抱椠怀铅,0.5555555555555556,positive,0.5555555555555556
抱玉握珠,0.5555555555555556,positive,0.5555555555555556
抱表寝绳,0.5555555555555556,positive,0.5555555555555556
抱诚守真,0.5555555555555556,positive,0.5555555555555556
抱负,0.5555555555555556,positive,0.5555555555555556
抱负不凡,0.7777777777777778,positive,0.7777777777777778
抵事,0.3333333333333333,positive,0.3333333333333333
抵御,0.3333333333333333,positive,0.3333333333333333
抵抗,0.5555555555555556,positive,0.5555555555555556
抵掌,0.7777777777777778,positive,0.7777777777777778
抵掌而谈,0.7777777777777778,positive,0.7777777777777778
拄笏看山,0.7777777777777778,positive,0.7777777777777778
拄笏西山,0.7777777777777778,positive,0.7777777777777778
拄颊看山,0.7777777777777778,positive,0.7777777777777778
拈花微笑,0.3333333333333333,positive,0.3333333333333333
拉朽摧枯,0.3333333333333333,positive,0.3333333333333333
拉枯折朽,0.3333333333333333,positive,0.3333333333333333
拍手叫好,0.3333333333333333,positive,0.3333333333333333
拍手称快,0.5555555555555556,positive,0.5555555555555556
拍案叫绝,0.5555555555555556,positive,0.5555555555555556
拏风跃云,0.5555555555555556,positive,0.5555555555555556
拔丛出类,0.7777777777777778,positive,0.7777777777777778
拔份儿,0.5555555555555556,positive,0.5555555555555556
拔刀相助,0.5555555555555556,positive,0.5555555555555556
拔地倚天,0.5555555555555556,positive,0.5555555555555556
拔尖,0.5555555555555556,positive,0.5555555555555556
拔尖儿,0.5555555555555556,positive,0.5555555555555556
拔山举鼎,0.5555555555555556,positive,0.5555555555555556
拔山扛鼎,0.1111111111111111,positive,0.1111111111111111
拔山盖世,0.7777777777777778,positive,0.7777777777777778
拔山超海,0.5555555555555556,positive,0.5555555555555556
拔新领异,0.7777777777777778,positive,0.7777777777777778
拔本塞原,0.7777777777777778,positive,0.7777777777777778
拔树寻根,0.7777777777777778,positive,0.7777777777777778
拔犀擢象,0.3333333333333333,positive,0.3333333333333333
拔类超群,0.5555555555555556,positive,0.5555555555555556
拔群出萃,0.5555555555555556,positive,0.5555555555555556
拔萃,0.7777777777777778,positive,0.7777777777777778
拔萃出类,0.7777777777777778,positive,0.7777777777777778
拔萃出群,0.5555555555555556,positive,0.5555555555555556
拖金委紫,0.7777777777777778,positive,0.7777777777777778
拖青纡紫,0.7777777777777778,positive,0.7777777777777778
拙朴,0.3333333333333333,positive,0.3333333333333333
拙直,0.3333333333333333,positive,0.3333333333333333
拙笔,0.7777777777777778,positive,0.7777777777777778
拙荆,0.7777777777777778,positive,0.7777777777777778
拙见,0.5555555555555556,positive,0.5555555555555556
拚命,0.7777777777777778,positive,0.7777777777777778
拜会,0.5555555555555556,positive,0.5555555555555556
拜倒辕门,0.7777777777777778,positive,0.7777777777777778
拜候,0.5555555555555556,positive,0.5555555555555556
拜别,0.5555555555555556,positive,0.5555555555555556
拜堂,0.5555555555555556,positive,0.5555555555555556
拜天地,0.5555555555555556,positive,0.5555555555555556
拜客,0.5555555555555556,positive,0.5555555555555556
拜寿,0.5555555555555556,positive,0.5555555555555556
拜将封侯,0.5555555555555556,positive,0.5555555555555556
拜年,0.5555555555555556,positive,0.5555555555555556
拜恩私室,0.7777777777777778,positive,0.7777777777777778
拜恳,0.3333333333333333,positive,0.3333333333333333
拜扫,0.5555555555555556,positive,0.5555555555555556
拜把子,0.5555555555555556,positive,0.5555555555555556
拜服,0.3333333333333333,positive,0.3333333333333333
拜望,0.5555555555555556,positive,0.5555555555555556
拜聆,0.7777777777777778,positive,0.7777777777777778
拜节,0.5555555555555556,positive,0.5555555555555556
拜见,0.5555555555555556,positive,0.5555555555555556
拜认,0.5555555555555556,positive,0.5555555555555556
拜访,0.3333333333333333,positive,0.3333333333333333
拜识,0.5555555555555556,positive,0.5555555555555556
拜请,0.5555555555555556,positive,0.5555555555555556
拜读,0.3333333333333333,positive,0.3333333333333333
拜谒,0.5555555555555556,positive,0.5555555555555556
拜辞,0.5555555555555556,positive,0.5555555555555556
拜领,0.5555555555555556,positive,0.5555555555555556
拥戴,1.0,positive,1.0
拥护,0.7777777777777778,positive,0.7777777777777778
拥抱,0.7777777777777778,positive,0.7777777777777778
拥政爱民,0.5555555555555556,positive,0.5555555555555556
拨乱为治,0.5555555555555556,positive,0.5555555555555556
拨乱反正,0.5555555555555556,positive,0.5555555555555556
拨乱反治,0.5555555555555556,positive,0.5555555555555556
拨草瞻风,0.5555555555555556,positive,0.5555555555555556
择善而从,0.3333333333333333,positive,0.3333333333333333
择地而蹈,0.5555555555555556,positive,0.5555555555555556
括目相待,0.5555555555555556,positive,0.5555555555555556
拭面容言,0.7777777777777778,positive,0.7777777777777778
拯救,0.5555555555555556,positive,0.5555555555555556
拱挹指麾,0.7777777777777778,positive,0.7777777777777778
拱揖指挥,0.5555555555555556,positive,0.5555555555555556
拱揖指麾,0.5555555555555556,positive,0.5555555555555556
拱服,0.5555555555555556,positive,0.5555555555555556
拱立,0.5555555555555556,positive,0.5555555555555556
拳不离手，曲不离口,0.7777777777777778,positive,0.7777777777777778
拳拳,0.7777777777777778,positive,0.7777777777777778
拳拳服膺,0.7777777777777778,positive,0.7777777777777778
拾带重还,0.5555555555555556,positive,0.5555555555555556
拾金不昧,0.7777777777777778,positive,0.7777777777777778
拿手,0.5555555555555556,positive,0.5555555555555556
拿手好戏,0.5555555555555556,positive,0.5555555555555556
拿获,0.5555555555555556,positive,0.5555555555555556
持之以恒,0.5555555555555556,positive,0.5555555555555556
持之有故,0.1111111111111111,positive,0.1111111111111111
持家,0.5555555555555556,positive,0.5555555555555556
持平,0.3333333333333333,positive,0.3333333333333333
持平之论,0.3333333333333333,positive,0.3333333333333333
持正不阿,0.7777777777777778,positive,0.7777777777777778
持盈保泰,0.7777777777777778,positive,0.7777777777777778
持盈守虚,0.1111111111111111,positive,0.1111111111111111
持重,0.5555555555555556,positive,0.5555555555555556
持重待机,0.3333333333333333,positive,0.3333333333333333
挂灯结彩,0.7777777777777778,positive,0.7777777777777778
挂牵,0.3333333333333333,positive,0.3333333333333333
挂肚牵肠,1.0,positive,1.0
指天誓心,0.7777777777777778,positive,0.7777777777777778
指天誓日,0.7777777777777778,positive,0.7777777777777778
指导,0.3333333333333333,positive,0.3333333333333333
指挥若定,1.0,positive,1.0
指教,0.5555555555555556,positive,0.5555555555555556
指日可下,0.3333333333333333,positive,0.3333333333333333
指日誓心,0.5555555555555556,positive,0.5555555555555556
按强助弱,0.7777777777777778,positive,0.7777777777777778
按时,0.5555555555555556,positive,0.5555555555555556
按期,0.5555555555555556,positive,0.5555555555555556
按荆斩棘,0.7777777777777778,positive,0.7777777777777778
挚切,0.7777777777777778,positive,0.7777777777777778
挚友,0.7777777777777778,positive,0.7777777777777778
挚情,0.7777777777777778,positive,0.7777777777777778
挚敬,0.7777777777777778,positive,0.7777777777777778
挚诚,0.7777777777777778,positive,0.7777777777777778
挥戈,0.5555555555555556,positive,0.5555555555555556
挥戈反日,0.7777777777777778,positive,0.7777777777777778
挥戈回日,1.0,positive,1.0
挥戈退日,1.0,positive,1.0
挥日阳戈,1.0,positive,1.0
挥毫,0.5555555555555556,positive,0.5555555555555556
挥沐吐餐,0.7777777777777778,positive,0.7777777777777778
挥洒,0.5555555555555556,positive,0.5555555555555556
挥洒自如,0.7777777777777778,positive,0.7777777777777778
振作,0.1111111111111111,positive,0.1111111111111111
振发,0.5555555555555556,positive,0.5555555555555556
振奋人心,0.5555555555555556,positive,0.5555555555555556
振臂一呼,0.5555555555555556,positive,0.5555555555555556
挺拔,0.5555555555555556,positive,0.5555555555555556
挺秀,0.5555555555555556,positive,0.5555555555555556
挺立,0.3333333333333333,positive,0.3333333333333333
挺而走险,1.0,positive,1.0
挺身而出,0.5555555555555556,positive,0.5555555555555556
挺进,0.1111111111111111,positive,0.1111111111111111
捉刀,0.7777777777777778,positive,0.7777777777777778
捍卫,0.3333333333333333,positive,0.3333333333333333
捐助,0.3333333333333333,positive,0.3333333333333333
捐献,0.3333333333333333,positive,0.3333333333333333
捐生殉国,1.0,positive,1.0
捐赠,0.3333333333333333,positive,0.3333333333333333
捐身徇义,1.0,positive,1.0
捐躯,0.3333333333333333,positive,0.3333333333333333
捐躯报国,1.0,positive,1.0
捐躯殉国,1.0,positive,1.0
捐躯济难,1.0,positive,1.0
捐躯赴难,1.0,positive,1.0
捐金抵璧,0.5555555555555556,positive,0.5555555555555556
损己利人,1.0,positive,1.0
换羽移宫,0.5555555555555556,positive,0.5555555555555556
换骨夺胎,0.7777777777777778,positive,0.7777777777777778
捧檄色喜,0.5555555555555556,positive,0.5555555555555556
据实,0.1111111111111111,positive,0.1111111111111111
据理,0.1111111111111111,positive,0.1111111111111111
据理力争,0.1111111111111111,positive,0.1111111111111111
捷书,1.0,positive,1.0
捷径,0.3333333333333333,positive,0.3333333333333333
捷报,0.5555555555555556,positive,0.5555555555555556
捷报频传,1.0,positive,1.0
捷音,1.0,positive,1.0
掀天动地,0.7777777777777778,positive,0.7777777777777778
掀天揭地,0.7777777777777778,positive,0.7777777777777778
掀天斡地,0.7777777777777778,positive,0.7777777777777778
掌上明珠,0.7777777777777778,positive,0.7777777777777778
排列整齐,0.3333333333333333,positive,0.3333333333333333
排山倒海,0.5555555555555556,positive,0.5555555555555556
掞藻飞声,0.8888888888888888,positive,0.8888888888888888
探囊取物,0.7777777777777778,positive,0.7777777777777778
探幽索隐,0.5555555555555556,positive,0.5555555555555556
探汤蹈火,1.0,positive,1.0
探竿影草,0.5555555555555556,positive,0.5555555555555556
探赜索隐,0.5555555555555556,positive,0.5555555555555556
探赜钩深,0.3333333333333333,positive,0.3333333333333333
探骊得珠,0.7777777777777778,positive,0.7777777777777778
接引,0.3333333333333333,positive,0.3333333333333333
接班人,0.3333333333333333,positive,0.3333333333333333
接遇,0.3333333333333333,positive,0.3333333333333333
控名责实,0.3333333333333333,positive,0.3333333333333333
推举,1.0,positive,1.0
推乾就湿,1.0,positive,1.0
推亡固存,0.7777777777777778,positive,0.7777777777777778
推尊,0.5555555555555556,positive,0.5555555555555556
推己及人,0.3333333333333333,positive,0.3333333333333333
推己及物,0.7777777777777778,positive,0.7777777777777778
推心置腹,0.5555555555555556,positive,0.5555555555555556
推心致腹,0.7777777777777778,positive,0.7777777777777778
推戴,0.7777777777777778,positive,0.7777777777777778
推托,0.7777777777777778,positive,0.7777777777777778
推服,0.1111111111111111,positive,0.1111111111111111
推梨让枣,0.7777777777777778,positive,0.7777777777777778
推燥居湿,1.0,positive,1.0
推脱,0.7777777777777778,positive,0.7777777777777778
推襟送抱,0.7777777777777778,positive,0.7777777777777778
推诚布公,0.7777777777777778,positive,0.7777777777777778
推诚相信,0.8888888888888888,positive,0.8888888888888888
推诚相见,0.5555555555555556,positive,0.5555555555555556
推诚置腹,0.7777777777777778,positive,0.7777777777777778
推贤让能,0.7777777777777778,positive,0.7777777777777778
推轮捧毂,0.7777777777777778,positive,0.7777777777777778
推进,0.7777777777777778,positive,0.7777777777777778
推选,1.0,positive,1.0
推陈出新,0.7777777777777778,positive,0.7777777777777778
推陈致新,0.7777777777777778,positive,0.7777777777777778
推食解衣,1.0,positive,1.0
措置裕如,0.5555555555555556,positive,0.5555555555555556
掬诚,0.3333333333333333,positive,0.3333333333333333
掷地有声,0.5555555555555556,positive,0.5555555555555556
掷地赋声,0.5555555555555556,positive,0.5555555555555556
掷地金声,0.5555555555555556,positive,0.5555555555555556
掷果潘安,0.7777777777777778,positive,0.7777777777777778
提倡,0.3333333333333333,positive,0.3333333333333333
提心在口,1.0,positive,1.0
揖让,0.7777777777777778,positive,0.7777777777777778
握云拿雾,0.7777777777777778,positive,0.7777777777777778
握发吐哺,0.7777777777777778,positive,0.7777777777777778
握发吐飧,0.7777777777777778,positive,0.7777777777777778
握手言欢　,0.7777777777777778,positive,0.7777777777777778
握炭流汤,1.0,positive,1.0
握瑜怀瑾,0.7777777777777778,positive,0.7777777777777778
握素怀铅,0.7777777777777778,positive,0.7777777777777778
握素披黄,0.7777777777777778,positive,0.7777777777777778
握铅抱椠,0.7777777777777778,positive,0.7777777777777778
握雨携云,1.0,positive,1.0
握雾拏云,0.7777777777777778,positive,0.7777777777777778
援助,0.7777777777777778,positive,0.7777777777777778
援外,0.5555555555555556,positive,0.5555555555555556
援手,0.5555555555555556,positive,0.5555555555555556
援笔成章,0.5555555555555556,positive,0.5555555555555556
揽蕹吻?,1.0,positive,1.0
揽辔中原,0.5555555555555556,positive,0.5555555555555556
揽辔澄清,0.5555555555555556,positive,0.5555555555555556
揽辔登车,0.5555555555555556,positive,0.5555555555555556
搀扶,0.5555555555555556,positive,0.5555555555555556
搏击,0.7777777777777778,positive,0.7777777777777778
搏大精深,1.0,positive,1.0
搔着痒处,0.5555555555555556,positive,0.5555555555555556
搜岩采幹,0.7777777777777778,positive,0.7777777777777778
搜索肾胃,0.7777777777777778,positive,0.7777777777777778
搜肠润吻,0.7777777777777778,positive,0.7777777777777778
搞活,0.1111111111111111,positive,0.1111111111111111
搤臂啮指,0.7777777777777778,positive,0.7777777777777778
搭手,0.1111111111111111,positive,0.1111111111111111
搭救,0.5555555555555556,positive,0.5555555555555556
摄卫,0.3333333333333333,positive,0.3333333333333333
摅肝沥胆,0.5555555555555556,positive,0.5555555555555556
摆袖却金,0.5555555555555556,positive,0.5555555555555556
摇头麰尾,0.3333333333333333,positive,0.3333333333333333
摊书傲百城,1.0,positive,1.0
摧坚陷阵,0.5555555555555556,positive,0.5555555555555556
摧朽拉枯,0.7777777777777778,positive,0.7777777777777778
摧枯折腐,0.7777777777777778,positive,0.7777777777777778
摧枯拉朽,0.7777777777777778,positive,0.7777777777777778
摧枯拉腐,0.7777777777777778,positive,0.7777777777777778
摧枯振朽,0.7777777777777778,positive,0.7777777777777778
摧锋陷坚,0.7777777777777778,positive,0.7777777777777778
摧锋陷阵,0.7777777777777778,positive,0.7777777777777778
摧陷廓清,0.7777777777777778,positive,0.7777777777777778
摩拳擦掌,0.7777777777777778,positive,0.7777777777777778
摩登,0.5555555555555556,positive,0.5555555555555556
摩顶放踵,0.6666666666666666,positive,0.6666666666666666
撇脱,0.7777777777777778,positive,0.7777777777777778
撑肠拄腹,0.3333333333333333,positive,0.3333333333333333
撑门柱户,0.7777777777777778,positive,0.7777777777777778
撒娇,0.3333333333333333,positive,0.3333333333333333
撒娇撒痴,0.5555555555555556,positive,0.5555555555555556
撒手锏,0.7777777777777778,positive,0.7777777777777778
撒痴撒娇,0.5555555555555556,positive,0.5555555555555556
撒豆成兵,0.5555555555555556,positive,0.5555555555555556
撞府冲州,0.3333333333333333,positive,0.3333333333333333
撮科打閧,0.5555555555555556,positive,0.5555555555555556
擅名,0.7777777777777778,positive,0.7777777777777778
擅场,1.0,positive,1.0
擅长,0.3333333333333333,positive,0.3333333333333333
操刀必割,0.5555555555555556,positive,0.5555555555555556
操劳,0.5555555555555556,positive,0.5555555555555556
操持,0.5555555555555556,positive,0.5555555555555556
擎天架海,1.0,positive,1.0
擎天柱,0.7777777777777778,positive,0.7777777777777778
擎肌分理,0.3333333333333333,positive,0.3333333333333333
擘两分星,0.5555555555555556,positive,0.5555555555555556
擘肌分理,0.1111111111111111,positive,0.1111111111111111
擢升,0.5555555555555556,positive,0.5555555555555556
擢用,0.1111111111111111,positive,0.1111111111111111
擿奸发伏,0.7777777777777778,positive,0.7777777777777778
支前,0.5555555555555556,positive,0.5555555555555556
支持,0.5555555555555556,positive,0.5555555555555556
支持一下,0.3333333333333333,positive,0.3333333333333333
收视反听,0.3333333333333333,positive,0.3333333333333333
改天换地,0.5555555555555556,positive,0.5555555555555556
改弦更张,0.3333333333333333,positive,0.3333333333333333
改往修来,0.7777777777777778,positive,0.7777777777777778
改恶为善,0.5555555555555556,positive,0.5555555555555556
改恶从善,0.5555555555555556,positive,0.5555555555555556
改柯易叶,0.5555555555555556,positive,0.5555555555555556
改步改玉,0.1111111111111111,positive,0.1111111111111111
改行为善,0.5555555555555556,positive,0.5555555555555556
改行从善,0.7777777777777778,positive,0.7777777777777778
改行自新,0.7777777777777778,positive,0.7777777777777778
改观,0.3333333333333333,positive,0.3333333333333333
改过,0.3333333333333333,positive,0.3333333333333333
改过自新,0.5555555555555556,positive,0.5555555555555556
改过迁善,0.5555555555555556,positive,0.5555555555555556
改邪归正,0.5555555555555556,positive,0.5555555555555556
改革,0.3333333333333333,positive,0.3333333333333333
攻书,0.3333333333333333,positive,0.3333333333333333
攻克,0.1111111111111111,positive,0.1111111111111111
攻关,0.1111111111111111,positive,0.1111111111111111
攻取,0.1111111111111111,positive,0.1111111111111111
攻无不克,1.0,positive,1.0
攻无不克，战无不胜,0.7777777777777778,positive,0.7777777777777778
攻疾防患,0.5555555555555556,positive,0.5555555555555556
攻研,0.5555555555555556,positive,0.5555555555555556
攻破,0.1111111111111111,positive,0.1111111111111111
攻苦食啖,0.7777777777777778,positive,0.7777777777777778
攻苦食淡,0.7777777777777778,positive,0.7777777777777778
放下屠刀，立地成佛,0.5555555555555556,positive,0.5555555555555556
放之四海而皆准,1.0,positive,1.0
放心,0.7777777777777778,positive,0.7777777777777778
放怀,0.5555555555555556,positive,0.5555555555555556
放情,0.5555555555555556,positive,0.5555555555555556
放歌纵酒,0.5555555555555556,positive,0.5555555555555556
放达,0.1111111111111111,positive,0.1111111111111111
放达不羁,0.5555555555555556,positive,0.5555555555555556
政清人和,0.5555555555555556,positive,0.5555555555555556
政通人和,0.5555555555555556,positive,0.5555555555555556
故剑情深,0.3333333333333333,positive,0.3333333333333333
故旧不弃,0.5555555555555556,positive,0.5555555555555556
效忠,0.5555555555555556,positive,0.5555555555555556
效死勿去,0.7777777777777778,positive,0.7777777777777778
效死输忠,0.7777777777777778,positive,0.7777777777777778
敌忾,0.7777777777777778,positive,0.7777777777777778
敌惠敌怨,0.5555555555555556,positive,0.5555555555555556
敌焰,0.7777777777777778,positive,0.7777777777777778
敏于事，慎于言,0.5555555555555556,positive,0.5555555555555556
敏悟,0.3333333333333333,positive,0.3333333333333333
敏捷,0.5555555555555556,positive,0.5555555555555556
敏而好学,0.3333333333333333,positive,0.3333333333333333
敏锐,0.5555555555555556,positive,0.5555555555555556
救亡,0.1111111111111111,positive,0.1111111111111111
救亡图存,0.7777777777777778,positive,0.7777777777777778
救人须救彻,0.5555555555555556,positive,0.5555555555555556
救偏补弊,0.5555555555555556,positive,0.5555555555555556
救助,0.3333333333333333,positive,0.3333333333333333
救危排险,0.5555555555555556,positive,0.5555555555555556
救困扶危,0.7777777777777778,positive,0.7777777777777778
救急,0.1111111111111111,positive,0.1111111111111111
救急扶伤,0.5555555555555556,positive,0.5555555555555556
救护,0.1111111111111111,positive,0.1111111111111111
救援,0.5555555555555556,positive,0.5555555555555556
救时厉俗,0.5555555555555556,positive,0.5555555555555556
救星,0.5555555555555556,positive,0.5555555555555556
救死扶伤,0.7777777777777778,positive,0.7777777777777778
救民水火,0.7777777777777778,positive,0.7777777777777778
救治,0.3333333333333333,positive,0.3333333333333333
救火扬沸,0.5555555555555556,positive,0.5555555555555556
救火拯溺,0.5555555555555556,positive,0.5555555555555556
救灾恤患,0.5555555555555556,positive,0.5555555555555556
救灾恤邻,0.7777777777777778,positive,0.7777777777777778
救焚拯溺,0.5555555555555556,positive,0.5555555555555556
救苦弭灾,0.5555555555555556,positive,0.5555555555555556
救苦救难,0.7777777777777778,positive,0.7777777777777778
救荒,0.3333333333333333,positive,0.3333333333333333
救难,0.5555555555555556,positive,0.5555555555555556
救难解危,0.5555555555555556,positive,0.5555555555555556
救饥拯溺,0.5555555555555556,positive,0.5555555555555556
救黥医劓,0.5555555555555556,positive,0.5555555555555556
教一识百,0.3333333333333333,positive,0.3333333333333333
教化,0.5555555555555556,positive,0.5555555555555556
教导,0.1111111111111111,positive,0.1111111111111111
教导有方,0.5555555555555556,positive,0.5555555555555556
教益,0.5555555555555556,positive,0.5555555555555556
敛声屏息,0.7777777777777778,positive,0.7777777777777778
敛声屏气,0.7777777777777778,positive,0.7777777777777778
敛锷韬光,0.7777777777777778,positive,0.7777777777777778
敝帷不弃,0.7777777777777778,positive,0.7777777777777778
敞亮,0.5555555555555556,positive,0.5555555555555556
敞快,0.3333333333333333,positive,0.3333333333333333
敞阔,0.3333333333333333,positive,0.3333333333333333
敢作敢为,0.5555555555555556,positive,0.5555555555555556
敢作敢当,0.5555555555555556,positive,0.5555555555555556
敢勇当先,0.5555555555555556,positive,0.5555555555555556
散心,0.1111111111111111,positive,0.1111111111111111
散闷,0.1111111111111111,positive,0.1111111111111111
敦厚,0.5555555555555556,positive,0.5555555555555556
敦实,0.5555555555555556,positive,0.5555555555555556
敦本务实,0.5555555555555556,positive,0.5555555555555556
敦睦,0.3333333333333333,positive,0.3333333333333333
敦聘,0.3333333333333333,positive,0.3333333333333333
敦默寡言,0.5555555555555556,positive,0.5555555555555556
敬上爱下,0.7777777777777778,positive,0.7777777777777778
敬业乐群,0.1111111111111111,positive,0.1111111111111111
敬仰,1.0,positive,1.0
敬佩,0.5555555555555556,positive,0.5555555555555556
敬信,0.7777777777777778,positive,0.7777777777777778
敬养,0.3333333333333333,positive,0.3333333333333333
敬天爱民,0.7777777777777778,positive,0.7777777777777778
敬姜犹绩,0.5555555555555556,positive,0.5555555555555556
敬恭桑梓,0.5555555555555556,positive,0.5555555555555556
敬意,0.5555555555555556,positive,0.5555555555555556
敬慕,0.5555555555555556,positive,0.5555555555555556
敬老尊贤,0.7777777777777778,positive,0.7777777777777778
敬老怜贫,0.5555555555555556,positive,0.5555555555555556
敬老恤贫,0.5555555555555556,positive,0.5555555555555556
敬老慈少,0.5555555555555556,positive,0.5555555555555556
敬老慈幼,0.5555555555555556,positive,0.5555555555555556
敬老慈穉,0.5555555555555556,positive,0.5555555555555556
敬谢不敏,0.5555555555555556,positive,0.5555555555555556
敬贤下士,0.5555555555555556,positive,0.5555555555555556
敬贤爱士,0.7777777777777778,positive,0.7777777777777778
敬贤礼士,0.7777777777777778,positive,0.7777777777777778
敬贤重士,0.5555555555555556,positive,0.5555555555555556
敬辞,0.1111111111111111,positive,0.1111111111111111
敬重,0.5555555555555556,positive,0.5555555555555556
数一数二,0.7777777777777778,positive,0.7777777777777778
数得上,0.3333333333333333,positive,0.3333333333333333
数得着,0.3333333333333333,positive,0.3333333333333333
敲边鼓,0.3333333333333333,positive,0.3333333333333333
敲金击石,0.7777777777777778,positive,0.7777777777777778
敲锣打鼓,0.8888888888888888,positive,0.8888888888888888
敲锣放砲,0.8888888888888888,positive,0.8888888888888888
整整齐齐,0.3333333333333333,positive,0.3333333333333333
整本大套,0.5555555555555556,positive,0.5555555555555556
整洁,0.5555555555555556,positive,0.5555555555555556
整饬,0.3333333333333333,positive,0.3333333333333333
整齐划一,1.0,positive,1.0
文不加点,1.0,positive,1.0
文丝不动,0.7777777777777778,positive,0.7777777777777778
文人无行,0.7777777777777778,positive,0.7777777777777778
文从字顺,0.5555555555555556,positive,0.5555555555555556
文修武偃,0.7777777777777778,positive,0.7777777777777778
文名,0.3333333333333333,positive,0.3333333333333333
文君新醮,0.3333333333333333,positive,0.3333333333333333
文圆质方,0.7777777777777778,positive,0.7777777777777778
文子同升,0.7777777777777778,positive,0.7777777777777778
文子文孙,1.0,positive,1.0
文宗,0.5555555555555556,positive,0.5555555555555556
文宗学府,1.0,positive,1.0
文弛武玩,0.7777777777777778,positive,0.7777777777777778
文思敏捷,0.5555555555555556,positive,0.5555555555555556
文房四宝,0.5555555555555556,positive,0.5555555555555556
文才,0.5555555555555556,positive,0.5555555555555556
文才武略,0.5555555555555556,positive,0.5555555555555556
文搜丁甲,1.0,positive,1.0
文文静静,1.0,positive,1.0
文无加点,0.7777777777777778,positive,0.7777777777777778
文星高照,1.0,positive,1.0
文昭武穆,1.0,positive,1.0
文武之道,1.0,positive,1.0
文武之道，一张一弛,0.3333333333333333,positive,0.3333333333333333
文武全才,1.0,positive,1.0
文武兼备,1.0,positive,1.0
文武双全,1.0,positive,1.0
文气,0.5555555555555556,positive,0.5555555555555556
文江学海,1.0,positive,1.0
文治,0.3333333333333333,positive,0.3333333333333333
文治武力,1.0,positive,1.0
文治武功,1.0,positive,1.0
文深网密,1.0,positive,1.0
文献之家,1.0,positive,1.0
文章宗匠,1.0,positive,1.0
文章宗工,0.7777777777777778,positive,0.7777777777777778
文章宿老,1.0,positive,1.0
文章山斗,1.0,positive,1.0
文章巨公,1.0,positive,1.0
文章经济,1.0,positive,1.0
文章钜公,1.0,positive,1.0
文籍先生,0.5555555555555556,positive,0.5555555555555556
文绉绉,0.5555555555555556,positive,0.5555555555555556
文经武略,1.0,positive,1.0
文经武纬,1.0,positive,1.0
文觌武匿,0.7777777777777778,positive,0.7777777777777778
文豪,1.0,positive,1.0
文质彬彬,0.7777777777777778,positive,0.7777777777777778
文质斌斌,1.0,positive,1.0
文采风流,1.0,positive,1.0
文雅,0.7777777777777778,positive,0.7777777777777778
文静,0.5555555555555556,positive,0.5555555555555556
文韬武略,0.5555555555555556,positive,0.5555555555555556
文风不动,0.7777777777777778,positive,0.7777777777777778
斋心涤虑,0.5555555555555556,positive,0.5555555555555556
斐然,0.5555555555555556,positive,0.5555555555555556
斐然成章,0.7777777777777778,positive,0.7777777777777778
斑斓,0.3333333333333333,positive,0.3333333333333333
斑衣戏彩,0.5555555555555556,positive,0.5555555555555556
斗南一人,1.0,positive,1.0
斗士,0.5555555555555556,positive,0.5555555555555556
斗妍,0.3333333333333333,positive,0.3333333333333333
斗志昂扬,0.5555555555555556,positive,0.5555555555555556
斗艳,0.3333333333333333,positive,0.3333333333333333
斗酒百篇,0.7777777777777778,positive,0.7777777777777778
斗霜傲雪,0.7777777777777778,positive,0.7777777777777778
料事如神,0.5555555555555556,positive,0.5555555555555556
料敌制胜,0.7777777777777778,positive,0.7777777777777778
斠若画一,0.5555555555555556,positive,0.5555555555555556
斩关夺隘,0.5555555555555556,positive,0.5555555555555556
斩头沥血,0.7777777777777778,positive,0.7777777777777778
斩将搴旗,0.5555555555555556,positive,0.5555555555555556
斩钉切铁,0.5555555555555556,positive,0.5555555555555556
斩钉截铁,0.3333333333333333,positive,0.3333333333333333
斩钢截铁,0.5555555555555556,positive,0.5555555555555556
斫彫为朴,0.5555555555555556,positive,0.5555555555555556
斫琱为朴,0.5555555555555556,positive,0.5555555555555556
斫轮老手,0.5555555555555556,positive,0.5555555555555556
斫雕为朴,1.0,positive,1.0
断决如流,0.7777777777777778,positive,0.7777777777777778
断头将军,0.7777777777777778,positive,0.7777777777777778
断蛟刺虎,0.7777777777777778,positive,0.7777777777777778
断长续短,0.5555555555555556,positive,0.5555555555555556
断长补短,0.5555555555555556,positive,0.5555555555555556
断齑塊粥,0.7777777777777778,positive,0.7777777777777778
断齑画粥,0.7777777777777778,positive,0.7777777777777778
斯文,0.5555555555555556,positive,0.5555555555555556
斯斯文文,1.0,positive,1.0
新人,0.7777777777777778,positive,0.7777777777777778
新兴,0.5555555555555556,positive,0.5555555555555556
新婚宴尔,1.0,positive,1.0
新婚燕尔,0.7777777777777778,positive,0.7777777777777778
新巧,0.5555555555555556,positive,0.5555555555555556
新意,0.5555555555555556,positive,0.5555555555555556
新星,0.5555555555555556,positive,0.5555555555555556
新生,0.3333333333333333,positive,0.3333333333333333
新硎初试,0.7777777777777778,positive,0.7777777777777778
新禧,0.5555555555555556,positive,0.5555555555555556
新秀,0.5555555555555556,positive,0.5555555555555556
新陈代谢,0.5555555555555556,positive,0.5555555555555556
新雅,0.5555555555555556,positive,0.5555555555555556
新颖,0.5555555555555556,positive,0.5555555555555556
新颜,0.5555555555555556,positive,0.5555555555555556
方兴未已,0.7777777777777778,positive,0.7777777777777778
方兴未艾,0.7777777777777778,positive,0.7777777777777778
方员可施,0.5555555555555556,positive,0.5555555555555556
方外之士,0.3333333333333333,positive,0.3333333333333333
方桃譬李,0.5555555555555556,positive,0.5555555555555556
方滋未艾,0.7777777777777778,positive,0.7777777777777778
方闻之士,0.7777777777777778,positive,0.7777777777777778
施与,0.5555555555555556,positive,0.5555555555555556
施主,0.5555555555555556,positive,0.5555555555555556
施诊,0.5555555555555556,positive,0.5555555555555556
旁求俊彦,0.5555555555555556,positive,0.5555555555555556
旋律优美,1.0,positive,1.0
旌旗蔽日,0.7777777777777778,positive,0.7777777777777778
旖旎,0.7777777777777778,positive,0.7777777777777778
旗帜,0.7777777777777778,positive,0.7777777777777778
旗帜鲜明,0.3333333333333333,positive,0.3333333333333333
旗开得胜,0.5555555555555556,positive,0.5555555555555556
旗手,0.7777777777777778,positive,0.7777777777777778
无一不备,0.7777777777777778,positive,0.7777777777777778
无一不知,0.7777777777777778,positive,0.7777777777777778
无上,0.5555555555555556,positive,0.5555555555555556
无上光荣,1.0,positive,1.0
无与为比,0.7777777777777778,positive,0.7777777777777778
无与伦比,1.0,positive,1.0
无与比伦,0.7777777777777778,positive,0.7777777777777778
无为而成,0.7777777777777778,positive,0.7777777777777778
无为而治,0.7777777777777778,positive,0.7777777777777778
无为自化,0.7777777777777778,positive,0.7777777777777778
无为自成,0.7777777777777778,positive,0.7777777777777778
无乎不可,1.0,positive,1.0
无人不晓,1.0,positive,1.0
无以塞责,0.7777777777777778,positive,0.7777777777777778
无价之宝,0.7777777777777778,positive,0.7777777777777778
无偏无倚,0.7777777777777778,positive,0.7777777777777778
无偏无党,0.5555555555555556,positive,0.5555555555555556
无偏无陂,0.7777777777777778,positive,0.7777777777777778
无偏无颇,0.7777777777777778,positive,0.7777777777777778
无偿,1.0,positive,1.0
无其伦比,1.0,positive,1.0
无出其右,1.0,positive,1.0
无前,0.3333333333333333,positive,0.3333333333333333
无华,0.3333333333333333,positive,0.3333333333333333
无双,1.0,positive,1.0
无可不可,1.0,positive,1.0
无可厚非,1.0,positive,1.0
无可挑剔,0.7777777777777778,positive,0.7777777777777778
无可比伦,1.0,positive,1.0
无可比拟,1.0,positive,1.0
无可比象,1.0,positive,1.0
无可置辩,0.7777777777777778,positive,0.7777777777777778
无可讳言,0.7777777777777778,positive,0.7777777777777778
无名之朴,0.7777777777777778,positive,0.7777777777777778
无名之璞,0.7777777777777778,positive,0.7777777777777778
无名英雄,0.7777777777777778,positive,0.7777777777777778
无坚不摧,0.5555555555555556,positive,0.5555555555555556
无坚不陷,0.7777777777777778,positive,0.7777777777777778
无垠,0.5555555555555556,positive,0.5555555555555556
无奢望,1.0,positive,1.0
无官一身轻,0.7777777777777778,positive,0.7777777777777778
无容置疑,1.0,positive,1.0
无巧不成话,0.7777777777777778,positive,0.7777777777777778
无师自通,0.7777777777777778,positive,0.7777777777777778
无幽不烛,0.5555555555555556,positive,0.5555555555555556
无往不克,1.0,positive,1.0
无往不利,0.7777777777777778,positive,0.7777777777777778
无往不胜,1.0,positive,1.0
无微不至,0.7777777777777778,positive,0.7777777777777778
无忧无虑,0.3333333333333333,positive,0.3333333333333333
无懈可击,0.5555555555555556,positive,0.5555555555555556
无所不及,1.0,positive,1.0
无所不可,1.0,positive,1.0
无所不备,1.0,positive,1.0
无所不容,1.0,positive,1.0
无所不尽其极,1.0,positive,1.0
无所不晓,1.0,positive,1.0
无所不能,1.0,positive,1.0
无所不通,0.5555555555555556,positive,0.5555555555555556
无所回避,0.7777777777777778,positive,0.7777777777777778
无所忌讳,0.7777777777777778,positive,0.7777777777777778
无所畏忌,0.5555555555555556,positive,0.5555555555555556
无所畏惧,0.7777777777777778,positive,0.7777777777777778
无所畏惮,0.7777777777777778,positive,0.7777777777777778
无拘无束,1.0,positive,1.0
无拘无碍,0.7777777777777778,positive,0.7777777777777778
无拘无缚,0.7777777777777778,positive,0.7777777777777778
无拘束,1.0,positive,1.0
无敌,1.0,positive,1.0
无敌于天下,0.7777777777777778,positive,0.7777777777777778
无施不可,0.7777777777777778,positive,0.7777777777777778
无施不效,0.7777777777777778,positive,0.7777777777777778
无有伦比,1.0,positive,1.0
无比,1.0,positive,1.0
无比幸福,1.0,positive,1.0
无污染,1.0,positive,1.0
无瑕疵,1.0,positive,1.0
无畏,0.5555555555555556,positive,0.5555555555555556
无疆,0.3333333333333333,positive,0.3333333333333333
无疵,1.0,positive,1.0
无相无作,0.5555555555555556,positive,0.5555555555555556
无私,0.5555555555555556,positive,0.5555555555555556
无私之光,0.7777777777777778,positive,0.7777777777777778
无私无畏,0.5555555555555556,positive,0.5555555555555556
无胫而来,0.7777777777777778,positive,0.7777777777777778
无胫而至,0.7777777777777778,positive,0.7777777777777778
无胫而走,0.7777777777777778,positive,0.7777777777777778
无衣之赋,0.7777777777777778,positive,0.7777777777777778
无误,0.5555555555555556,positive,0.5555555555555556
无边风月,1.0,positive,1.0
无量,0.7777777777777778,positive,0.7777777777777778
既来之，则安之,0.7777777777777778,positive,0.7777777777777778
日下无双,1.0,positive,1.0
日丽风和,0.5555555555555556,positive,0.5555555555555556
日丽风清,0.5555555555555556,positive,0.5555555555555556
日久见人心,0.7777777777777778,positive,0.7777777777777778
日乾夕惕,0.5555555555555556,positive,0.5555555555555556
日以继夜,0.1111111111111111,positive,0.1111111111111111
日升月恒,0.5555555555555556,positive,0.5555555555555556
日就月将,0.4444444444444444,positive,0.4444444444444444
日新月异,0.5555555555555556,positive,0.5555555555555556
日新月盛,0.7777777777777778,positive,0.7777777777777778
日新月著,0.7777777777777778,positive,0.7777777777777778
日无暇晷,0.3333333333333333,positive,0.3333333333333333
日旰不食,0.5555555555555556,positive,0.5555555555555556
日旰忘食,0.5555555555555556,positive,0.5555555555555556
日旰忘餐,0.5555555555555556,positive,0.5555555555555556
日昃不食,0.5555555555555556,positive,0.5555555555555556
日昃忘食,0.5555555555555556,positive,0.5555555555555556
日昃旰食,0.5555555555555556,positive,0.5555555555555556
日暖风和,0.4444444444444444,positive,0.4444444444444444
日暖风恬,0.5555555555555556,positive,0.5555555555555556
日月入怀,0.5555555555555556,positive,0.5555555555555556
日月合壁,0.7777777777777778,positive,0.7777777777777778
日月重光,0.5555555555555556,positive,0.5555555555555556
日理万机,0.7777777777777778,positive,0.7777777777777778
日角偃月,0.5555555555555556,positive,0.5555555555555556
日角珠庭,0.5555555555555556,positive,0.5555555555555556
日角龙庭,0.5555555555555556,positive,0.5555555555555556
日角龙颜,0.5555555555555556,positive,0.5555555555555556
日试万言,0.7777777777777778,positive,0.7777777777777778
日锻月炼,0.5555555555555556,positive,0.5555555555555556
早朝晏罢,0.3333333333333333,positive,0.3333333333333333
旭日东升,0.5555555555555556,positive,0.5555555555555556
旰食之劳,0.7777777777777778,positive,0.7777777777777778
旰食宵衣,0.7777777777777778,positive,0.7777777777777778
时亨运泰,0.5555555555555556,positive,0.5555555555555556
时和年丰,0.5555555555555556,positive,0.5555555555555556
时尚,0.5555555555555556,positive,0.5555555555555556
时新,0.1111111111111111,positive,0.1111111111111111
时来运转,0.5555555555555556,positive,0.5555555555555556
时贤,0.5555555555555556,positive,0.5555555555555556
时运亨通,0.7777777777777778,positive,0.7777777777777778
时通运泰,0.5555555555555556,positive,0.5555555555555556
时髦,0.5555555555555556,positive,0.5555555555555556
旷心怡神,0.7777777777777778,positive,0.7777777777777778
旷达,0.5555555555555556,positive,0.5555555555555556
旺健,0.5555555555555556,positive,0.5555555555555556
旺炽,0.5555555555555556,positive,0.5555555555555556
昂头挺胸,0.5555555555555556,positive,0.5555555555555556
昂头阔步,0.7777777777777778,positive,0.7777777777777778
昂扬,0.5555555555555556,positive,0.5555555555555556
昂昂,0.3333333333333333,positive,0.3333333333333333
昂昂自若,0.5555555555555556,positive,0.5555555555555556
昂然,0.5555555555555556,positive,0.5555555555555556
昂然直入,0.5555555555555556,positive,0.5555555555555556
昂然自得,0.5555555555555556,positive,0.5555555555555556
昂藏,0.7777777777777778,positive,0.7777777777777778
昂藏七尺,0.7777777777777778,positive,0.7777777777777778
昂霄耸壑,0.5555555555555556,positive,0.5555555555555556
昂首伸眉,0.5555555555555556,positive,0.5555555555555556
昂首挺胸,0.5555555555555556,positive,0.5555555555555556
昂首阔步,0.5555555555555556,positive,0.5555555555555556
昃食宵衣,1.0,positive,1.0
昆山片玉,0.7777777777777778,positive,0.7777777777777778
昊天罔极,0.7777777777777778,positive,0.7777777777777778
昌明,0.5555555555555556,positive,0.5555555555555556
昌盛,0.5555555555555556,positive,0.5555555555555556
昌言,0.7777777777777778,positive,0.7777777777777778
昌隆,0.5555555555555556,positive,0.5555555555555556
明丽,0.5555555555555556,positive,0.5555555555555556
明人不做暗事,0.6666666666666666,positive,0.6666666666666666
明公正义,0.6666666666666666,positive,0.6666666666666666
明公正气,0.6666666666666666,positive,0.6666666666666666
明公正道,0.6666666666666666,positive,0.6666666666666666
明净,0.3333333333333333,positive,0.3333333333333333
明堂1道,0.6666666666666666,positive,0.6666666666666666
明堂正道,0.6666666666666666,positive,0.6666666666666666
明媚,0.5555555555555556,positive,0.5555555555555556
明察暗访,0.3333333333333333,positive,0.3333333333333333
明察秋毫,0.7777777777777778,positive,0.7777777777777778
明心见性,0.5555555555555556,positive,0.5555555555555556
明快,0.3333333333333333,positive,0.3333333333333333
明快生动,0.3333333333333333,positive,0.3333333333333333
明慧,0.3333333333333333,positive,0.3333333333333333
明断,0.5555555555555556,positive,0.5555555555555556
明明白白,0.5555555555555556,positive,0.5555555555555556
明智,0.5555555555555556,positive,0.5555555555555556
明月入怀,0.6666666666666666,positive,0.6666666666666666
明月清风,0.7777777777777778,positive,0.7777777777777778
明澈,0.3333333333333333,positive,0.3333333333333333
明理,0.5555555555555556,positive,0.5555555555555556
明目达聪,0.5555555555555556,positive,0.5555555555555556
明眸皓齿,0.7777777777777778,positive,0.7777777777777778
明眼人,0.5555555555555556,positive,0.5555555555555556
明睿,0.5555555555555556,positive,0.5555555555555556
明窗净几,0.5555555555555556,positive,0.5555555555555556
明见万里,0.7777777777777778,positive,0.7777777777777778
明辨是非,0.3333333333333333,positive,0.3333333333333333
明达,0.3333333333333333,positive,0.3333333333333333
明镜高悬,0.7777777777777778,positive,0.7777777777777778
昏定晨省,0.5555555555555556,positive,0.5555555555555556
易地皆然,0.3333333333333333,positive,0.3333333333333333
易如反掌,1.0,positive,1.0
易如破竹,0.7777777777777778,positive,0.7777777777777778
星眸皓齿,0.5555555555555556,positive,0.5555555555555556
星移斗转,0.7777777777777778,positive,0.7777777777777778
映月读书,0.3333333333333333,positive,0.3333333333333333
映雪囊萤,0.5555555555555556,positive,0.5555555555555556
映雪读书,0.7777777777777778,positive,0.7777777777777778
春光,0.3333333333333333,positive,0.3333333333333333
春光明媚,0.3333333333333333,positive,0.3333333333333333
春兰秋菊,0.3333333333333333,positive,0.3333333333333333
春和景明,0.5555555555555556,positive,0.5555555555555556
春山,0.3333333333333333,positive,0.3333333333333333
春山如笑,0.7777777777777778,positive,0.7777777777777778
春意盎然,0.5555555555555556,positive,0.5555555555555556
春晖,0.3333333333333333,positive,0.3333333333333333
春暖花开,0.5555555555555556,positive,0.5555555555555556
春暖花香,0.5555555555555556,positive,0.5555555555555556
春深似海,0.5555555555555556,positive,0.5555555555555556
春秋笔法,0.1111111111111111,positive,0.1111111111111111
春秋鼎盛,0.7777777777777778,positive,0.7777777777777778
春色满园,0.3333333333333333,positive,0.3333333333333333
春风化雨,0.3333333333333333,positive,0.3333333333333333
春风夏雨,0.5555555555555556,positive,0.5555555555555556
春风得意,0.7777777777777778,positive,0.7777777777777778
春风满面,0.5555555555555556,positive,0.5555555555555556
春风雨露,0.7777777777777778,positive,0.7777777777777778
春风风人,0.3333333333333333,positive,0.3333333333333333
昭彰,0.3333333333333333,positive,0.3333333333333333
昭德塞违,0.5555555555555556,positive,0.5555555555555556
昭聋发聩,0.5555555555555556,positive,0.5555555555555556
是味儿,0.3333333333333333,positive,0.3333333333333333
是非分明,0.3333333333333333,positive,0.3333333333333333
昼乾夕惕,0.7777777777777778,positive,0.7777777777777778
昼日三接,0.5555555555555556,positive,0.5555555555555556
显亲扬名,0.5555555555555556,positive,0.5555555555555556
显姓扬名,0.5555555555555556,positive,0.5555555555555556
显山露水,0.5555555555555556,positive,0.5555555555555556
显明,0.5555555555555556,positive,0.5555555555555556
显祖扬名,0.5555555555555556,positive,0.5555555555555556
显祖扬宗,0.5555555555555556,positive,0.5555555555555556
显祖荣宗,0.5555555555555556,positive,0.5555555555555556
显耀,1.0,positive,1.0
显荣,0.5555555555555556,positive,0.5555555555555556
显豁,0.5555555555555556,positive,0.5555555555555556
显贵,0.3333333333333333,positive,0.3333333333333333
显身手,0.3333333333333333,positive,0.3333333333333333
晋升,0.5555555555555556,positive,0.5555555555555556
晋级,0.3333333333333333,positive,0.3333333333333333
晋职,0.3333333333333333,positive,0.3333333333333333
晒暖儿,0.1111111111111111,positive,0.1111111111111111
晓以利害,0.6666666666666666,positive,0.6666666666666666
晖光日新,0.7777777777777778,positive,0.7777777777777778
晚食当肉,0.5555555555555556,positive,0.5555555555555556
晨昏定省,0.5555555555555556,positive,0.5555555555555556
晬面盎背,0.7777777777777778,positive,0.7777777777777778
普天同庆,0.7777777777777778,positive,0.7777777777777778
普渡众生,0.5555555555555556,positive,0.5555555555555556
普照,0.5555555555555556,positive,0.5555555555555556
景仰,1.0,positive,1.0
景慕,0.7777777777777778,positive,0.7777777777777778
景星凤皇,0.5555555555555556,positive,0.5555555555555556
景星庆云,0.5555555555555556,positive,0.5555555555555556
景星麟凤,0.7777777777777778,positive,0.7777777777777778
景气,0.3333333333333333,positive,0.3333333333333333
景胜,0.5555555555555556,positive,0.5555555555555556
景致,0.3333333333333333,positive,0.3333333333333333
景色优美,0.5555555555555556,positive,0.5555555555555556
景观,0.5555555555555556,positive,0.5555555555555556
晴丽,0.5555555555555556,positive,0.5555555555555556
晴好,0.5555555555555556,positive,0.5555555555555556
晴明,0.5555555555555556,positive,0.5555555555555556
晴朗,0.3333333333333333,positive,0.3333333333333333
晴爽,0.5555555555555556,positive,0.5555555555555556
晴美,0.5555555555555556,positive,0.5555555555555556
晶亮,0.5555555555555556,positive,0.5555555555555556
晶光,0.3333333333333333,positive,0.3333333333333333
晶洁,0.5555555555555556,positive,0.5555555555555556
晶莹,0.5555555555555556,positive,0.5555555555555556
晶莹剔透,0.3333333333333333,positive,0.3333333333333333
智勇兼全,0.5555555555555556,positive,0.5555555555555556
智勇双全,1.0,positive,1.0
智周万物,0.5555555555555556,positive,0.5555555555555556
智囊,0.5555555555555556,positive,0.5555555555555556
智圆行方,0.5555555555555556,positive,0.5555555555555556
智多星,0.5555555555555556,positive,0.5555555555555556
智巧,0.5555555555555556,positive,0.5555555555555556
智慧,0.7777777777777778,positive,0.7777777777777778
智慧型,0.5555555555555556,positive,0.5555555555555556
智者千虑，必有一失 ,0.7777777777777778,positive,0.7777777777777778
智者千虑，或有一失,0.5555555555555556,positive,0.5555555555555556
智能型,0.5555555555555556,positive,0.5555555555555556
智谋,0.5555555555555556,positive,0.5555555555555556
暖乎乎,0.1111111111111111,positive,0.1111111111111111
暖洋洋,0.1111111111111111,positive,0.1111111111111111
暖流,0.5555555555555556,positive,0.5555555555555556
暖融融,0.1111111111111111,positive,0.1111111111111111
暖衣饱食,0.5555555555555556,positive,0.5555555555555556
暗室不欺,0.5555555555555556,positive,0.5555555555555556
暗香疏影,0.7777777777777778,positive,0.7777777777777778
暮鼓晨钟,0.3333333333333333,positive,0.3333333333333333
暴笑,0.7777777777777778,positive,0.7777777777777778
曲尽其妙,0.7777777777777778,positive,0.7777777777777778
曲径通幽,0.5555555555555556,positive,0.5555555555555556
曲突徙薪,0.5555555555555556,positive,0.5555555555555556
曲线美,0.5555555555555556,positive,0.5555555555555556
曲高和寡,0.7777777777777778,positive,0.7777777777777778
更无长物,0.7777777777777778,positive,0.7777777777777778
更生,0.3333333333333333,positive,0.3333333333333333
更进一竿,1.0,positive,1.0
曼妙,0.3333333333333333,positive,0.3333333333333333
替天行道,0.7777777777777778,positive,0.7777777777777778
最佳,0.3333333333333333,positive,0.3333333333333333
最好,1.0,positive,1.0
最新,0.3333333333333333,positive,0.3333333333333333
最高,0.3333333333333333,positive,0.3333333333333333
最高级,0.3333333333333333,positive,0.3333333333333333
月下老人,0.7777777777777778,positive,0.7777777777777778
月下花前,0.7777777777777778,positive,0.7777777777777778
月夕花朝,0.7777777777777778,positive,0.7777777777777778
月异日新,0.3333333333333333,positive,0.3333333333333333
月老,0.7777777777777778,positive,0.7777777777777778
月貌花容,0.5555555555555556,positive,0.5555555555555556
月里嫦娥,0.7777777777777778,positive,0.7777777777777778
月饼,0.5555555555555556,positive,0.5555555555555556
有一手,0.5555555555555556,positive,0.5555555555555556
有个性,1.0,positive,1.0
有为,0.5555555555555556,positive,0.5555555555555556
有以善处,0.5555555555555556,positive,0.5555555555555556
有价值,0.3333333333333333,positive,0.3333333333333333
有伸缩性,1.0,positive,1.0
有凤来仪,0.7777777777777778,positive,0.7777777777777778
有出息,1.0,positive,1.0
有则改之，无则加勉,0.3333333333333333,positive,0.3333333333333333
有动,0.5555555555555556,positive,0.5555555555555556
有勇气,1.0,positive,1.0
有勇知方,0.7777777777777778,positive,0.7777777777777778
有口皆碑,1.0,positive,1.0
有同情心,1.0,positive,1.0
有名气,1.0,positive,1.0
有味,0.5555555555555556,positive,0.5555555555555556
有嘴无心,1.0,positive,1.0
有嘴没心,0.5555555555555556,positive,0.5555555555555556
有地位,1.0,positive,1.0
有声有色,0.5555555555555556,positive,0.5555555555555556
有备无患,0.3333333333333333,positive,0.3333333333333333
有头有尾,0.7777777777777778,positive,0.7777777777777778
有头有脑,0.5555555555555556,positive,0.5555555555555556
有头有脸,0.5555555555555556,positive,0.5555555555555556
有头脑,1.0,positive,1.0
有始有卒,0.7777777777777778,positive,0.7777777777777778
有始有终,0.5555555555555556,positive,0.5555555555555556
有威信,1.0,positive,1.0
有学问,1.0,positive,1.0
有形,0.3333333333333333,positive,0.3333333333333333
有征无战,0.5555555555555556,positive,0.5555555555555556
有心有意,0.5555555555555556,positive,0.5555555555555556
有心眼,0.5555555555555556,positive,0.5555555555555556
有心眼儿,0.3333333333333333,positive,0.3333333333333333
有志不在年高,0.3333333333333333,positive,0.3333333333333333
有志者事竟成,0.7777777777777778,positive,0.7777777777777778
有恒,0.5555555555555556,positive,0.5555555555555556
有意义,0.5555555555555556,positive,0.5555555555555556
有成,0.5555555555555556,positive,0.5555555555555556
有所作为,1.0,positive,1.0
有才,0.5555555555555556,positive,0.5555555555555556
有才干,0.7777777777777778,positive,0.7777777777777778
有效,0.5555555555555556,positive,0.5555555555555556
有教养,1.0,positive,1.0
有方,0.5555555555555556,positive,0.5555555555555556
有智慧,0.5555555555555556,positive,0.5555555555555556
有朝气,1.0,positive,1.0
有条不紊,1.0,positive,1.0
有条有理,0.5555555555555556,positive,0.5555555555555556
有条理,0.5555555555555556,positive,0.5555555555555556
有板有眼,0.5555555555555556,positive,0.5555555555555556
有根有据,1.0,positive,1.0
有死无二,0.5555555555555556,positive,0.5555555555555556
有求必应,1.0,positive,1.0
有涵养,1.0,positive,1.0
有滋味,1.0,positive,1.0
有滋有味,1.0,positive,1.0
有理有据,0.7777777777777778,positive,0.7777777777777778
有理由,1.0,positive,1.0
有生气,0.3333333333333333,positive,0.3333333333333333
有的放矢,1.0,positive,1.0
有益,0.5555555555555556,positive,0.5555555555555556
有目共睹,0.3333333333333333,positive,0.3333333333333333
有目共赏,0.5555555555555556,positive,0.5555555555555556
有眉目,0.5555555555555556,positive,0.5555555555555556
有眼光,1.0,positive,1.0
有眼力,1.0,positive,1.0
有礼,1.0,positive,1.0
有礼貌,0.5555555555555556,positive,0.5555555555555556
有福同享,0.5555555555555556,positive,0.5555555555555556
有福气,1.0,positive,1.0
有素,0.5555555555555556,positive,0.5555555555555556
有纪律,0.5555555555555556,positive,0.5555555555555556
有缘,0.5555555555555556,positive,0.5555555555555556
有缘千里来相会,0.7777777777777778,positive,0.7777777777777778
有耻且格,0.5555555555555556,positive,0.5555555555555556
有胆有识,0.7777777777777778,positive,0.7777777777777778
有胆量,1.0,positive,1.0
有能力,1.0,positive,1.0
有脚书厨,0.5555555555555556,positive,0.5555555555555556
有脚阳春,0.7777777777777778,positive,0.7777777777777778
有良心,0.7777777777777778,positive,0.7777777777777778
有血有肉,0.5555555555555556,positive,0.5555555555555556
有血气,1.0,positive,1.0
有见识,1.0,positive,1.0
有识,0.5555555555555556,positive,0.5555555555555556
有贡献,1.0,positive,1.0
有趣,0.5555555555555556,positive,0.5555555555555556
有过之无不及,0.5555555555555556,positive,0.5555555555555556
有过之而无不及,0.5555555555555556,positive,0.5555555555555556
有进无退,0.7777777777777778,positive,0.7777777777777778
有门儿,1.0,positive,1.0
有韧劲,0.7777777777777778,positive,0.7777777777777778
有鼻子有眼,0.5555555555555556,positive,0.5555555555555556
朋友,1.0,positive,1.0
服膺,0.7777777777777778,positive,0.7777777777777778
朗朗上口,0.3333333333333333,positive,0.3333333333333333
朗朗乾坤,0.3333333333333333,positive,0.3333333333333333
望其项背,0.7777777777777778,positive,0.7777777777777778
望子成龙,0.7777777777777778,positive,0.7777777777777778
望尘追迹,0.7777777777777778,positive,0.7777777777777778
望影揣情,0.7777777777777778,positive,0.7777777777777778
望断白云,1.0,positive,1.0
望族,0.5555555555555556,positive,0.5555555555555556
望梅止渴,1.0,positive,1.0
望眼将穿,0.7777777777777778,positive,0.7777777777777778
望眼欲穿,1.0,positive,1.0
望衡对宇,0.7777777777777778,positive,0.7777777777777778
望表知里,0.7777777777777778,positive,0.7777777777777778
朝乾夕惕,1.0,positive,1.0
朝发夕至,0.5555555555555556,positive,0.5555555555555556
朝奉,0.5555555555555556,positive,0.5555555555555556
朝气,0.5555555555555556,positive,0.5555555555555556
朝气勃勃,0.5555555555555556,positive,0.5555555555555556
朝气蓬勃,0.5555555555555556,positive,0.5555555555555556
朝贡,0.5555555555555556,positive,0.5555555555555556
朝贺,0.7777777777777778,positive,0.7777777777777778
朝过夕改,0.5555555555555556,positive,0.5555555555555556
朝闻夕改,0.5555555555555556,positive,0.5555555555555556
朝闻夕死,1.0,positive,1.0
朝阳,0.3333333333333333,positive,0.3333333333333333
朝阳鸣凤,0.5555555555555556,positive,0.5555555555555556
木人石心,0.5555555555555556,positive,0.5555555555555556
未为不可,0.5555555555555556,positive,0.5555555555555556
未卜先知,0.5555555555555556,positive,0.5555555555555556
未可同日而语,1.0,positive,1.0
未明求衣,0.7777777777777778,positive,0.7777777777777778
未焚徙薪,0.7777777777777778,positive,0.7777777777777778
未艾方兴,0.7777777777777778,positive,0.7777777777777778
未雨绸缪,0.5555555555555556,positive,0.5555555555555556
本分人,0.3333333333333333,positive,0.3333333333333333
本固邦宁,0.5555555555555556,positive,0.5555555555555556
本支百世,0.5555555555555556,positive,0.5555555555555556
本枝百世,0.5555555555555556,positive,0.5555555555555556
本色,0.5555555555555556,positive,0.5555555555555556
本草纲目,0.5555555555555556,positive,0.5555555555555556
朱唇皓齿,0.5555555555555556,positive,0.5555555555555556
朱弦三叹,0.7777777777777778,positive,0.7777777777777778
朱楼碧瓦,0.7777777777777778,positive,0.7777777777777778
朱楼绮户,0.7777777777777778,positive,0.7777777777777778
朱甍碧瓦,0.7777777777777778,positive,0.7777777777777778
朱脣玉面,0.5555555555555556,positive,0.5555555555555556
朱脣皓齿,0.5555555555555556,positive,0.5555555555555556
朱脣粉面,0.5555555555555556,positive,0.5555555555555556
朱衣点头,0.5555555555555556,positive,0.5555555555555556
朱轮华毂,0.7777777777777778,positive,0.7777777777777778
朱颜绿发,0.5555555555555556,positive,0.5555555555555556
朱颜翠发,0.5555555555555556,positive,0.5555555555555556
朴厚,0.5555555555555556,positive,0.5555555555555556
朴实,0.5555555555555556,positive,0.5555555555555556
朴实无华,0.3333333333333333,positive,0.3333333333333333
朴拙,0.7777777777777778,positive,0.7777777777777778
朴直,0.5555555555555556,positive,0.5555555555555556
朴素,0.3333333333333333,positive,0.3333333333333333
朴茂,0.5555555555555556,positive,0.5555555555555556
朴质,0.5555555555555556,positive,0.5555555555555556
机变,0.5555555555555556,positive,0.5555555555555556
机变如神,0.5555555555555556,positive,0.5555555555555556
机巧,0.7777777777777778,positive,0.7777777777777778
机敏,0.5555555555555556,positive,0.5555555555555556
机断,0.5555555555555556,positive,0.5555555555555556
机智,0.5555555555555556,positive,0.5555555555555556
机杼一家,0.5555555555555556,positive,0.5555555555555556
机灵,0.5555555555555556,positive,0.5555555555555556
机灵鬼,0.5555555555555556,positive,0.5555555555555556
机警,0.5555555555555556,positive,0.5555555555555556
机谋,0.7777777777777778,positive,0.7777777777777778
机运,0.1111111111111111,positive,0.1111111111111111
机遇,0.1111111111111111,positive,0.1111111111111111
机锋,1.0,positive,1.0
杀敌致果,0.7777777777777778,positive,0.7777777777777778
杀身成义,0.5555555555555556,positive,0.5555555555555556
杀身成仁,1.0,positive,1.0
杀身报国,1.0,positive,1.0
杀鸡为黍,0.5555555555555556,positive,0.5555555555555556
杀鸡饮黍,0.1111111111111111,positive,0.1111111111111111
权变,0.3333333333333333,positive,0.3333333333333333
权变锋出,0.6666666666666666,positive,0.6666666666666666
权威,0.5555555555555556,positive,0.5555555555555556
权衡轻重,0.3333333333333333,positive,0.3333333333333333
杏眼圆睁,0.3333333333333333,positive,0.3333333333333333
杏脸桃腮,0.5555555555555556,positive,0.5555555555555556
杏腮桃脸,0.5555555555555556,positive,0.5555555555555556
材优幹济,0.5555555555555556,positive,0.5555555555555556
材士练兵,0.5555555555555556,positive,0.5555555555555556
材茂行絜,0.5555555555555556,positive,0.5555555555555556
材雄德茂,0.5555555555555556,positive,0.5555555555555556
材高知深,0.5555555555555556,positive,0.5555555555555556
杜断房谋,0.7777777777777778,positive,0.7777777777777778
杜渐防微,0.5555555555555556,positive,0.5555555555555556
杜隙防微,0.5555555555555556,positive,0.5555555555555556
杞梓之林,0.3333333333333333,positive,0.3333333333333333
束修自好,0.5555555555555556,positive,0.5555555555555556
束杖理民,1.0,positive,1.0
束缊请火,0.5555555555555556,positive,0.5555555555555556
束身自修,0.1111111111111111,positive,0.1111111111111111
束身自好,0.1111111111111111,positive,0.1111111111111111
条入叶贯,1.0,positive,1.0
条分节解,1.0,positive,1.0
条理,0.7777777777777778,positive,0.7777777777777778
条脩叶贯,0.5555555555555556,positive,0.5555555555555556
条贯部分,0.5555555555555556,positive,0.5555555555555556
来好息师,0.3333333333333333,positive,0.3333333333333333
来者不拒,0.3333333333333333,positive,0.3333333333333333
来者勿拒,0.5555555555555556,positive,0.5555555555555556
来者居上,0.7777777777777778,positive,0.7777777777777778
杨柳宫眉,0.7777777777777778,positive,0.7777777777777778
杯觥交错,0.5555555555555556,positive,0.5555555555555556
杰作,1.0,positive,1.0
杰出,0.7777777777777778,positive,0.7777777777777778
杵臼之交,0.7777777777777778,positive,0.7777777777777778
松乔之寿,1.0,positive,1.0
松形鹤骨,1.0,positive,1.0
松快,0.5555555555555556,positive,0.5555555555555556
松枝挂剑,0.7777777777777778,positive,0.7777777777777778
松柏之志,0.7777777777777778,positive,0.7777777777777778
松柏之茂,0.7777777777777778,positive,0.7777777777777778
松柏后凋,1.0,positive,1.0
松柏寒盟,1.0,positive,1.0
松筠之节,1.0,positive,1.0
松茂竹苞,1.0,positive,1.0
松萝共倚,1.0,positive,1.0
板板正正,0.1111111111111111,positive,0.1111111111111111
板正,0.3333333333333333,positive,0.3333333333333333
极乐世界,0.5555555555555556,positive,0.5555555555555556
极品,1.0,positive,1.0
极好,1.0,positive,1.0
极情尽致,0.7777777777777778,positive,0.7777777777777778
极神圣,0.7777777777777778,positive,0.7777777777777778
极致,1.0,positive,1.0
极负盛誉,0.7777777777777778,positive,0.7777777777777778
极顶,0.5555555555555556,positive,0.5555555555555556
枉驾,0.5555555555555556,positive,0.5555555555555556
析肝刿胆,1.0,positive,1.0
析肝吐胆,1.0,positive,1.0
析肝沥悃,1.0,positive,1.0
枕善而居,0.5555555555555556,positive,0.5555555555555556
枕席过师,0.7777777777777778,positive,0.7777777777777778
枕戈寝甲,0.5555555555555556,positive,0.5555555555555556
枕戈待敌,0.5555555555555556,positive,0.5555555555555556
枕戈待旦,0.5555555555555556,positive,0.5555555555555556
枕戈汗马,0.5555555555555556,positive,0.5555555555555556
枕籍经史,0.5555555555555556,positive,0.5555555555555556
林下清风,1.0,positive,1.0
林下风度,1.0,positive,1.0
林下风气,0.3333333333333333,positive,0.3333333333333333
林下风致,1.0,positive,1.0
林下风范,1.0,positive,1.0
林下风韵,1.0,positive,1.0
林下高风,1.0,positive,1.0
林籁泉韵,1.0,positive,1.0
果决,0.3333333333333333,positive,0.3333333333333333
果刑信赏,0.5555555555555556,positive,0.5555555555555556
果敢,0.5555555555555556,positive,0.5555555555555556
果断,0.5555555555555556,positive,0.5555555555555556
果熟蒂落,0.5555555555555556,positive,0.5555555555555556
果行育德,0.5555555555555556,positive,0.5555555555555556
枝叶扶疏,0.5555555555555556,positive,0.5555555555555556
枝叶扶苏,0.5555555555555556,positive,0.5555555555555556
枝繁叶茂,1.0,positive,1.0
枭将,0.3333333333333333,positive,0.3333333333333333
枯木再生,0.7777777777777778,positive,0.7777777777777778
枯木发荣,0.7777777777777778,positive,0.7777777777777778
枯木死灰,1.0,positive,1.0
枯木逢春,0.7777777777777778,positive,0.7777777777777778
枯枝再春,0.7777777777777778,positive,0.7777777777777778
枯树逢春,0.7777777777777778,positive,0.7777777777777778
枯骨生肉,0.7777777777777778,positive,0.7777777777777778
枵腹从公,0.5555555555555556,positive,0.5555555555555556
架海金梁,0.7777777777777778,positive,0.7777777777777778
架海金樑,0.7777777777777778,positive,0.7777777777777778
柔中有刚,0.5555555555555556,positive,0.5555555555555556
柔和,0.3333333333333333,positive,0.3333333333333333
柔婉,0.5555555555555556,positive,0.5555555555555556
柔媚,0.1111111111111111,positive,0.1111111111111111
柔嫩,0.5555555555555556,positive,0.5555555555555556
柔心弱骨,0.1111111111111111,positive,0.1111111111111111
柔情,0.5555555555555556,positive,0.5555555555555556
柔情似水,0.5555555555555556,positive,0.5555555555555556
柔情侠骨,0.5555555555555556,positive,0.5555555555555556
柔情密意,0.5555555555555556,positive,0.5555555555555556
柔情绰态,0.3333333333333333,positive,0.3333333333333333
柔曼,0.5555555555555556,positive,0.5555555555555556
柔枝嫩叶,0.5555555555555556,positive,0.5555555555555556
柔枝嫩条,0.5555555555555556,positive,0.5555555555555556
柔润,0.5555555555555556,positive,0.5555555555555556
柔滑,0.5555555555555556,positive,0.5555555555555556
柔美,0.5555555555555556,positive,0.5555555555555556
柔肠百转,0.5555555555555556,positive,0.5555555555555556
柔肤弱体,0.5555555555555556,positive,0.5555555555555556
柔腻,0.5555555555555556,positive,0.5555555555555556
柔软,0.5555555555555556,positive,0.5555555555555556
柔远怀来,0.5555555555555556,positive,0.5555555555555556
柔远怀迩,0.5555555555555556,positive,0.5555555555555556
柔远能迩,0.5555555555555556,positive,0.5555555555555556
柔远镇迩,0.5555555555555556,positive,0.5555555555555556
柔静,0.5555555555555556,positive,0.5555555555555556
柔韧,0.3333333333333333,positive,0.3333333333333333
柔顺,0.5555555555555556,positive,0.5555555555555556
柱天踏地,0.7777777777777778,positive,0.7777777777777778
柳下借阴,0.3333333333333333,positive,0.3333333333333333
柳亸花娇,0.7777777777777778,positive,0.7777777777777778
柳亸莺娇,0.7777777777777778,positive,0.7777777777777778
柳圣花神,0.7777777777777778,positive,0.7777777777777778
柳夭桃艳,0.7777777777777778,positive,0.7777777777777778
柳娇花媚,0.7777777777777778,positive,0.7777777777777778
柳宠花迷,0.7777777777777778,positive,0.7777777777777778
柳弱花娇,0.7777777777777778,positive,0.7777777777777778
柳影花阴,0.5555555555555556,positive,0.5555555555555556
柳暖花春,0.7777777777777778,positive,0.7777777777777778
柳暗花明,0.5555555555555556,positive,0.5555555555555556
柳暗花明又一村,0.7777777777777778,positive,0.7777777777777778
柳暗花遮,0.5555555555555556,positive,0.5555555555555556
柳烟花雾,0.5555555555555556,positive,0.5555555555555556
柳眉星眼,0.7777777777777778,positive,0.7777777777777778
柳绿桃红,0.5555555555555556,positive,0.5555555555555556
柳绿花红,0.5555555555555556,positive,0.5555555555555556
柳腰花态,0.7777777777777778,positive,0.7777777777777778
柳腰莲脸,0.7777777777777778,positive,0.7777777777777778
柳莺花燕,0.7777777777777778,positive,0.7777777777777778
柳门竹巷,0.5555555555555556,positive,0.5555555555555556
柳骨颜筋,0.7777777777777778,positive,0.7777777777777778
柴立不阿,0.5555555555555556,positive,0.5555555555555556
标兵,0.5555555555555556,positive,0.5555555555555556
标准化,0.5555555555555556,positive,0.5555555555555556
标新创异,0.5555555555555556,positive,0.5555555555555556
标新竖异,0.5555555555555556,positive,0.5555555555555556
标新竞异,0.5555555555555556,positive,0.5555555555555556
标新领异,0.5555555555555556,positive,0.5555555555555556
标致,0.5555555555555556,positive,0.5555555555555556
栈山航海,0.3333333333333333,positive,0.3333333333333333
栉霜沐露,0.5555555555555556,positive,0.5555555555555556
栉风沐雨,0.5555555555555556,positive,0.5555555555555556
栋梁之材,0.7777777777777778,positive,0.7777777777777778
栎阳雨金,0.3333333333333333,positive,0.3333333333333333
树叶茂盛,0.1111111111111111,positive,0.1111111111111111
树德务滋,0.5555555555555556,positive,0.5555555555555556
栩栩,0.5555555555555556,positive,0.5555555555555556
栩栩如活,0.3333333333333333,positive,0.3333333333333333
栩栩如生,0.7777777777777778,positive,0.7777777777777778
根治,0.1111111111111111,positive,0.1111111111111111
根深叶茂,0.7777777777777778,positive,0.7777777777777778
根深本固,0.7777777777777778,positive,0.7777777777777778
根深蒂结,0.7777777777777778,positive,0.7777777777777778
根盘蒂结,0.7777777777777778,positive,0.7777777777777778
根结盘据,1.0,positive,1.0
格不相入,0.5555555555555556,positive,0.5555555555555556
格古通今,0.7777777777777778,positive,0.7777777777777778
格守不渝,0.5555555555555556,positive,0.5555555555555556
格高意远,1.0,positive,1.0
桂冠,0.7777777777777778,positive,0.7777777777777778
桂子飘香,0.5555555555555556,positive,0.5555555555555556
桂折一枝,0.7777777777777778,positive,0.7777777777777778
桂林一枝,0.5555555555555556,positive,0.5555555555555556
桂枝片玉,0.7777777777777778,positive,0.7777777777777778
桂玉之地,0.5555555555555556,positive,0.5555555555555556
桂酒椒浆,0.7777777777777778,positive,0.7777777777777778
桃之夭夭,0.7777777777777778,positive,0.7777777777777778
桃夭李艳,0.5555555555555556,positive,0.5555555555555556
桃夭柳媚,0.7777777777777778,positive,0.7777777777777778
桃李不言，下自成行,0.7777777777777778,positive,0.7777777777777778
桃李不言，下自成蹊,0.5555555555555556,positive,0.5555555555555556
桃李争妍,0.7777777777777778,positive,0.7777777777777778
桃李成蹊,0.7777777777777778,positive,0.7777777777777778
桃李无言，下自成蹊,0.7777777777777778,positive,0.7777777777777778
桃李春风,1.0,positive,1.0
桃李满天下,0.7777777777777778,positive,0.7777777777777778
桃李精神,0.7777777777777778,positive,0.7777777777777778
桃李遍天下,1.0,positive,1.0
桃李门墙,0.7777777777777778,positive,0.7777777777777778
桃来李答,0.5555555555555556,positive,0.5555555555555556
桃红柳绿,0.5555555555555556,positive,0.5555555555555556
桃羞杏让,0.7777777777777778,positive,0.7777777777777778
桃腮柳眼,0.7777777777777778,positive,0.7777777777777778
桃腮粉脸,0.5555555555555556,positive,0.5555555555555556
桃花潭水,0.7777777777777778,positive,0.7777777777777778
桃蹊柳曲,0.7777777777777778,positive,0.7777777777777778
桃蹊柳陌,0.7777777777777778,positive,0.7777777777777778
案无留牍,0.5555555555555556,positive,0.5555555555555556
桑土绸缪,0.5555555555555556,positive,0.5555555555555556
桑廕未移,0.5555555555555556,positive,0.5555555555555556
桑弧蒿矢,0.5555555555555556,positive,0.5555555555555556
桑弧蓬矢,0.5555555555555556,positive,0.5555555555555556
桑梓,0.3333333333333333,positive,0.3333333333333333
梗直,0.3333333333333333,positive,0.3333333333333333
梦笔生花,0.7777777777777778,positive,0.7777777777777778
梨花带雨,0.7777777777777778,positive,0.7777777777777778
梯山架壑,0.7777777777777778,positive,0.7777777777777778
梯山栈谷,0.7777777777777778,positive,0.7777777777777778
梯愚入圣,1.0,positive,1.0
棋逢对手,0.5555555555555556,positive,0.5555555555555556
棋逢敌手,0.5555555555555556,positive,0.5555555555555556
棋高一着,0.5555555555555556,positive,0.5555555555555556
棒儿香,0.5555555555555556,positive,0.5555555555555556
森森,0.5555555555555556,positive,0.5555555555555556
森郁,0.5555555555555556,positive,0.5555555555555556
椿萱并茂,0.3333333333333333,positive,0.3333333333333333
楚楚,0.5555555555555556,positive,0.5555555555555556
楚楚动人,0.5555555555555556,positive,0.5555555555555556
楚楚可人,0.7777777777777778,positive,0.7777777777777778
楚楚可怜,0.3333333333333333,positive,0.3333333333333333
楷模,0.7777777777777778,positive,0.7777777777777778
楼阁台榭,0.3333333333333333,positive,0.3333333333333333
概日凌云,1.0,positive,1.0
榜样,0.5555555555555556,positive,0.5555555555555556
榜眼,0.5555555555555556,positive,0.5555555555555556
榜首,0.7777777777777778,positive,0.7777777777777778
槁项黄馘,1.0,positive,1.0
模范,0.5555555555555556,positive,0.5555555555555556
横从穿贯,0.5555555555555556,positive,0.5555555555555556
横扫千军,0.7777777777777778,positive,0.7777777777777778
横槊赋诗,0.7777777777777778,positive,0.7777777777777778
横眉吐气,0.7777777777777778,positive,0.7777777777777778
横翔捷出,0.7777777777777778,positive,0.7777777777777778
樽前月下,0.5555555555555556,positive,0.5555555555555556
樽酒论文,0.5555555555555556,positive,0.5555555555555556
檀郎谢女,0.7777777777777778,positive,0.7777777777777778
櫜弓卧鼓,0.5555555555555556,positive,0.5555555555555556
欢乐,0.5555555555555556,positive,0.5555555555555556
欢呼,0.5555555555555556,positive,0.5555555555555556
欢唱,1.0,positive,1.0
欢声,0.5555555555555556,positive,0.5555555555555556
欢声笑语,0.7777777777777778,positive,0.7777777777777778
欢声雷动,1.0,positive,1.0
欢天喜地,0.7777777777777778,positive,0.7777777777777778
欢好,0.3333333333333333,positive,0.3333333333333333
欢娱,0.5555555555555556,positive,0.5555555555555556
欢宴,0.5555555555555556,positive,0.5555555555555556
欢庆,0.5555555555555556,positive,0.5555555555555556
欢度,0.3333333333333333,positive,0.3333333333333333
欢快,0.5555555555555556,positive,0.5555555555555556
欢忭鼓舞,1.0,positive,1.0
欢忻鼓舞,0.7777777777777778,positive,0.7777777777777778
欢悦,0.5555555555555556,positive,0.5555555555555556
欢愉,0.5555555555555556,positive,0.5555555555555556
欢慰,0.3333333333333333,positive,0.3333333333333333
欢欣,0.5555555555555556,positive,0.5555555555555556
欢欣鼓舞,0.7777777777777778,positive,0.7777777777777778
欢歌,0.5555555555555556,positive,0.5555555555555556
欢畅,0.5555555555555556,positive,0.5555555555555556
欢笑,0.5555555555555556,positive,0.5555555555555556
欢聚,0.5555555555555556,positive,0.5555555555555556
欢腾,0.7777777777777778,positive,0.7777777777777778
欢蹦乱跳,0.7777777777777778,positive,0.7777777777777778
欢迸乱跳,1.0,positive,1.0
欢送,0.3333333333333333,positive,0.3333333333333333
欣喜,0.5555555555555556,positive,0.5555555555555556
欣喜若狂,1.0,positive,1.0
欣快,0.5555555555555556,positive,0.5555555555555556
欣忭,0.5555555555555556,positive,0.5555555555555556
欣悦,0.5555555555555556,positive,0.5555555555555556
欣慰,0.5555555555555556,positive,0.5555555555555556
欣欣,0.5555555555555556,positive,0.5555555555555556
欣欣向荣,1.0,positive,1.0
欣欣然,0.5555555555555556,positive,0.5555555555555556
欣欣自得,0.7777777777777778,positive,0.7777777777777778
欣然,0.5555555555555556,positive,0.5555555555555556
欣然自得,0.7777777777777778,positive,0.7777777777777778
欣羡,0.5555555555555556,positive,0.5555555555555556
欣赏,0.7777777777777778,positive,0.7777777777777778
欣跃,0.5555555555555556,positive,0.5555555555555556
欧鹭忘机,0.3333333333333333,positive,0.3333333333333333
欹嵚历落,0.3333333333333333,positive,0.3333333333333333
款曲,0.7777777777777778,positive,0.7777777777777778
款款,0.1111111111111111,positive,0.1111111111111111
款款深深,1.0,positive,1.0
款留,0.5555555555555556,positive,0.5555555555555556
歃血,0.5555555555555556,positive,0.5555555555555556
歃血为盟　,0.5555555555555556,positive,0.5555555555555556
歌功颂德,0.7777777777777778,positive,0.7777777777777778
歌吟,0.3333333333333333,positive,0.3333333333333333
歌声绕梁,0.7777777777777778,positive,0.7777777777777778
歌舞昇平,1.0,positive,1.0
歌诵,0.7777777777777778,positive,0.7777777777777778
歌颂,0.7777777777777778,positive,0.7777777777777778
歙漆阿胶,0.5555555555555556,positive,0.5555555555555556
止於至善,0.5555555555555556,positive,0.5555555555555556
正中下怀,0.3333333333333333,positive,0.3333333333333333
正义,0.5555555555555556,positive,0.5555555555555556
正义凛然,0.7777777777777778,positive,0.7777777777777778
正义感,0.7777777777777778,positive,0.7777777777777778
正义战争,0.7777777777777778,positive,0.7777777777777778
正人君子,1.0,positive,1.0
正兒巴经,0.5555555555555556,positive,0.5555555555555556
正品,0.5555555555555556,positive,0.5555555555555556
正大,0.5555555555555556,positive,0.5555555555555556
正大光明,1.0,positive,1.0
正大堂煌,0.5555555555555556,positive,0.5555555555555556
正大堂皇,0.5555555555555556,positive,0.5555555555555556
正心诚意,0.5555555555555556,positive,0.5555555555555556
正明公道,0.7777777777777778,positive,0.7777777777777778
正梁,0.7777777777777778,positive,0.7777777777777778
正正堂堂,0.5555555555555556,positive,0.5555555555555556
正正气气,0.5555555555555556,positive,0.5555555555555556
正正经经,0.5555555555555556,positive,0.5555555555555556
正气,0.5555555555555556,positive,0.5555555555555556
正派,0.5555555555555556,positive,0.5555555555555556
正理,0.5555555555555556,positive,0.5555555555555556
正理平治,0.3333333333333333,positive,0.3333333333333333
正直,0.5555555555555556,positive,0.5555555555555556
正直公平,0.5555555555555556,positive,0.5555555555555556
正直无私,0.5555555555555556,positive,0.5555555555555556
正经,0.6666666666666667,positive,0.6666666666666667
正统,0.3333333333333333,positive,0.3333333333333333
正襟危坐,0.7777777777777778,positive,0.7777777777777778
正规,0.3333333333333333,positive,0.3333333333333333
正视绳行,0.5555555555555556,positive,0.5555555555555556
正言厉色,0.7777777777777778,positive,0.7777777777777778
正论,0.5555555555555556,positive,0.5555555555555556
正轨,0.5555555555555556,positive,0.5555555555555556
正道,0.5555555555555556,positive,0.5555555555555556
正面,0.3333333333333333,positive,0.3333333333333333
正面人物,0.7777777777777778,positive,0.7777777777777778
正骨,0.5555555555555556,positive,0.5555555555555556
步步生莲华,0.5555555555555556,positive,0.5555555555555556
步步登高,0.3333333333333333,positive,0.3333333333333333
武艺超群,0.5555555555555556,positive,0.5555555555555556
死不旋踵,1.0,positive,1.0
死不瞑目,0.7777777777777778,positive,0.7777777777777778
死中求活,0.5555555555555556,positive,0.5555555555555556
死中求生,0.5555555555555556,positive,0.5555555555555556
死党,0.5555555555555556,positive,0.5555555555555556
死得其所,0.5555555555555556,positive,0.5555555555555556
死心塌地,1.0,positive,1.0
死而不朽,0.5555555555555556,positive,0.5555555555555556
死而后已,0.7777777777777778,positive,0.7777777777777778
死诸葛哧走生仲达,0.5555555555555556,positive,0.5555555555555556
死诸葛能走生仲达,0.5555555555555556,positive,0.5555555555555556
死里求生,0.5555555555555556,positive,0.5555555555555556
死骨更肉,0.5555555555555556,positive,0.5555555555555556
殊荣,0.3333333333333333,positive,0.3333333333333333
殚思极虑,0.7777777777777778,positive,0.7777777777777778
殚智竭力,0.7777777777777778,positive,0.7777777777777778
殚精极虑,0.5555555555555556,positive,0.5555555555555556
殚精毕力,0.7777777777777778,positive,0.7777777777777778
殚精竭力,0.5555555555555556,positive,0.5555555555555556
殚精竭虑,0.7777777777777778,positive,0.7777777777777778
殚见洽文,0.7777777777777778,positive,0.7777777777777778
殚见洽闻,0.7777777777777778,positive,0.7777777777777778
殚诚毕虑,0.5555555555555556,positive,0.5555555555555556
殚谋戮力,0.5555555555555556,positive,0.5555555555555556
殚财竭力,0.5555555555555556,positive,0.5555555555555556
殷勤,0.3333333333333333,positive,0.3333333333333333
殷殷,0.7777777777777778,positive,0.7777777777777778
毁家纾国,1.0,positive,1.0
毁家纾难,1.0,positive,1.0
毅力,0.5555555555555556,positive,0.5555555555555556
毅勇,0.5555555555555556,positive,0.5555555555555556
毅然,1.0,positive,1.0
毅然决然,0.5555555555555556,positive,0.5555555555555556
毋庸置言,1.0,positive,1.0
母爱,0.5555555555555556,positive,0.5555555555555556
每饭不忘,0.7777777777777778,positive,0.7777777777777778
比冀齐飞,0.5555555555555556,positive,0.5555555555555556
比及,0.5555555555555556,positive,0.5555555555555556
比屋可封,0.5555555555555556,positive,0.5555555555555556
比屋而封,0.7777777777777778,positive,0.7777777777777778
比户可封,0.5555555555555556,positive,0.5555555555555556
比美,0.3333333333333333,positive,0.3333333333333333
比翼鸟,0.1111111111111111,positive,0.1111111111111111
比翼齐飞? ,0.7777777777777778,positive,0.7777777777777778
比肩,0.5555555555555556,positive,0.5555555555555556
毕力,0.3333333333333333,positive,0.3333333333333333
毕生,0.3333333333333333,positive,0.3333333333333333
毕肖,0.3333333333333333,positive,0.3333333333333333
毛遂自荐,0.1111111111111111,positive,0.1111111111111111
毫不利己,0.5555555555555556,positive,0.5555555555555556
毫不利己，专门利人,1.0,positive,1.0
毫不利已，专门利人,1.0,positive,1.0
毫不犹豫,0.3333333333333333,positive,0.3333333333333333
毫不畏惧,0.3333333333333333,positive,0.3333333333333333
毫分缕析,0.5555555555555556,positive,0.5555555555555556
毫厘不爽,0.5555555555555556,positive,0.5555555555555556
毫发不差,0.3333333333333333,positive,0.3333333333333333
毫发不爽,0.3333333333333333,positive,0.3333333333333333
毫无保留地,0.3333333333333333,positive,0.3333333333333333
毫无错误,0.5555555555555556,positive,0.5555555555555556
毫无问题,0.1111111111111111,positive,0.1111111111111111
民为邦国,0.3333333333333333,positive,0.3333333333333333
民主,0.3333333333333333,positive,0.3333333333333333
民和年丰,0.5555555555555556,positive,0.5555555555555556
民和年稔,1.0,positive,1.0
民安国泰,1.0,positive,1.0
民安物阜,1.0,positive,1.0
民富国强,0.5555555555555556,positive,0.5555555555555556
民富国彊,1.0,positive,1.0
民康物阜,1.0,positive,1.0
民族英雄,0.7777777777777778,positive,0.7777777777777778
民智,0.5555555555555556,positive,0.5555555555555556
民殷国富,0.5555555555555556,positive,0.5555555555555556
民淳俗厚,1.0,positive,1.0
民熙物阜,1.0,positive,1.0
民生在勤,0.5555555555555556,positive,0.5555555555555556
民脂民膏,1.0,positive,1.0
民膏民脂,1.0,positive,1.0
气义相投,0.5555555555555556,positive,0.5555555555555556
气候,0.3333333333333333,positive,0.3333333333333333
气冲霄汉,0.7777777777777778,positive,0.7777777777777778
气决泉达,0.5555555555555556,positive,0.5555555555555556
气势,0.1111111111111111,positive,0.1111111111111111
气势磅礴,1.0,positive,1.0
气压山河,0.7777777777777778,positive,0.7777777777777778
气吞宇宙,0.7777777777777778,positive,0.7777777777777778
气吞山河,0.7777777777777778,positive,0.7777777777777778
气吞湖海,0.5555555555555556,positive,0.5555555555555556
气吞虹蜺,0.5555555555555556,positive,0.5555555555555556
气味相投,0.3333333333333333,positive,0.3333333333333333
气壮如牛,0.3333333333333333,positive,0.3333333333333333
气壮山河,0.7777777777777778,positive,0.7777777777777778
气壮河山,0.7777777777777778,positive,0.7777777777777778
气宇,0.6666666666666666,positive,0.6666666666666666
气宇轩昂,0.7777777777777778,positive,0.7777777777777778
气度,0.3333333333333333,positive,0.3333333333333333
气度不凡,0.7777777777777778,positive,0.7777777777777778
气度恢宏,1.0,positive,1.0
气昂昂,0.1111111111111111,positive,0.1111111111111111
气概,0.5555555555555556,positive,0.5555555555555556
气概不凡,1.0,positive,1.0
气派,0.7777777777777778,positive,0.7777777777777778
气满志得,0.7777777777777778,positive,0.7777777777777778
气满志骄,0.7777777777777778,positive,0.7777777777777778
气节,0.5555555555555556,positive,0.5555555555555556
气血方刚,0.5555555555555556,positive,0.5555555555555556
气谊相投,0.5555555555555556,positive,0.5555555555555556
气象万千,0.7777777777777778,positive,0.7777777777777778
气质,0.5555555555555556,positive,0.5555555555555556
气贯长虹,0.7777777777777778,positive,0.7777777777777778
气逾霄汉,1.0,positive,1.0
气量,0.5555555555555556,positive,0.5555555555555556
气韵,0.5555555555555556,positive,0.5555555555555556
气骄志满,0.7777777777777778,positive,0.7777777777777778
气魄,0.7777777777777778,positive,0.7777777777777778
水佩风裳,0.5555555555555556,positive,0.5555555555555556
水光山色,0.5555555555555556,positive,0.5555555555555556
水到渠成,0.7777777777777778,positive,0.7777777777777778
水到鱼行,0.5555555555555556,positive,0.5555555555555556
水天一色,0.5555555555555556,positive,0.5555555555555556
水尽山穷,0.5555555555555556,positive,0.5555555555555556
水明山秀,0.5555555555555556,positive,0.5555555555555556
水月观音,0.5555555555555556,positive,0.5555555555555556
水木明瑟,0.7777777777777778,positive,0.7777777777777778
水木清华,0.7777777777777778,positive,0.7777777777777778
水来土掩,0.5555555555555556,positive,0.5555555555555556
水汪汪,0.3333333333333333,positive,0.3333333333333333
水涨船高,0.5555555555555556,positive,0.5555555555555556
水滴石穿,1.0,positive,1.0
水火不辞,0.7777777777777778,positive,0.7777777777777778
水火不避,0.5555555555555556,positive,0.5555555555555556
水火相济，盐梅相成,0.5555555555555556,positive,0.5555555555555556
水灵灵,0.5555555555555556,positive,0.5555555555555556
水碧山绿,0.5555555555555556,positive,0.5555555555555556
水秀山明,0.5555555555555556,positive,0.5555555555555556
水米无交,0.7777777777777778,positive,0.7777777777777778
水色山光,0.7777777777777778,positive,0.7777777777777778
水落石出,0.7777777777777778,positive,0.7777777777777778
水长船高,0.5555555555555556,positive,0.5555555555555556
永垂不朽,1.0,positive,1.0
永恒,0.5555555555555556,positive,0.5555555555555556
永生,0.3333333333333333,positive,0.3333333333333333
求之不得,1.0,positive,1.0
求仁得仁,0.7777777777777778,positive,0.7777777777777778
求实,0.5555555555555556,positive,0.5555555555555556
求民病利,0.3333333333333333,positive,0.3333333333333333
求真务实,0.5555555555555556,positive,0.5555555555555556
求索,0.3333333333333333,positive,0.3333333333333333
求贤若渴,0.5555555555555556,positive,0.5555555555555556
汗牛充屋,0.7777777777777778,positive,0.7777777777777778
汗牛充栋,0.7777777777777778,positive,0.7777777777777778
汗牛塞栋,0.7777777777777778,positive,0.7777777777777778
汗青,0.3333333333333333,positive,0.3333333333333333
汗马之功,1.0,positive,1.0
汗马之劳,0.7777777777777778,positive,0.7777777777777778
汗马功劳,0.5555555555555556,positive,0.5555555555555556
江山,0.3333333333333333,positive,0.3333333333333333
江山如画,0.5555555555555556,positive,0.5555555555555556
江左夷吾,0.7777777777777778,positive,0.7777777777777778
汤去三面,1.0,positive,1.0
汤池铁城,0.5555555555555556,positive,0.5555555555555556
汪洋大海,1.0,positive,1.0
汶阳田反,0.7777777777777778,positive,0.7777777777777778
汹涌澎湃,0.7777777777777778,positive,0.7777777777777778
沁人心肺,0.6666666666666666,positive,0.6666666666666666
沁人心脾,0.5555555555555556,positive,0.5555555555555556
沁人心腑,0.6666666666666666,positive,0.6666666666666666
沁人肺腑,0.5555555555555556,positive,0.5555555555555556
沁入心扉,0.3333333333333333,positive,0.3333333333333333
沁入心脾,0.6666666666666666,positive,0.6666666666666666
沁入肺腑,0.5555555555555556,positive,0.5555555555555556
沃土,0.5555555555555556,positive,0.5555555555555556
沃壤,0.5555555555555556,positive,0.5555555555555556
沃衍,0.5555555555555556,positive,0.5555555555555556
沃野,0.5555555555555556,positive,0.5555555555555556
沃野千里,0.7777777777777778,positive,0.7777777777777778
沃饶,0.5555555555555556,positive,0.5555555555555556
沅芷湘兰,0.7777777777777778,positive,0.7777777777777778
沅芷澧兰,0.7777777777777778,positive,0.7777777777777778
沅茝灃兰,0.7777777777777778,positive,0.7777777777777778
沅茝醴兰,0.7777777777777778,positive,0.7777777777777778
沉勇,0.5555555555555556,positive,0.5555555555555556
沉挚,0.5555555555555556,positive,0.5555555555555556
沉毅,0.5555555555555556,positive,0.5555555555555556
沉潜刚克,0.5555555555555556,positive,0.5555555555555556
沉着,0.3333333333333333,positive,0.3333333333333333
沉稳,0.5555555555555556,positive,0.5555555555555556
沉雄,0.5555555555555556,positive,0.5555555555555556
沉静,0.3333333333333333,positive,0.3333333333333333
沉鱼落雁,0.7777777777777778,positive,0.7777777777777778
沐仁浴义,0.6666666666666666,positive,0.6666666666666666
沐日浴月,0.6666666666666666,positive,0.6666666666666666
没世不忘,1.0,positive,1.0
没世不渝,1.0,positive,1.0
没世无闻,0.7777777777777778,positive,0.7777777777777778
没世穷年,0.3333333333333333,positive,0.3333333333333333
没卫饮羽,0.3333333333333333,positive,0.3333333333333333
没有搀杂,0.1111111111111111,positive,0.1111111111111111
没的说,0.1111111111111111,positive,0.1111111111111111
没石饮羽,0.7777777777777778,positive,0.7777777777777778
没齿不忘,0.7777777777777778,positive,0.7777777777777778
没齿无怨,0.7777777777777778,positive,0.7777777777777778
没齿难忘,1.0,positive,1.0
沥胆堕肝,0.7777777777777778,positive,0.7777777777777778
沥胆披肝,0.7777777777777778,positive,0.7777777777777778
沥胆抽肠,0.7777777777777778,positive,0.7777777777777778
沥胆濯肝,0.7777777777777778,positive,0.7777777777777778
沥胆隳肝,0.7777777777777778,positive,0.7777777777777778
沥血叩心,0.5555555555555556,positive,0.5555555555555556
沥血披心,0.5555555555555556,positive,0.5555555555555556
沥血披肝,0.5555555555555556,positive,0.5555555555555556
河出伏流,0.5555555555555556,positive,0.5555555555555556
河奔海聚,0.7777777777777778,positive,0.7777777777777778
河山,0.7777777777777778,positive,0.7777777777777778
河山之德,0.7777777777777778,positive,0.7777777777777778
河山带砺,0.7777777777777778,positive,0.7777777777777778
河岳,0.7777777777777778,positive,0.7777777777777778
河晏水清,0.5555555555555556,positive,0.5555555555555556
河汉江淮,0.5555555555555556,positive,0.5555555555555556
河汾门下,0.3333333333333333,positive,0.3333333333333333
河沙世界,0.5555555555555556,positive,0.5555555555555556
河海清宴,0.5555555555555556,positive,0.5555555555555556
河润泽及,0.5555555555555556,positive,0.5555555555555556
河清三日,0.5555555555555556,positive,0.5555555555555556
河清云庆,0.5555555555555556,positive,0.5555555555555556
河清人寿,1.0,positive,1.0
河清海宴,0.5555555555555556,positive,0.5555555555555556
河清海晏,0.5555555555555556,positive,0.5555555555555556
河清社鸣,0.5555555555555556,positive,0.5555555555555556
河溓海夷,0.5555555555555556,positive,0.5555555555555556
河溓海晏,0.5555555555555556,positive,0.5555555555555556
河目海口,0.5555555555555556,positive,0.5555555555555556
治世,0.7777777777777778,positive,0.7777777777777778
治乱存亡,1.0,positive,1.0
治国安民,0.7777777777777778,positive,0.7777777777777778
治国安邦,0.5555555555555556,positive,0.5555555555555556
治学,0.5555555555555556,positive,0.5555555555555556
治病救人,0.5555555555555556,positive,0.5555555555555556
治郭安邦,0.5555555555555556,positive,0.5555555555555556
沿波讨源,0.3333333333333333,positive,0.3333333333333333
泓峥萧瑟,0.5555555555555556,positive,0.5555555555555556
法不阿贵,0.7777777777777778,positive,0.7777777777777778
法宝,0.5555555555555556,positive,0.5555555555555556
波光粼粼,0.1111111111111111,positive,0.1111111111111111
波尔卡,0.7777777777777778,positive,0.7777777777777778
波澜壮阔,0.3333333333333333,positive,0.3333333333333333
波澜老成,0.5555555555555556,positive,0.5555555555555556
泥而不滓,0.5555555555555556,positive,0.5555555555555556
注目,0.5555555555555556,positive,0.5555555555555556
注视,0.7777777777777778,positive,0.7777777777777778
注重,0.8888888888888888,positive,0.8888888888888888
泪珠,0.5555555555555556,positive,0.5555555555555556
泪眼,0.7777777777777778,positive,0.7777777777777778
泰山北斗,0.7777777777777778,positive,0.7777777777777778
泰山压卵,0.7777777777777778,positive,0.7777777777777778
泰山磐石,0.7777777777777778,positive,0.7777777777777778
泰斗,0.7777777777777778,positive,0.7777777777777778
泰然处之,1.0,positive,1.0
泰然自若,0.3333333333333333,positive,0.3333333333333333
泱泱,0.5555555555555556,positive,0.5555555555555556
泱泱大风,1.0,positive,1.0
洁净,0.5555555555555556,positive,0.5555555555555556
洁己从公,0.5555555555555556,positive,0.5555555555555556
洁己奉公,0.5555555555555556,positive,0.5555555555555556
洁浊扬清,0.7777777777777778,positive,0.7777777777777778
洁清自矢,0.5555555555555556,positive,0.5555555555555556
洁白,0.3333333333333333,positive,0.3333333333333333
洁莹,0.5555555555555556,positive,0.5555555555555556
洁身累行,0.5555555555555556,positive,0.5555555555555556
洁身自好,0.5555555555555556,positive,0.5555555555555556
洁身自守,0.5555555555555556,positive,0.5555555555555556
洁身自律,0.7777777777777778,positive,0.7777777777777778
洁身自爱,0.5555555555555556,positive,0.5555555555555556
洋洋,0.6666666666666667,positive,0.6666666666666667
洋洋大观,0.7777777777777778,positive,0.7777777777777778
洋溢,0.5555555555555556,positive,0.5555555555555556
洋财,1.0,positive,1.0
洒心更始,0.5555555555555556,positive,0.5555555555555556
洒扫,0.3333333333333333,positive,0.3333333333333333
洒洒,0.3333333333333333,positive,0.3333333333333333
洒脱,0.3333333333333333,positive,0.3333333333333333
洒落,0.3333333333333333,positive,0.3333333333333333
洗尘,0.3333333333333333,positive,0.3333333333333333
洗心回面,0.5555555555555556,positive,0.5555555555555556
洗心换骨,0.5555555555555556,positive,0.5555555555555556
洗心涤虑,0.5555555555555556,positive,0.5555555555555556
洗心自新,0.5555555555555556,positive,0.5555555555555556
洗心革面,0.5555555555555556,positive,0.5555555555555556
洗手奉公,0.5555555555555556,positive,0.5555555555555556
洗手奉职,0.7777777777777778,positive,0.7777777777777778
洗礼,0.5555555555555556,positive,0.5555555555555556
洗耳恭听,0.5555555555555556,positive,0.5555555555555556
洗耳拱听,0.5555555555555556,positive,0.5555555555555556
洛阳才子,0.5555555555555556,positive,0.5555555555555556
洛阳纸贵,0.5555555555555556,positive,0.5555555555555556
洞中肯綮,0.7777777777777778,positive,0.7777777777777778
洞天,0.5555555555555556,positive,0.5555555555555556
洞天福地,0.5555555555555556,positive,0.5555555555555556
洞如观火,0.7777777777777778,positive,0.7777777777777778
洞幽烛微,0.7777777777777778,positive,0.7777777777777778
洞幽烛远,0.7777777777777778,positive,0.7777777777777778
洞彻,0.1111111111111111,positive,0.1111111111111111
洞悉,0.3333333333333333,positive,0.3333333333333333
洞房,1.0,positive,1.0
洞房花烛,0.5555555555555556,positive,0.5555555555555556
洞晓,0.1111111111111111,positive,0.1111111111111111
洞烛,0.1111111111111111,positive,0.1111111111111111
洞究,0.1111111111111111,positive,0.1111111111111111
洞若观火,0.5555555555555556,positive,0.5555555555555556
洞见,0.3333333333333333,positive,0.3333333333333333
洞见症结,0.3333333333333333,positive,0.3333333333333333
洞视,0.1111111111111111,positive,0.1111111111111111
洞识,0.5555555555555556,positive,0.5555555555555556
洞达,0.3333333333333333,positive,0.3333333333333333
洞鉴古今,1.0,positive,1.0
洞隐烛微,0.7777777777777778,positive,0.7777777777777778
津津,0.7777777777777778,positive,0.7777777777777778
津津乐道,0.7777777777777778,positive,0.7777777777777778
津津有味,0.3333333333333333,positive,0.3333333333333333
津润,0.1111111111111111,positive,0.1111111111111111
津要,0.5555555555555556,positive,0.5555555555555556
洪亮,0.3333333333333333,positive,0.3333333333333333
洪大,0.1111111111111111,positive,0.1111111111111111
洪炉点雪,0.7777777777777778,positive,0.7777777777777778
洪福,0.7777777777777778,positive,0.7777777777777778
洪福齐天,1.0,positive,1.0
洪量,0.5555555555555556,positive,0.5555555555555556
洪钟,0.3333333333333333,positive,0.3333333333333333
活便,0.1111111111111111,positive,0.1111111111111111
活分,0.1111111111111111,positive,0.1111111111111111
活力,0.3333333333333333,positive,0.3333333333333333
活动家,0.1111111111111111,positive,0.1111111111111111
活宝,0.5555555555555556,positive,0.5555555555555556
活气,0.5555555555555556,positive,0.5555555555555556
活泛,0.5555555555555556,positive,0.5555555555555556
活波,0.3333333333333333,positive,0.3333333333333333
活泼,0.3333333333333333,positive,0.3333333333333333
活泼泼,0.3333333333333333,positive,0.3333333333333333
活溜,0.1111111111111111,positive,0.1111111111111111
活灵活现,0.7777777777777778,positive,0.7777777777777778
活现,0.5555555555555556,positive,0.5555555555555556
活用,0.3333333333333333,positive,0.3333333333333333
活神活现,0.7777777777777778,positive,0.7777777777777778
活络,0.3333333333333333,positive,0.3333333333333333
活脱脱,0.5555555555555556,positive,0.5555555555555556
活菩萨,0.5555555555555556,positive,0.5555555555555556
活跃,0.5555555555555556,positive,0.5555555555555556
活蹦乱跳,0.5555555555555556,positive,0.5555555555555556
活蹦活跳,0.5555555555555556,positive,0.5555555555555556
活龙活现,1.0,positive,1.0
活龙鲜健,0.5555555555555556,positive,0.5555555555555556
洽博多闻,0.7777777777777778,positive,0.7777777777777778
洽闻强记,0.7777777777777778,positive,0.7777777777777778
流丽,0.5555555555555556,positive,0.5555555555555556
流利,0.5555555555555556,positive,0.5555555555555556
流星掣电,0.7777777777777778,positive,0.7777777777777778
流星趕月,0.7777777777777778,positive,0.7777777777777778
流星飞电,0.7777777777777778,positive,0.7777777777777778
流水不腐，户枢不蝼,0.3333333333333333,positive,0.3333333333333333
流水不腐，户枢不蠹,0.3333333333333333,positive,0.3333333333333333
流水桃花,0.7777777777777778,positive,0.7777777777777778
流水落花,0.5555555555555556,positive,0.5555555555555556
流水行云,0.7777777777777778,positive,0.7777777777777778
流水高山,0.3333333333333333,positive,0.3333333333333333
流溺忘反,0.7777777777777778,positive,0.7777777777777778
流畅,0.3333333333333333,positive,0.3333333333333333
流离播越,0.5555555555555556,positive,0.5555555555555556
流离播迁,0.5555555555555556,positive,0.5555555555555556
流离转徙,0.5555555555555556,positive,0.5555555555555556
流脍人口,0.7777777777777778,positive,0.7777777777777778
流芳,0.5555555555555556,positive,0.5555555555555556
流芳千古,1.0,positive,1.0
流芳百世,1.0,positive,1.0
流行,0.5555555555555556,positive,0.5555555555555556
流连忘反,0.7777777777777778,positive,0.7777777777777778
流连忘返,0.7777777777777778,positive,0.7777777777777778
流金铄石,0.3333333333333333,positive,0.3333333333333333
流风回雪,0.5555555555555556,positive,0.5555555555555556
流风馀韵,0.5555555555555556,positive,0.5555555555555556
浆水不交,0.5555555555555556,positive,0.5555555555555556
浇瓜之惠,0.5555555555555556,positive,0.5555555555555556
浊泾清渭,0.5555555555555556,positive,0.5555555555555556
济世,1.0,positive,1.0
济世安民,0.7777777777777778,positive,0.7777777777777778
济世安邦,1.0,positive,1.0
济世经邦,1.0,positive,1.0
济事,0.5555555555555556,positive,0.5555555555555556
济人利物,0.5555555555555556,positive,0.5555555555555556
济助,0.3333333333333333,positive,0.3333333333333333
济困,0.3333333333333333,positive,0.3333333333333333
济困扶危,0.5555555555555556,positive,0.5555555555555556
济弱扶倾,0.7777777777777778,positive,0.7777777777777778
济楚,0.5555555555555556,positive,0.5555555555555556
济济,0.5555555555555556,positive,0.5555555555555556
济济一堂,0.5555555555555556,positive,0.5555555555555556
浑厚,0.5555555555555556,positive,0.5555555555555556
浑古,0.5555555555555556,positive,0.5555555555555556
浑朴,0.5555555555555556,positive,0.5555555555555556
浑然一体,0.3333333333333333,positive,0.3333333333333333
浑然天成,0.7777777777777778,positive,0.7777777777777778
浑然自成,0.7777777777777778,positive,0.7777777777777778
浑身是胆,0.3333333333333333,positive,0.3333333333333333
浑金璞玉,0.5555555555555556,positive,0.5555555555555556
浑金白玉,0.7777777777777778,positive,0.7777777777777778
浓丽,0.3333333333333333,positive,0.3333333333333333
浓妆艳裹,0.7777777777777778,positive,0.7777777777777778
浓桃艳李,0.5555555555555556,positive,0.5555555555555556
浓郁,0.5555555555555556,positive,0.5555555555555556
浩博,1.0,positive,1.0
浩大,0.3333333333333333,positive,0.3333333333333333
浩如烟海,0.7777777777777778,positive,0.7777777777777778
浩气,0.5555555555555556,positive,0.5555555555555556
浩浩荡荡,0.7777777777777778,positive,0.7777777777777778
浩淼,0.3333333333333333,positive,0.3333333333333333
浩渺,0.3333333333333333,positive,0.3333333333333333
浩然之气,0.7777777777777778,positive,0.7777777777777778
浩荡,0.3333333333333333,positive,0.3333333333333333
浪子回头金不换,0.3333333333333333,positive,0.3333333333333333
浪酒閒茶,0.3333333333333333,positive,0.3333333333333333
浮家泛宅,0.7777777777777778,positive,0.7777777777777778
浮想联翩,0.7777777777777778,positive,0.7777777777777778
浴血奋战,0.7777777777777778,positive,0.7777777777777778
海不波溢,0.5555555555555556,positive,0.5555555555555556
海屋添筹　,0.7777777777777778,positive,0.7777777777777778
海屋筹添,0.5555555555555556,positive,0.5555555555555556
海怀霞想,0.7777777777777778,positive,0.7777777777777778
海晏河清,0.5555555555555556,positive,0.5555555555555556
海枯石烂,0.5555555555555556,positive,0.5555555555555556
海涵,0.5555555555555556,positive,0.5555555555555556
海涵地负,1.0,positive,1.0
海涸石烂,1.0,positive,1.0
海盟山咒,1.0,positive,1.0
海立云垂,0.1111111111111111,positive,0.1111111111111111
海阔天空,0.5555555555555556,positive,0.5555555555555556
涂歌巷舞,0.7777777777777778,positive,0.7777777777777778
涂歌邑诵,0.7777777777777778,positive,0.7777777777777778
涂歌里咏,0.7777777777777778,positive,0.7777777777777778
涂歌里抃,0.7777777777777778,positive,0.7777777777777778
涅而不淄,0.6666666666666666,positive,0.6666666666666666
涅而不缁,0.7777777777777778,positive,0.7777777777777778
涉笔成趣,0.7777777777777778,positive,0.7777777777777778
涌现,0.1111111111111111,positive,0.1111111111111111
涎玉沫珠,0.5555555555555556,positive,0.5555555555555556
涓滴之劳,0.3333333333333333,positive,0.3333333333333333
涓滴归公,0.5555555555555556,positive,0.5555555555555556
涣尔冰开,0.7777777777777778,positive,0.7777777777777778
涣然,0.3333333333333333,positive,0.3333333333333333
涣然冰释,0.7777777777777778,positive,0.7777777777777778
涣若冰消,0.7777777777777778,positive,0.7777777777777778
涣若冰释,0.7777777777777778,positive,0.7777777777777778
涤瑕荡秽,0.3333333333333333,positive,0.3333333333333333
润泽,0.5555555555555556,positive,0.5555555555555556
润色,0.1111111111111111,positive,0.1111111111111111
润资,0.1111111111111111,positive,0.1111111111111111
润饰,0.1111111111111111,positive,0.1111111111111111
涵养,0.3333333333333333,positive,0.3333333333333333
涵蓄,0.5555555555555556,positive,0.5555555555555556
涸鱼得水,0.5555555555555556,positive,0.5555555555555556
淋漓尽致,0.5555555555555556,positive,0.5555555555555556
淑质英才,0.7777777777777778,positive,0.7777777777777778
淘沙得金,0.7777777777777778,positive,0.7777777777777778
淡水交情,0.5555555555555556,positive,0.5555555555555556
淡泊,0.5555555555555556,positive,0.5555555555555556
淡泊名利,0.3333333333333333,positive,0.3333333333333333
淡泊明志,0.3333333333333333,positive,0.3333333333333333
淡然,0.3333333333333333,positive,0.3333333333333333
淡远,0.5555555555555556,positive,0.5555555555555556
淡雅,0.5555555555555556,positive,0.5555555555555556
深中笃行,0.7777777777777778,positive,0.7777777777777778
深中隐厚,0.5555555555555556,positive,0.5555555555555556
深仁厚泽,0.5555555555555556,positive,0.5555555555555556
深入,0.1111111111111111,positive,0.1111111111111111
深入人心,0.5555555555555556,positive,0.5555555555555556
深入显出,0.5555555555555556,positive,0.5555555555555556
深入浅出,0.7777777777777778,positive,0.7777777777777778
深切著明,0.5555555555555556,positive,0.5555555555555556
深刻,0.3333333333333333,positive,0.3333333333333333
深历浅揭,0.1111111111111111,positive,0.1111111111111111
深受感动,0.3333333333333333,positive,0.3333333333333333
深图密虑,0.5555555555555556,positive,0.5555555555555556
深图远算,0.5555555555555556,positive,0.5555555555555556
深壁高垒,0.5555555555555556,positive,0.5555555555555556
深奥,0.3333333333333333,positive,0.3333333333333333
深彻,0.1111111111111111,positive,0.1111111111111111
深思远虑,0.7777777777777778,positive,0.7777777777777778
深情,1.0,positive,1.0
深情厚意,0.5555555555555556,positive,0.5555555555555556
深惟重虑,0.5555555555555556,positive,0.5555555555555556
深意,0.1111111111111111,positive,0.1111111111111111
深挚,0.5555555555555556,positive,0.5555555555555556
深明大义,0.7777777777777778,positive,0.7777777777777778
深望,0.3333333333333333,positive,0.3333333333333333
深根固本,0.5555555555555556,positive,0.5555555555555556
深根宁极,0.5555555555555556,positive,0.5555555555555556
深沟高垒,0.5555555555555556,positive,0.5555555555555556
深湛,0.7777777777777778,positive,0.7777777777777778
深猷远计,0.5555555555555556,positive,0.5555555555555556
深耕易耨,0.5555555555555556,positive,0.5555555555555556
深自砥砺,0.5555555555555556,positive,0.5555555555555556
深藏若虚,0.7777777777777778,positive,0.7777777777777778
深见远虑,0.5555555555555556,positive,0.5555555555555556
深计远虑,0.5555555555555556,positive,0.5555555555555556
深谋远虑,0.7777777777777778,positive,0.7777777777777778
深远,0.5555555555555556,positive,0.5555555555555556
深透,0.5555555555555556,positive,0.5555555555555556
深通,0.5555555555555556,positive,0.5555555555555556
深造,0.1111111111111111,positive,0.1111111111111111
深邃,0.5555555555555556,positive,0.5555555555555556
深醒,0.1111111111111111,positive,0.1111111111111111
深长,0.3333333333333333,positive,0.3333333333333333
淳化,0.5555555555555556,positive,0.5555555555555556
淳厚,0.5555555555555556,positive,0.5555555555555556
淳古,0.5555555555555556,positive,0.5555555555555556
淳朴,0.5555555555555556,positive,0.5555555555555556
淳美,0.5555555555555556,positive,0.5555555555555556
淳良,0.5555555555555556,positive,0.5555555555555556
淳风,0.5555555555555556,positive,0.5555555555555556
混然天成,0.7777777777777778,positive,0.7777777777777778
添砖加瓦,0.5555555555555556,positive,0.5555555555555556
清丽,0.5555555555555556,positive,0.5555555555555556
清亮,0.3333333333333333,positive,0.3333333333333333
清亮亮,0.3333333333333333,positive,0.3333333333333333
清俊,0.5555555555555556,positive,0.5555555555555556
清健,0.5555555555555556,positive,0.5555555555555556
清冽,0.3333333333333333,positive,0.3333333333333333
清凌凌,0.3333333333333333,positive,0.3333333333333333
清切,0.3333333333333333,positive,0.3333333333333333
清和平允,0.3333333333333333,positive,0.3333333333333333
清婉,0.3333333333333333,positive,0.3333333333333333
清官,0.5555555555555556,positive,0.5555555555555556
清平世界,0.3333333333333333,positive,0.3333333333333333
清幽幽,0.3333333333333333,positive,0.3333333333333333
清廉,0.5555555555555556,positive,0.5555555555555556
清彻,0.5555555555555556,positive,0.5555555555555556
清心,0.5555555555555556,positive,0.5555555555555556
清心寡欲,0.7777777777777778,positive,0.7777777777777778
清扬,0.5555555555555556,positive,0.5555555555555556
清拔,0.3333333333333333,positive,0.3333333333333333
清新,0.3333333333333333,positive,0.3333333333333333
清新俊逸,0.7777777777777778,positive,0.7777777777777778
清新淡雅,0.7777777777777778,positive,0.7777777777777778
清明,0.5555555555555556,positive,0.5555555555555556
清晰可辨,0.1111111111111111,positive,0.1111111111111111
清晰明了,0.3333333333333333,positive,0.3333333333333333
清朗,0.5555555555555556,positive,0.5555555555555556
清歌妙舞,0.4444444444444444,positive,0.4444444444444444
清歌曼舞,0.5555555555555556,positive,0.5555555555555556
清正,0.5555555555555556,positive,0.5555555555555556
清正廉洁,0.5555555555555556,positive,0.5555555555555556
清洌,0.3333333333333333,positive,0.3333333333333333
清洌洌,0.3333333333333333,positive,0.3333333333333333
清流,0.3333333333333333,positive,0.3333333333333333
清清白白,0.5555555555555556,positive,0.5555555555555556
清湛,0.5555555555555556,positive,0.5555555555555556
清源正本,0.5555555555555556,positive,0.5555555555555556
清澈,0.3333333333333333,positive,0.3333333333333333
清爽,0.7777777777777778,positive,0.7777777777777778
清碧,0.3333333333333333,positive,0.3333333333333333
清秀,0.5555555555555556,positive,0.5555555555555556
清纯,0.5555555555555556,positive,0.5555555555555556
清脆,0.3333333333333333,positive,0.3333333333333333
清芬,0.3333333333333333,positive,0.3333333333333333
清莹,0.5555555555555556,positive,0.5555555555555556
清贵,0.5555555555555556,positive,0.5555555555555556
清越,0.5555555555555556,positive,0.5555555555555556
清辞丽句,0.5555555555555556,positive,0.5555555555555556
清通,0.3333333333333333,positive,0.3333333333333333
清逸,0.5555555555555556,positive,0.5555555555555556
清醇,0.3333333333333333,positive,0.3333333333333333
清雅,0.5555555555555556,positive,0.5555555555555556
清静,0.3333333333333333,positive,0.3333333333333333
清风两袖,0.7777777777777778,positive,0.7777777777777778
清风亮节,0.7777777777777778,positive,0.7777777777777778
清风劲节,0.7777777777777778,positive,0.7777777777777778
清风峻节,0.7777777777777778,positive,0.7777777777777778
清风明月,0.5555555555555556,positive,0.5555555555555556
清风朗月,0.5555555555555556,positive,0.5555555555555556
清风高节,0.7777777777777778,positive,0.7777777777777778
清香,0.1111111111111111,positive,0.1111111111111111
清馨,0.3333333333333333,positive,0.3333333333333333
清高,0.5555555555555556,positive,0.5555555555555556
清鲜,0.3333333333333333,positive,0.3333333333333333
渊亭山立,1.0,positive,1.0
渊博,0.5555555555555556,positive,0.5555555555555556
渊图远算,0.7777777777777778,positive,0.7777777777777778
渊海,0.7777777777777778,positive,0.7777777777777778
渊涌风厉,0.5555555555555556,positive,0.5555555555555556
渊涓蠖濩,0.7777777777777778,positive,0.7777777777777778
渊深,0.5555555555555556,positive,0.5555555555555556
渊清玉絜,0.7777777777777778,positive,0.7777777777777778
渊渟岳峙,0.7777777777777778,positive,0.7777777777777778
渊渟岳立,0.7777777777777778,positive,0.7777777777777778
渊蜎蠖伏,0.7777777777777778,positive,0.7777777777777778
渊谋远略,0.7777777777777778,positive,0.7777777777777778
渐入佳境,0.5555555555555556,positive,0.5555555555555556
渐至佳境,0.5555555555555556,positive,0.5555555555555556
渐进,0.1111111111111111,positive,0.1111111111111111
渔人之利,0.5555555555555556,positive,0.5555555555555556
渔利,0.5555555555555556,positive,0.5555555555555556
渡江战役,0.5555555555555556,positive,0.5555555555555556
温凊定省,1.0,positive,1.0
温厚,0.3333333333333333,positive,0.3333333333333333
温婉,0.3333333333333333,positive,0.3333333333333333
温居,0.5555555555555556,positive,0.5555555555555556
温席扇枕,1.0,positive,1.0
温情,0.5555555555555556,positive,0.5555555555555556
温情密意,0.7777777777777778,positive,0.7777777777777778
温情脉脉,0.5555555555555556,positive,0.5555555555555556
温情蜜意,1.0,positive,1.0
温文儒雅,0.7777777777777778,positive,0.7777777777777778
温文尔雅,0.5555555555555556,positive,0.5555555555555556
温暖,0.5555555555555556,positive,0.5555555555555556
温暖如春,0.3333333333333333,positive,0.3333333333333333
温枕扇席,1.0,positive,1.0
温柔,0.5555555555555556,positive,0.5555555555555556
温柔敦厚,0.3333333333333333,positive,0.3333333333333333
温润而泽,0.7777777777777778,positive,0.7777777777777778
温淑,0.1111111111111111,positive,0.1111111111111111
温生绝裾,1.0,positive,1.0
温良,0.5555555555555556,positive,0.5555555555555556
温良恭俭让,1.0,positive,1.0
温良谦恭让,0.7777777777777778,positive,0.7777777777777778
温衾扇枕,1.0,positive,1.0
温软,0.1111111111111111,positive,0.1111111111111111
温雅,0.5555555555555556,positive,0.5555555555555556
温顺,0.1111111111111111,positive,0.1111111111111111
温香艳玉,0.7777777777777778,positive,0.7777777777777778
温馨,0.1111111111111111,positive,0.1111111111111111
渭川千亩,0.7777777777777778,positive,0.7777777777777778
渭浊泾清,1.0,positive,1.0
渴骥奔泉,0.3333333333333333,positive,0.3333333333333333
游侠,0.7777777777777778,positive,0.7777777777777778
游刃有余,1.0,positive,1.0
游刃有馀,0.5555555555555556,positive,0.5555555555555556
游刃馀地,0.5555555555555556,positive,0.5555555555555556
游历,0.3333333333333333,positive,0.3333333333333333
游响停云,0.7777777777777778,positive,0.7777777777777778
游戏三昧,0.3333333333333333,positive,0.3333333333333333
游骑无归,0.5555555555555556,positive,0.5555555555555556
湛恩汪濊,0.5555555555555556,positive,0.5555555555555556
湛蓝,0.1111111111111111,positive,0.1111111111111111
源源不绝,0.5555555555555556,positive,0.5555555555555556
源远流长,0.7777777777777778,positive,0.7777777777777778
溜光水滑,0.3333333333333333,positive,0.3333333333333333
溥天同庆,0.3333333333333333,positive,0.3333333333333333
滋养,0.3333333333333333,positive,0.3333333333333333
滋润,0.3333333333333333,positive,0.3333333333333333
滑润,0.3333333333333333,positive,0.3333333333333333
滑溜,0.5555555555555556,positive,0.5555555555555556
滑腻,0.5555555555555556,positive,0.5555555555555556
滔滔,0.5555555555555556,positive,0.5555555555555556
滔滔不断,0.7777777777777778,positive,0.7777777777777778
滔滔不竭,0.7777777777777778,positive,0.7777777777777778
滔滔不绝,0.8888888888888888,positive,0.8888888888888888
滔滔滚滚,0.7777777777777778,positive,0.7777777777777778
滕蛟起凤,1.0,positive,1.0
滚瓜流水,0.5555555555555556,positive,0.5555555555555556
滚瓜烂熟,0.1111111111111111,positive,0.1111111111111111
满坐风生,0.7777777777777778,positive,0.7777777777777778
满座风生,0.7777777777777778,positive,0.7777777777777778
满怀豪情,0.7777777777777778,positive,0.7777777777777778
满意,0.5555555555555556,positive,0.5555555555555556
满而不溢,0.7777777777777778,positive,0.7777777777777778
满脸春色,0.7777777777777778,positive,0.7777777777777778
满脸春风,0.7777777777777778,positive,0.7777777777777778
满腔热忱,0.7777777777777778,positive,0.7777777777777778
满腔热血,0.3333333333333333,positive,0.3333333333333333
满腹珠玑,0.7777777777777778,positive,0.7777777777777778
满腹经纶,0.5555555555555556,positive,0.5555555555555556
满腹诗书,0.7777777777777778,positive,0.7777777777777778
满足,0.7777777777777778,positive,0.7777777777777778
满载而归,0.5555555555555556,positive,0.5555555555555556
满面春风,0.3333333333333333,positive,0.3333333333333333
滴水不漏,0.1111111111111111,positive,0.1111111111111111
滴溜儿,0.1111111111111111,positive,0.1111111111111111
滴溜溜,0.5555555555555556,positive,0.5555555555555556
漂亮,0.6666666666666666,positive,0.6666666666666666
漂漂亮亮,0.5555555555555556,positive,0.5555555555555556
漆身吞炭,0.7777777777777778,positive,0.7777777777777778
演唱,1.0,positive,1.0
潇洒,0.5555555555555556,positive,0.5555555555555556
潜休隐德,0.7777777777777778,positive,0.7777777777777778
潜光匿曜,0.7777777777777778,positive,0.7777777777777778
潜光隐德,0.7777777777777778,positive,0.7777777777777778
潜力,0.5555555555555556,positive,0.5555555555555556
潜心,0.3333333333333333,positive,0.3333333333333333
潜精研思,1.0,positive,1.0
潜精积思,1.0,positive,1.0
澄净,0.3333333333333333,positive,0.3333333333333333
澄明,0.3333333333333333,positive,0.3333333333333333
澄清,0.3333333333333333,positive,0.3333333333333333
澄澈,0.3333333333333333,positive,0.3333333333333333
澄空,0.3333333333333333,positive,0.3333333333333333
澎湃,0.3333333333333333,positive,0.3333333333333333
澡身浴德,0.5555555555555556,positive,0.5555555555555556
澹泊寡欲,0.3333333333333333,positive,0.3333333333333333
激切,0.1111111111111111,positive,0.1111111111111111
激发,0.1111111111111111,positive,0.1111111111111111
激奋,0.5555555555555556,positive,0.5555555555555556
激扬,1.0,positive,1.0
激昂,0.5555555555555556,positive,0.5555555555555556
激烈,0.7777777777777778,positive,0.7777777777777778
激薄停浇,0.5555555555555556,positive,0.5555555555555556
激赏,1.0,positive,1.0
激越,1.0,positive,1.0
火树银花,0.5555555555555556,positive,0.5555555555555556
火炽,0.5555555555555556,positive,0.5555555555555556
火热,0.5555555555555556,positive,0.5555555555555556
火眼金睛,0.5555555555555556,positive,0.5555555555555556
火花,0.1111111111111111,positive,0.1111111111111111
火速,0.5555555555555556,positive,0.5555555555555556
灯火辉煌,0.1111111111111111,positive,0.1111111111111111
灵丹圣药,0.5555555555555556,positive,0.5555555555555556
灵丹妙药,0.7777777777777778,positive,0.7777777777777778
灵便,0.5555555555555556,positive,0.5555555555555556
灵巧,0.5555555555555556,positive,0.5555555555555556
灵心慧性,0.7777777777777778,positive,0.7777777777777778
灵心慧齿,0.7777777777777778,positive,0.7777777777777778
灵快,0.3333333333333333,positive,0.3333333333333333
灵性,0.7777777777777778,positive,0.7777777777777778
灵捷,0.3333333333333333,positive,0.3333333333333333
灵敏,0.3333333333333333,positive,0.3333333333333333
灵机一动,0.5555555555555556,positive,0.5555555555555556
灵活,0.5555555555555556,positive,0.5555555555555556
灵活机动,0.3333333333333333,positive,0.3333333333333333
灵秀,0.5555555555555556,positive,0.5555555555555556
灵蛇之珠,0.7777777777777778,positive,0.7777777777777778
灵透,0.5555555555555556,positive,0.5555555555555556
灵通,0.5555555555555556,positive,0.5555555555555556
灸艾分痛,0.5555555555555556,positive,0.5555555555555556
灼然无疑,0.5555555555555556,positive,0.5555555555555556
灼见,0.7777777777777778,positive,0.7777777777777778
灼见真知,0.5555555555555556,positive,0.5555555555555556
灿烂,0.5555555555555556,positive,0.5555555555555556
灿烂夺目,0.7777777777777778,positive,0.7777777777777778
灿若云霞,1.0,positive,1.0
炉火纯青,1.0,positive,1.0
炙鸡渍酒,0.5555555555555556,positive,0.5555555555555556
炯炯有神,0.5555555555555556,positive,0.5555555555555556
炯然,0.5555555555555556,positive,0.5555555555555556
炳炳麟磷,0.3333333333333333,positive,0.3333333333333333
炳耀,0.5555555555555556,positive,0.5555555555555556
点头会意,0.5555555555555556,positive,0.5555555555555556
点水不漏,0.5555555555555556,positive,0.5555555555555556
炼石补天,0.5555555555555556,positive,0.5555555555555556
炽热,0.3333333333333333,positive,0.3333333333333333
炽盛,0.3333333333333333,positive,0.3333333333333333
烁亮,0.1111111111111111,positive,0.1111111111111111
烂漫天真,0.7777777777777778,positive,0.7777777777777778
烂熳天真,0.7777777777777778,positive,0.7777777777777778
烂若舒锦,0.7777777777777778,positive,0.7777777777777778
烈士,0.5555555555555556,positive,0.5555555555555556
烈火见真金,0.5555555555555556,positive,0.5555555555555556
烈烈轰轰,0.7777777777777778,positive,0.7777777777777778
烘堂大笑,0.5555555555555556,positive,0.5555555555555556
烛泪,0.7777777777777778,positive,0.7777777777777778
烛照,0.7777777777777778,positive,0.7777777777777778
烛照数计,0.3333333333333333,positive,0.3333333333333333
烛花,0.5555555555555556,positive,0.5555555555555556
烟景,0.5555555555555556,positive,0.5555555555555556
热劲,0.5555555555555556,positive,0.5555555555555556
热心,0.5555555555555556,positive,0.5555555555555556
热心快肠,0.5555555555555556,positive,0.5555555555555556
热心肠,0.5555555555555556,positive,0.5555555555555556
热心苦口,0.5555555555555556,positive,0.5555555555555556
热忱,0.5555555555555556,positive,0.5555555555555556
热情,0.5555555555555556,positive,0.5555555555555556
热情洋溢,0.5555555555555556,positive,0.5555555555555556
热流,0.3333333333333333,positive,0.3333333333333333
热潮,0.5555555555555556,positive,0.5555555555555556
热火,0.5555555555555556,positive,0.5555555555555556
热火朝天,0.7777777777777778,positive,0.7777777777777778
热烈,0.3333333333333333,positive,0.3333333333333333
热热闹闹,0.5555555555555556,positive,0.5555555555555556
热爱,0.7777777777777778,positive,0.7777777777777778
热肠,0.7777777777777778,positive,0.7777777777777778
热血,0.5555555555555556,positive,0.5555555555555556
热血沸腾,0.7777777777777778,positive,0.7777777777777778
热诚,0.5555555555555556,positive,0.5555555555555556
热闹,0.5555555555555556,positive,0.5555555555555556
焕发,0.5555555555555556,positive,0.5555555555555556
焕然,0.3333333333333333,positive,0.3333333333333333
焕然一新,0.3333333333333333,positive,0.3333333333333333
焕然如新,0.5555555555555556,positive,0.5555555555555556
焚膏继晷,0.7777777777777778,positive,0.7777777777777778
煊赫,0.5555555555555556,positive,0.5555555555555556
煜煜,0.5555555555555556,positive,0.5555555555555556
煦暖,0.5555555555555556,positive,0.5555555555555556
煦煦,0.5555555555555556,positive,0.5555555555555556
煦色韶光,0.5555555555555556,positive,0.5555555555555556
照耀,0.1111111111111111,positive,0.1111111111111111
煨乾就湿,0.7777777777777778,positive,0.7777777777777778
煨乾避湿,0.7777777777777778,positive,0.7777777777777778
煮粥焚须,0.7777777777777778,positive,0.7777777777777778
熊罴之师,0.5555555555555556,positive,0.5555555555555556
熊罴入梦　,0.7777777777777778,positive,0.7777777777777778
熊韬豹略,0.5555555555555556,positive,0.5555555555555556
熙和,0.5555555555555556,positive,0.5555555555555556
熙攘,0.5555555555555556,positive,0.5555555555555556
熙来攘往,0.3333333333333333,positive,0.3333333333333333
熟思审处,0.5555555555555556,positive,0.5555555555555556
熟练,0.5555555555555556,positive,0.5555555555555556
熟能生巧,0.5555555555555556,positive,0.5555555555555556
熟读深思,0.5555555555555556,positive,0.5555555555555556
熟路轻车,0.5555555555555556,positive,0.5555555555555556
熟路轻辙,0.5555555555555556,positive,0.5555555555555556
熠熠,0.5555555555555556,positive,0.5555555555555556
熠熠生辉,0.3333333333333333,positive,0.3333333333333333
燃糠自照,0.3333333333333333,positive,0.3333333333333333
燃荻夜读,0.7777777777777778,positive,0.7777777777777778
燃萁之敏,0.5555555555555556,positive,0.5555555555555556
燎发摧枯,0.5555555555555556,positive,0.5555555555555556
燎如观火,1.0,positive,1.0
燎若观火,1.0,positive,1.0
燕众议员虎颈,0.7777777777777778,positive,0.7777777777777778
燕妒莺惭,1.0,positive,1.0
燕尔,0.5555555555555556,positive,0.5555555555555556
燕歌赵舞,0.7777777777777778,positive,0.7777777777777778
燕燕莺莺,0.7777777777777778,positive,0.7777777777777778
燕舞莺啼,0.7777777777777778,positive,0.7777777777777778
燕语莺声,0.5555555555555556,positive,0.5555555555555556
燕雀相贺,0.5555555555555556,positive,0.5555555555555556
燕雀相贺　,0.7777777777777778,positive,0.7777777777777778
爆强,0.7777777777777778,positive,0.7777777777777778
爆满,0.3333333333333333,positive,0.3333333333333333
爱不忍释,0.7777777777777778,positive,0.7777777777777778
爱人,0.5555555555555556,positive,0.5555555555555556
爱人以德,0.5555555555555556,positive,0.5555555555555556
爱人儿,0.5555555555555556,positive,0.5555555555555556
爱人利物,0.5555555555555556,positive,0.5555555555555556
爱人好士,0.5555555555555556,positive,0.5555555555555556
爱侣,0.3333333333333333,positive,0.3333333333333333
爱国,0.7777777777777778,positive,0.7777777777777778
爱国主义,0.5555555555555556,positive,0.5555555555555556
爱国如家,0.5555555555555556,positive,0.5555555555555556
爱如己出,0.7777777777777778,positive,0.7777777777777778
爱如珍宝,0.7777777777777778,positive,0.7777777777777778
爱心,0.5555555555555556,positive,0.5555555555555556
爱悦,0.5555555555555556,positive,0.5555555555555556
爱情,0.5555555555555556,positive,0.5555555555555556
爱惜,0.7777777777777778,positive,0.7777777777777778
爱惜羽毛,0.5555555555555556,positive,0.5555555555555556
爱憎分明,0.3333333333333333,positive,0.3333333333333333
爱戴,1.0,positive,1.0
爱护,0.5555555555555556,positive,0.5555555555555556
爱日惜力,0.5555555555555556,positive,0.5555555555555556
爱民如子,0.5555555555555556,positive,0.5555555555555556
爱礼存羊,0.3333333333333333,positive,0.3333333333333333
爱称,0.7777777777777778,positive,0.7777777777777778
爱素好古,0.5555555555555556,positive,0.5555555555555556
爱老虎油,1.0,positive,1.0
父母国,0.5555555555555556,positive,0.5555555555555556
父老,0.3333333333333333,positive,0.3333333333333333
爽健,0.5555555555555556,positive,0.5555555555555556
爽利,0.5555555555555556,positive,0.5555555555555556
爽口,0.1111111111111111,positive,0.1111111111111111
爽心,0.3333333333333333,positive,0.3333333333333333
爽心悦目,0.7777777777777778,positive,0.7777777777777778
爽心豁目,0.7777777777777778,positive,0.7777777777777778
爽快,0.5555555555555556,positive,0.5555555555555556
爽捷,0.5555555555555556,positive,0.5555555555555556
爽朗,0.5555555555555556,positive,0.5555555555555556
爽歪歪,0.7777777777777778,positive,0.7777777777777778
爽气,0.5555555555555556,positive,0.5555555555555556
爽然自失,0.5555555555555556,positive,0.5555555555555556
爽畅,0.5555555555555556,positive,0.5555555555555556
爽目,0.5555555555555556,positive,0.5555555555555556
爽直,0.5555555555555556,positive,0.5555555555555556
爽脆,0.5555555555555556,positive,0.5555555555555556
片言折狱,0.7777777777777778,positive,0.7777777777777778
牙签犀轴,0.7777777777777778,positive,0.7777777777777778
牙签锦轴,0.7777777777777778,positive,0.7777777777777778
牛B,0.7777777777777778,positive,0.7777777777777778
牛x,0.7777777777777778,positive,0.7777777777777778
牛刀小试,0.3333333333333333,positive,0.3333333333333333
牛气,0.5555555555555556,positive,0.5555555555555556
牛羊勿践,0.5555555555555556,positive,0.5555555555555556
牛角书生,0.5555555555555556,positive,0.5555555555555556
牛角挂书,0.7777777777777778,positive,0.7777777777777778
牢不可破,0.5555555555555556,positive,0.5555555555555556
牢固,0.3333333333333333,positive,0.3333333333333333
牢甲利兵,0.5555555555555556,positive,0.5555555555555556
物华天宝,0.7777777777777778,positive,0.7777777777777778
物美价廉,0.7777777777777778,positive,0.7777777777777778
物阜民丰,1.0,positive,1.0
物阜民康,0.5555555555555556,positive,0.5555555555555556
牵羊担酒　,0.5555555555555556,positive,0.5555555555555556
特产,0.3333333333333333,positive,0.3333333333333333
特立独行,0.5555555555555556,positive,0.5555555555555556
特级,1.0,positive,1.0
特长,0.3333333333333333,positive,0.3333333333333333
牺牲,0.5555555555555556,positive,0.5555555555555556
犀利,0.5555555555555556,positive,0.5555555555555556
犀照牛渚,0.7777777777777778,positive,0.7777777777777778
犀燃烛照,0.7777777777777778,positive,0.7777777777777778
犀角烛怪,0.5555555555555556,positive,0.5555555555555556
犁庭扫穴,0.5555555555555556,positive,0.5555555555555556
犟劲,0.3333333333333333,positive,0.3333333333333333
犬马之报,0.7777777777777778,positive,0.7777777777777778
犯而不校,0.5555555555555556,positive,0.5555555555555556
犯而不较,0.3333333333333333,positive,0.3333333333333333
犯而勿校,0.7777777777777778,positive,0.7777777777777778
犯颜极谏,0.7777777777777778,positive,0.7777777777777778
状元,0.7777777777777778,positive,0.7777777777777778
状行,0.5555555555555556,positive,0.5555555555555556
狂喜,1.0,positive,1.0
狂欢,1.0,positive,1.0
狐死首丘,0.5555555555555556,positive,0.5555555555555556
狖轭鼯轩,0.5555555555555556,positive,0.5555555555555556
独具一格,0.3333333333333333,positive,0.3333333333333333
独具匠心,0.7777777777777778,positive,0.7777777777777778
独具只眼,0.7777777777777778,positive,0.7777777777777778
独具特色,0.7777777777777778,positive,0.7777777777777778
独出心裁,0.3333333333333333,positive,0.3333333333333333
独出新裁,0.5555555555555556,positive,0.5555555555555556
独到,0.3333333333333333,positive,0.3333333333333333
独占鰲头,0.7777777777777778,positive,0.7777777777777778
独占鳌头,0.7777777777777778,positive,0.7777777777777778
独占鳖头,0.5555555555555556,positive,0.5555555555555556
独占鼇头,0.5555555555555556,positive,0.5555555555555556
独尊,0.7777777777777778,positive,0.7777777777777778
独当一面,0.5555555555555556,positive,0.5555555555555556
独擅,0.5555555555555556,positive,0.5555555555555556
独树一帜,0.7777777777777778,positive,0.7777777777777778
独步,0.5555555555555556,positive,0.5555555555555556
独步一时,0.5555555555555556,positive,0.5555555555555556
独步天下,1.0,positive,1.0
独特,0.5555555555555556,positive,0.5555555555555556
独秀一枝,0.5555555555555556,positive,0.5555555555555556
独立自主,1.0,positive,1.0
独胆,0.3333333333333333,positive,0.3333333333333333
独胆英雄,0.7777777777777778,positive,0.7777777777777778
独辟蹊径,0.7777777777777778,positive,0.7777777777777778
独领风骚,0.7777777777777778,positive,0.7777777777777778
独鹤鸡群,0.7777777777777778,positive,0.7777777777777778
狷介,0.3333333333333333,positive,0.3333333333333333
狷介之士,0.5555555555555556,positive,0.5555555555555556
猗猗,0.3333333333333333,positive,0.3333333333333333
猛士,0.3333333333333333,positive,0.3333333333333333
猛将,0.3333333333333333,positive,0.3333333333333333
猛志常在,0.8888888888888888,positive,0.8888888888888888
猛虎插翅,0.7777777777777778,positive,0.7777777777777778
猛虎深山,0.7777777777777778,positive,0.7777777777777778
猛虎添翼,0.7777777777777778,positive,0.7777777777777778
献可替否,0.3333333333333333,positive,0.3333333333333333
献旗,0.5555555555555556,positive,0.5555555555555556
献礼,0.5555555555555556,positive,0.5555555555555556
献词,0.5555555555555556,positive,0.5555555555555556
献身,0.5555555555555556,positive,0.5555555555555556
獬豸,0.5555555555555556,positive,0.5555555555555556
玄远,0.5555555555555556,positive,0.5555555555555556
率先,0.5555555555555556,positive,0.5555555555555556
率直,0.5555555555555556,positive,0.5555555555555556
率真,0.5555555555555556,positive,0.5555555555555556
率马以骥,0.7777777777777778,positive,0.7777777777777778
玉人,0.5555555555555556,positive,0.5555555555555556
玉堂金马,0.3333333333333333,positive,0.3333333333333333
玉宇,0.5555555555555556,positive,0.5555555555555556
玉宇琼楼,1.0,positive,1.0
玉尺量才 ,0.3333333333333333,positive,0.3333333333333333
玉振金声,0.7777777777777778,positive,0.7777777777777778
玉昆金友,1.0,positive,1.0
玉柱擎天,1.0,positive,1.0
玉树琼枝,0.7777777777777778,positive,0.7777777777777778
玉洁冰清,0.5555555555555556,positive,0.5555555555555556
玉洁松贞,1.0,positive,1.0
玉润冰清,1.0,positive,1.0
玉液,0.5555555555555556,positive,0.5555555555555556
玉清冰洁,0.7777777777777778,positive,0.7777777777777778
玉碎,0.5555555555555556,positive,0.5555555555555556
玉箫金琯,0.7777777777777778,positive,0.7777777777777778
玉箫金管,0.7777777777777778,positive,0.7777777777777778
玉质金相,1.0,positive,1.0
玉骨冰肌,0.7777777777777778,positive,0.7777777777777778
王佐之才,1.0,positive,1.0
王公大人,0.7777777777777778,positive,0.7777777777777778
王后卢前,0.7777777777777778,positive,0.7777777777777778
王孙公子,0.5555555555555556,positive,0.5555555555555556
王牌,0.7777777777777778,positive,0.7777777777777778
王道,0.5555555555555556,positive,0.5555555555555556
环肥蕉痪,0.7777777777777778,positive,0.7777777777777778
现代化,0.3333333333333333,positive,0.3333333333333333
玲珑,0.5555555555555556,positive,0.5555555555555556
玲珑剔透,0.7777777777777778,positive,0.7777777777777778
玲珑透漏,0.7777777777777778,positive,0.7777777777777778
珊瑚在网,0.5555555555555556,positive,0.5555555555555556
珍品,0.7777777777777778,positive,0.7777777777777778
珍奇,0.7777777777777778,positive,0.7777777777777778
珍存,0.7777777777777778,positive,0.7777777777777778
珍宝,0.7777777777777778,positive,0.7777777777777778
珍本,0.3333333333333333,positive,0.3333333333333333
珍爱,0.5555555555555556,positive,0.5555555555555556
珍玩,0.7777777777777778,positive,0.7777777777777778
珍禽,0.1111111111111111,positive,0.1111111111111111
珍藏,0.7777777777777778,positive,0.7777777777777778
珍视,0.5555555555555556,positive,0.5555555555555556
珍贵,0.5555555555555556,positive,0.5555555555555556
珍闻,0.5555555555555556,positive,0.5555555555555556
珍馐,0.5555555555555556,positive,0.5555555555555556
珑玲,0.5555555555555556,positive,0.5555555555555556
珠光宝气,0.5555555555555556,positive,0.5555555555555556
珠围翠拥,0.7777777777777778,positive,0.7777777777777778
珠围翠绕,0.7777777777777778,positive,0.7777777777777778
珠圆玉洁,0.5555555555555556,positive,0.5555555555555556
珠圆玉润,0.5555555555555556,positive,0.5555555555555556
珠歌翠舞,0.5555555555555556,positive,0.5555555555555556
珠玉在侧,0.3333333333333333,positive,0.3333333333333333
珠玉在侧　,0.5555555555555556,positive,0.5555555555555556
珠玑,0.5555555555555556,positive,0.5555555555555556
珠璧交辉,0.5555555555555556,positive,0.5555555555555556
珠璧联辉,0.5555555555555556,positive,0.5555555555555556
珠联玉映,0.5555555555555556,positive,0.5555555555555556
珠联璧合,0.7777777777777778,positive,0.7777777777777778
珠规玉矩,0.5555555555555556,positive,0.5555555555555556
珠还合浦,0.5555555555555556,positive,0.5555555555555556
珠连璧合,0.5555555555555556,positive,0.5555555555555556
珠零锦粲,0.7777777777777778,positive,0.7777777777777778
珪璋特达,0.7777777777777778,positive,0.7777777777777778
班师,0.5555555555555556,positive,0.5555555555555556
班师回朝,0.5555555555555556,positive,0.5555555555555556
班班,0.5555555555555556,positive,0.5555555555555556
班荆道故,0.7777777777777778,positive,0.7777777777777778
班衣戏采,0.5555555555555556,positive,0.5555555555555556
班香宋艳,0.5555555555555556,positive,0.5555555555555556
琅琅上口,0.3333333333333333,positive,0.3333333333333333
理冤摘伏,0.7777777777777778,positive,0.7777777777777778
理智,0.3333333333333333,positive,0.3333333333333333
理直气壮,0.8888888888888888,positive,0.8888888888888888
琨玉秋霜,0.7777777777777778,positive,0.7777777777777778
琪华瑶草,0.5555555555555556,positive,0.5555555555555556
琪花玉树,0.5555555555555556,positive,0.5555555555555556
琪花瑶草,0.7777777777777778,positive,0.7777777777777778
琳琅,0.5555555555555556,positive,0.5555555555555556
琳琅触目,1.0,positive,1.0
琴心剑胆,0.7777777777777778,positive,0.7777777777777778
琴瑟之好,0.7777777777777778,positive,0.7777777777777778
琴瑟和同,0.5555555555555556,positive,0.5555555555555556
琼林玉树,0.7777777777777778,positive,0.7777777777777778
琼楼玉宇,0.5555555555555556,positive,0.5555555555555556
琼浆,0.5555555555555556,positive,0.5555555555555556
琼浆玉液,0.5555555555555556,positive,0.5555555555555556
琼瑶,0.5555555555555556,positive,0.5555555555555556
瑕不掩瑜,0.5555555555555556,positive,0.5555555555555556
瑜百瑕一,0.5555555555555556,positive,0.5555555555555556
瑞兽珍禽,0.5555555555555556,positive,0.5555555555555556
瑞气,0.5555555555555556,positive,0.5555555555555556
瑞签,0.7777777777777778,positive,0.7777777777777778
瑞雪,0.5555555555555556,positive,0.5555555555555556
瑰丽,0.7777777777777778,positive,0.7777777777777778
瑰伟,0.5555555555555556,positive,0.5555555555555556
瑰奇,0.5555555555555556,positive,0.5555555555555556
瑰宝,1.0,positive,1.0
瑰意奇行,0.7777777777777778,positive,0.7777777777777778
瑰意琦行,0.7777777777777778,positive,0.7777777777777778
瑰玮,1.0,positive,1.0
瑶林玉树,0.7777777777777778,positive,0.7777777777777778
瑶林琼树,0.7777777777777778,positive,0.7777777777777778
璀璨,0.3333333333333333,positive,0.3333333333333333
璞玉浑金,0.7777777777777778,positive,0.7777777777777778
璧坐玑驰,0.5555555555555556,positive,0.5555555555555556
璧谢,0.7777777777777778,positive,0.7777777777777778
璧还,0.5555555555555556,positive,0.5555555555555556
璨然,0.3333333333333333,positive,0.3333333333333333
瓜熟蒂落,1.0,positive,1.0
瓮中之鳖,0.7777777777777778,positive,0.7777777777777778
瓮中捉鳖,0.7777777777777778,positive,0.7777777777777778
甑尘釜鱼,0.7777777777777778,positive,0.7777777777777778
甘之如饴,0.3333333333333333,positive,0.3333333333333333
甘之若素,0.3333333333333333,positive,0.3333333333333333
甘当,0.5555555555555556,positive,0.5555555555555556
甘心如荠,0.7777777777777778,positive,0.7777777777777778
甘心瞑目,0.7777777777777778,positive,0.7777777777777778
甘拜下风,0.3333333333333333,positive,0.3333333333333333
甘旨,0.5555555555555556,positive,0.5555555555555556
甘旨肥浓,0.7777777777777778,positive,0.7777777777777778
甘服,0.5555555555555556,positive,0.5555555555555556
甘棠遗爱,0.7777777777777778,positive,0.7777777777777778
甘洌,0.3333333333333333,positive,0.3333333333333333
甘甜,0.5555555555555556,positive,0.5555555555555556
甘美,0.5555555555555556,positive,0.5555555555555556
甘美多汁,0.3333333333333333,positive,0.3333333333333333
甘脆,0.3333333333333333,positive,0.3333333333333333
甘芳,0.3333333333333333,positive,0.3333333333333333
甘言美语,0.7777777777777778,positive,0.7777777777777778
甘贫守志,0.5555555555555556,positive,0.5555555555555556
甘醇,0.5555555555555556,positive,0.5555555555555556
甘雨随车,0.7777777777777778,positive,0.7777777777777778
甘霖,0.5555555555555556,positive,0.5555555555555556
甘露,0.3333333333333333,positive,0.3333333333333333
甜丝丝,0.7777777777777778,positive,0.7777777777777778
甜头,0.5555555555555556,positive,0.5555555555555556
甜密,1.0,positive,1.0
甜津津,0.5555555555555556,positive,0.5555555555555556
甜润,0.5555555555555556,positive,0.5555555555555556
甜滋滋,0.7777777777777778,positive,0.7777777777777778
甜爽,0.5555555555555556,positive,0.5555555555555556
甜犊情深,1.0,positive,1.0
甜美,0.5555555555555556,positive,0.5555555555555556
甜蜜,0.5555555555555556,positive,0.5555555555555556
甜蜜蜜,1.0,positive,1.0
生力军,0.3333333333333333,positive,0.3333333333333333
生动活泼,0.5555555555555556,positive,0.5555555555555556
生发,0.3333333333333333,positive,0.3333333333333333
生寄死归,0.5555555555555556,positive,0.5555555555555556
生息,0.1111111111111111,positive,0.1111111111111111
生机,0.3333333333333333,positive,0.3333333333333333
生机勃勃,0.4444444444444444,positive,0.4444444444444444
生机盎然,0.7777777777777778,positive,0.7777777777777778
生死不二,0.5555555555555556,positive,0.5555555555555556
生死与共,0.5555555555555556,positive,0.5555555555555556
生死之交,0.5555555555555556,positive,0.5555555555555556
生死骨肉,0.7777777777777778,positive,0.7777777777777778
生气勃勃,0.5555555555555556,positive,0.5555555555555556
生聚教训,1.0,positive,1.0
生色,0.3333333333333333,positive,0.3333333333333333
生花妙笔,1.0,positive,1.0
生荣死哀,0.7777777777777778,positive,0.7777777777777778
生财有道,0.3333333333333333,positive,0.3333333333333333
生趣,0.3333333333333333,positive,0.3333333333333333
生龙活虎,0.7777777777777778,positive,0.7777777777777778
用兵如神,0.7777777777777778,positive,0.7777777777777778
用功,0.5555555555555556,positive,0.5555555555555556
用工夫,0.5555555555555556,positive,0.5555555555555556
用心,0.5555555555555556,positive,0.5555555555555556
用心用意,0.3333333333333333,positive,0.3333333333333333
田园,0.7777777777777778,positive,0.7777777777777778
田园诗,0.7777777777777778,positive,0.7777777777777778
田父献曝,0.7777777777777778,positive,0.7777777777777778
由衷,0.5555555555555556,positive,0.5555555555555556
由衷之言,0.8888888888888888,positive,0.8888888888888888
甲天下,1.0,positive,1.0
甲第连云,0.3333333333333333,positive,0.3333333333333333
甲等,0.1111111111111111,positive,0.1111111111111111
申请,0.3333333333333333,positive,0.3333333333333333
申谢,0.3333333333333333,positive,0.3333333333333333
申辩,0.3333333333333333,positive,0.3333333333333333
申饬,0.5555555555555556,positive,0.5555555555555556
男子汉,0.5555555555555556,positive,0.5555555555555556
画栋雕梁,0.5555555555555556,positive,0.5555555555555556
畅快,0.7777777777777778,positive,0.7777777777777778
畅想,0.5555555555555556,positive,0.5555555555555556
畅所欲言,0.5555555555555556,positive,0.5555555555555556
畅游,0.5555555555555556,positive,0.5555555555555556
畅茂,0.3333333333333333,positive,0.3333333333333333
畅行,0.3333333333333333,positive,0.3333333333333333
畅谈,0.5555555555555556,positive,0.5555555555555556
畅述,0.5555555555555556,positive,0.5555555555555556
畅适,0.7777777777777778,positive,0.7777777777777778
畅通,0.5555555555555556,positive,0.5555555555555556
畅通无阻,0.7777777777777778,positive,0.7777777777777778
畅顺,0.3333333333333333,positive,0.3333333333333333
畅饮,0.7777777777777778,positive,0.7777777777777778
留芳万古,1.0,positive,1.0
略迹原情,0.3333333333333333,positive,0.3333333333333333
疏财仗义,0.7777777777777778,positive,0.7777777777777778
疏财重义,0.5555555555555556,positive,0.5555555555555556
疾风知劲草,0.7777777777777778,positive,0.7777777777777778
痌瘝在抱,1.0,positive,1.0
痛快淋漓,0.7777777777777778,positive,0.7777777777777778
痛改前非,0.5555555555555556,positive,0.5555555555555556
痛痒相关,0.3333333333333333,positive,0.3333333333333333
痛痛快快,1.0,positive,1.0
痛饮黄龙,1.0,positive,1.0
痴长,0.5555555555555556,positive,0.5555555555555556
登堂入室,0.7777777777777778,positive,0.7777777777777778
登峰造极,1.0,positive,1.0
登高望远,0.7777777777777778,positive,0.7777777777777778
登高能赋,0.7777777777777778,positive,0.7777777777777778
白净,0.3333333333333333,positive,0.3333333333333333
白发丹心,0.5555555555555556,positive,0.5555555555555556
白发红颜,0.3333333333333333,positive,0.3333333333333333
白头偕老,0.5555555555555556,positive,0.5555555555555556
白头相守,0.3333333333333333,positive,0.3333333333333333
白手起家,0.3333333333333333,positive,0.3333333333333333
白日升天,0.3333333333333333,positive,0.3333333333333333
白日衣绣,0.3333333333333333,positive,0.3333333333333333
白水鉴心,0.5555555555555556,positive,0.5555555555555556
白玉无暇,0.7777777777777778,positive,0.7777777777777778
白玉无瑕,0.7777777777777778,positive,0.7777777777777778
白璧无暇,1.0,positive,1.0
白璧无瑕,1.0,positive,1.0
白皙,0.3333333333333333,positive,0.3333333333333333
白眼相看,0.5555555555555556,positive,0.5555555555555556
白衣公卿,0.5555555555555556,positive,0.5555555555555556
白衣卿相,0.7777777777777778,positive,0.7777777777777778
白雪阳春,0.5555555555555556,positive,0.5555555555555556
白首不渝,0.5555555555555556,positive,0.5555555555555556
白首之心,0.5555555555555556,positive,0.5555555555555556
白首北面,0.7777777777777778,positive,0.7777777777777778
白骨再肉,0.5555555555555556,positive,0.5555555555555556
白黑分明,0.5555555555555556,positive,0.5555555555555556
百万雄师,0.5555555555555556,positive,0.5555555555555556
百不失一,1.0,positive,1.0
百世不磨,0.5555555555555556,positive,0.5555555555555556
百世师,1.0,positive,1.0
百举百全,0.5555555555555556,positive,0.5555555555555556
百事大吉,0.5555555555555556,positive,0.5555555555555556
百事通,0.5555555555555556,positive,0.5555555555555556
百二山河,0.5555555555555556,positive,0.5555555555555556
百二河山,0.5555555555555556,positive,0.5555555555555556
百代文宗,0.5555555555555556,positive,0.5555555555555556
百伶百俐,0.7777777777777778,positive,0.7777777777777778
百兽率舞,0.5555555555555556,positive,0.5555555555555556
百卉千葩,0.5555555555555556,positive,0.5555555555555556
百发百中,0.5555555555555556,positive,0.5555555555555556
百听不厌,0.7777777777777778,positive,0.7777777777777778
百堵皆作,0.5555555555555556,positive,0.5555555555555556
百家争鸣,0.5555555555555556,positive,0.5555555555555556
百尺竿头，更进一步,0.5555555555555556,positive,0.5555555555555556
百岁千秋,0.5555555555555556,positive,0.5555555555555556
百川归海,0.5555555555555556,positive,0.5555555555555556
百年偕老,0.5555555555555556,positive,0.5555555555555556
百废俱兴,0.5555555555555556,positive,0.5555555555555556
百战不殆,0.3333333333333333,positive,0.3333333333333333
百战百胜,0.7777777777777778,positive,0.7777777777777778
百折不回,0.7777777777777778,positive,0.7777777777777778
百折不挠,0.7777777777777778,positive,0.7777777777777778
百折不挠地,0.7777777777777778,positive,0.7777777777777778
百无一失,1.0,positive,1.0
百步穿杨,0.5555555555555556,positive,0.5555555555555556
百炼之钢,0.7777777777777778,positive,0.7777777777777778
百炼成钢,0.7777777777777778,positive,0.7777777777777778
百花争艳,0.3333333333333333,positive,0.3333333333333333
百花生日,0.5555555555555556,positive,0.5555555555555556
百花齐放,0.5555555555555556,positive,0.5555555555555556
百花齐放，百家争鸣,0.7777777777777778,positive,0.7777777777777778
百读不厌,0.7777777777777778,positive,0.7777777777777778
百败不折,0.5555555555555556,positive,0.5555555555555556
百里挑一,1.0,positive,1.0
百龄眉寿,0.7777777777777778,positive,0.7777777777777778
的当,0.5555555555555556,positive,0.5555555555555556
的真,0.3333333333333333,positive,0.3333333333333333
皆大欢喜,0.7777777777777778,positive,0.7777777777777778
皇皇,0.5555555555555556,positive,0.5555555555555556
皎洁,0.7777777777777778,positive,0.7777777777777778
皎白,0.3333333333333333,positive,0.3333333333333333
皎皎,0.5555555555555556,positive,0.5555555555555556
皓首穷经,0.3333333333333333,positive,0.3333333333333333
皦短心长,0.5555555555555556,positive,0.5555555555555556
皮实,0.3333333333333333,positive,0.3333333333333333
盈溢,0.3333333333333333,positive,0.3333333333333333
盈盈,0.5555555555555556,positive,0.5555555555555556
益友,0.3333333333333333,positive,0.3333333333333333
益处,0.5555555555555556,positive,0.5555555555555556
益虫,0.3333333333333333,positive,0.3333333333333333
益鸟,0.7777777777777778,positive,0.7777777777777778
盎然,0.3333333333333333,positive,0.3333333333333333
盖世,1.0,positive,1.0
盖世无双,1.0,positive,1.0
盖世英雄,0.7777777777777778,positive,0.7777777777777778
盛世,0.5555555555555556,positive,0.5555555555555556
盛举,0.5555555555555556,positive,0.5555555555555556
盛事,0.5555555555555556,positive,0.5555555555555556
盛产,0.5555555555555556,positive,0.5555555555555556
盛会,0.5555555555555556,positive,0.5555555555555556
盛典,0.5555555555555556,positive,0.5555555555555556
盛况,0.5555555555555556,positive,0.5555555555555556
盛名,1.0,positive,1.0
盛大,0.5555555555555556,positive,0.5555555555555556
盛宴,0.5555555555555556,positive,0.5555555555555556
盛开,0.5555555555555556,positive,0.5555555555555556
盛情,0.5555555555555556,positive,0.5555555555555556
盛意,0.5555555555555556,positive,0.5555555555555556
盛景,0.5555555555555556,positive,0.5555555555555556
盛服,0.5555555555555556,positive,0.5555555555555556
盛极一时,0.7777777777777778,positive,0.7777777777777778
盛筵,0.5555555555555556,positive,0.5555555555555556
盛装,0.5555555555555556,positive,0.5555555555555556
盛誉,0.5555555555555556,positive,0.5555555555555556
盛赞,0.7777777777777778,positive,0.7777777777777778
盛食厉兵,0.5555555555555556,positive,0.5555555555555556
目不斜视,0.7777777777777778,positive,0.7777777777777778
目不暇接,0.3333333333333333,positive,0.3333333333333333
目不窥园,0.3333333333333333,positive,0.3333333333333333
目不苟视,0.5555555555555556,positive,0.5555555555555556
目不转睛,0.7777777777777778,positive,0.7777777777777778
目不邪视,0.7777777777777778,positive,0.7777777777777778
目光如炬,0.5555555555555556,positive,0.5555555555555556
目光炯炯,0.5555555555555556,positive,0.5555555555555556
目光远大,0.5555555555555556,positive,0.5555555555555556
目击道存,0.5555555555555556,positive,0.5555555555555556
目如悬珠,0.3333333333333333,positive,0.3333333333333333
目无全牛,0.5555555555555556,positive,0.5555555555555556
目牛无全,0.5555555555555556,positive,0.5555555555555556
目量意营,0.5555555555555556,positive,0.5555555555555556
直内方外,0.5555555555555556,positive,0.5555555555555556
直到事人,0.5555555555555556,positive,0.5555555555555556
直心眼,0.3333333333333333,positive,0.3333333333333333
直心眼儿,0.3333333333333333,positive,0.3333333333333333
直性,0.5555555555555556,positive,0.5555555555555556
直性子,0.5555555555555556,positive,0.5555555555555556
直抒己见,0.1111111111111111,positive,0.1111111111111111
直接了当,0.1111111111111111,positive,0.1111111111111111
直来直去,0.3333333333333333,positive,0.3333333333333333
直溜,0.7777777777777778,positive,0.7777777777777778
直溜溜,0.5555555555555556,positive,0.5555555555555556
直爽,0.5555555555555556,positive,0.5555555555555556
直率,0.5555555555555556,positive,0.5555555555555556
直肠子,0.3333333333333333,positive,0.3333333333333333
直节劲气,0.5555555555555556,positive,0.5555555555555556
直观,0.3333333333333333,positive,0.3333333333333333
直言不讳,0.3333333333333333,positive,0.3333333333333333
直言切谏,0.5555555555555556,positive,0.5555555555555556
直言尽意,0.1111111111111111,positive,0.1111111111111111
直言极谏,0.5555555555555556,positive,0.5555555555555556
直言正色,0.5555555555555556,positive,0.5555555555555556
直言正谏,0.5555555555555556,positive,0.5555555555555556
直诚,0.5555555555555556,positive,0.5555555555555556
直谅多闻,0.7777777777777778,positive,0.7777777777777778
直道而行,0.3333333333333333,positive,0.3333333333333333
相亲相爱,0.8888888888888888,positive,0.8888888888888888
相依为命,0.8888888888888888,positive,0.8888888888888888
相信,0.7777777777777778,positive,0.7777777777777778
相儒以沫,0.7777777777777778,positive,0.7777777777777778
相去无几,0.3333333333333333,positive,0.3333333333333333
相好,0.5555555555555556,positive,0.5555555555555556
相宜,0.5555555555555556,positive,0.5555555555555556
相庄如宾,0.5555555555555556,positive,0.5555555555555556
相待如宾,0.5555555555555556,positive,0.5555555555555556
相得益章,0.5555555555555556,positive,0.5555555555555556
相忍为国,0.7777777777777778,positive,0.7777777777777778
相忘形骸,0.5555555555555556,positive,0.5555555555555556
相悦,0.5555555555555556,positive,0.5555555555555556
相成,0.5555555555555556,positive,0.5555555555555556
相敬如宾,0.5555555555555556,positive,0.5555555555555556
相机行事,0.5555555555555556,positive,0.5555555555555556
相濡以沫,0.5555555555555556,positive,0.5555555555555556
相称,0.5555555555555556,positive,0.5555555555555556
相视而笑,0.3333333333333333,positive,0.3333333333333333
相视而笑，莫逆于心,0.7777777777777778,positive,0.7777777777777778
相貌堂堂,0.5555555555555556,positive,0.5555555555555556
相辅相成,0.3333333333333333,positive,0.3333333333333333
相辅而行,0.5555555555555556,positive,0.5555555555555556
省事,0.5555555555555556,positive,0.5555555555555556
省便,0.5555555555555556,positive,0.5555555555555556
省俭,0.3333333333333333,positive,0.3333333333333333
省吃俭用,0.3333333333333333,positive,0.3333333333333333
省心,0.3333333333333333,positive,0.3333333333333333
省时,0.5555555555555556,positive,0.5555555555555556
"眉头一皱,计上心头",0.5555555555555556,positive,0.5555555555555556
眉头一皱，计上心来,0.5555555555555556,positive,0.5555555555555556
眉开眼笑,0.5555555555555556,positive,0.5555555555555556
眉开跟笑,1.0,positive,1.0
眉清目秀,0.5555555555555556,positive,0.5555555555555556
眉目勿画,0.5555555555555556,positive,0.5555555555555556
眉目如画,0.5555555555555556,positive,0.5555555555555556
眉飞色舞,0.5555555555555556,positive,0.5555555555555556
看得上眼,0.3333333333333333,positive,0.3333333333333333
看杀卫玠,0.7777777777777778,positive,0.7777777777777778
看莱吃饭，量体裁衣,0.5555555555555556,positive,0.5555555555555556
看菜吃饭，量体裁衣,0.5555555555555556,positive,0.5555555555555556
真刀真枪,0.5555555555555556,positive,0.5555555555555556
真实,0.3333333333333333,positive,0.3333333333333333
真实可信,1.0,positive,1.0
真心,0.6666666666666667,positive,0.6666666666666667
真心实意,0.5555555555555556,positive,0.5555555555555556
真心真意,1.0,positive,1.0
真心诚意,1.0,positive,1.0
真情,0.7777777777777778,positive,0.7777777777777778
真情实意,0.5555555555555556,positive,0.5555555555555556
真才实学,0.5555555555555556,positive,0.5555555555555556
真挚,0.5555555555555556,positive,0.5555555555555556
真正,0.4444444444444444,positive,0.4444444444444444
真牛,0.7777777777777778,positive,0.7777777777777778
真独简贵,0.5555555555555556,positive,0.5555555555555556
真率,0.5555555555555556,positive,0.5555555555555556
真理,1.0,positive,1.0
真相大白,0.5555555555555556,positive,0.5555555555555556
真真切切,1.0,positive,1.0
真真实实,0.5555555555555556,positive,0.5555555555555556
真知,0.5555555555555556,positive,0.5555555555555556
真知卓见,0.5555555555555556,positive,0.5555555555555556
真知灼见,0.5555555555555556,positive,0.5555555555555556
真确,0.5555555555555556,positive,0.5555555555555556
真纯,0.3333333333333333,positive,0.3333333333333333
真诚,0.5555555555555556,positive,0.5555555555555556
真诠,0.5555555555555556,positive,0.5555555555555556
真谛,0.7777777777777778,positive,0.7777777777777778
真迹,0.5555555555555556,positive,0.5555555555555556
真金不怕火炼,0.5555555555555556,positive,0.5555555555555556
真金烈火,0.5555555555555556,positive,0.5555555555555556
眷怀,0.5555555555555556,positive,0.5555555555555556
眷恋,0.5555555555555556,positive,0.5555555555555556
眷爱,0.7777777777777778,positive,0.7777777777777778
眷顾,0.5555555555555556,positive,0.5555555555555556
眼光远大,1.0,positive,1.0
眼光锐利,1.0,positive,1.0
眼明心亮,0.3333333333333333,positive,0.3333333333333333
眼明手快,0.5555555555555556,positive,0.5555555555555556
眼疾手快,1.0,positive,1.0
眼观六路，耳听八方,0.5555555555555556,positive,0.5555555555555556
眼里揉不下沙子,0.5555555555555556,positive,0.5555555555555556
着凉,0.7777777777777778,positive,0.7777777777777778
着力,0.7777777777777778,positive,0.7777777777777778
着实,0.7777777777777778,positive,0.7777777777777778
着忙,0.7777777777777778,positive,0.7777777777777778
着手成春,1.0,positive,1.0
督师,0.1111111111111111,positive,0.1111111111111111
督率,0.1111111111111111,positive,0.1111111111111111
睹始知终,0.5555555555555556,positive,0.5555555555555556
睹著知微,0.5555555555555556,positive,0.5555555555555556
睿智,0.5555555555555556,positive,0.5555555555555556
瞧得上眼,0.3333333333333333,positive,0.3333333333333333
瞧得起,0.3333333333333333,positive,0.3333333333333333
瞽言萏议,0.5555555555555556,positive,0.5555555555555556
矍铄,0.7777777777777778,positive,0.7777777777777778
矗立,0.3333333333333333,positive,0.3333333333333333
矜持,0.5555555555555556,positive,0.5555555555555556
矢志,0.7777777777777778,positive,0.7777777777777778
矢志不愈,0.7777777777777778,positive,0.7777777777777778
矢志不渝,0.7777777777777778,positive,0.7777777777777778
矢志不移,0.7777777777777778,positive,0.7777777777777778
知之为知之,0.6666666666666666,positive,0.6666666666666666
知之为知之，不知为不知,0.3333333333333333,positive,0.3333333333333333
知书识礼,0.5555555555555556,positive,0.5555555555555556
知书达理,0.5555555555555556,positive,0.5555555555555556
知书达礼,0.5555555555555556,positive,0.5555555555555556
知人善任,0.5555555555555556,positive,0.5555555555555556
知名,0.5555555555555556,positive,0.5555555555555556
知己,0.5555555555555556,positive,0.5555555555555556
知己知彼,0.5555555555555556,positive,0.5555555555555556
知心,0.5555555555555556,positive,0.5555555555555556
知恩必报,0.5555555555555556,positive,0.5555555555555556
知恩报恩,0.5555555555555556,positive,0.5555555555555556
知情达理,0.5555555555555556,positive,0.5555555555555556
知无不言，言无不尽,0.7777777777777778,positive,0.7777777777777778
知止不殆,0.3333333333333333,positive,0.3333333333333333
知疼着热,0.3333333333333333,positive,0.3333333333333333
知被知己,0.3333333333333333,positive,0.3333333333333333
知趣,0.5555555555555556,positive,0.5555555555555556
知足常乐,0.5555555555555556,positive,0.5555555555555556
知过必改,0.1111111111111111,positive,0.1111111111111111
知遇,0.5555555555555556,positive,0.5555555555555556
知难而退,0.7777777777777778,positive,0.7777777777777778
矫健,0.5555555555555556,positive,0.5555555555555556
矫捷,0.5555555555555556,positive,0.5555555555555556
矫矫不群,0.6666666666666666,positive,0.6666666666666666
短小精悍,0.3333333333333333,positive,0.3333333333333333
短平快,0.5555555555555556,positive,0.5555555555555556
石烂海枯,0.7777777777777778,positive,0.7777777777777778
石赤不夺,0.5555555555555556,positive,0.5555555555555556
砌红堆绿,0.5555555555555556,positive,0.5555555555555556
研桑心计,0.3333333333333333,positive,0.3333333333333333
研精殚力,0.7777777777777778,positive,0.7777777777777778
研精殚思,0.7777777777777778,positive,0.7777777777777778
研精毕智,1.0,positive,1.0
研精竭虑,0.7777777777777778,positive,0.7777777777777778
研精覃思,0.7777777777777778,positive,0.7777777777777778
研经铸史,0.7777777777777778,positive,0.7777777777777778
砥厉廉隅,0.5555555555555556,positive,0.5555555555555556
砥柱,0.7777777777777778,positive,0.7777777777777778
砥柱中流,0.7777777777777778,positive,0.7777777777777778
砥砺,0.5555555555555556,positive,0.5555555555555556
砥砺名号,0.5555555555555556,positive,0.5555555555555556
砥砺名节,0.5555555555555556,positive,0.5555555555555556
砥砺廉隅,0.5555555555555556,positive,0.5555555555555556
砥节励行,0.5555555555555556,positive,0.5555555555555556
砥节厉行,0.5555555555555556,positive,0.5555555555555556
砥节砺行,0.5555555555555556,positive,0.5555555555555556
破壁飞去,0.5555555555555556,positive,0.5555555555555556
破家为国,1.0,positive,1.0
破崖绝角,0.3333333333333333,positive,0.3333333333333333
破柱求奸,0.7777777777777778,positive,0.7777777777777778
破涕成笑,0.1111111111111111,positive,0.1111111111111111
破肝糜胃,0.5555555555555556,positive,0.5555555555555556
破脑刳心,0.5555555555555556,positive,0.5555555555555556
破获,0.7777777777777778,positive,0.7777777777777778
破觚斫雕,0.1111111111111111,positive,0.1111111111111111
破除,0.7777777777777778,positive,0.7777777777777778
破颜,0.5555555555555556,positive,0.5555555555555556
砺世摩钝,0.7777777777777778,positive,0.7777777777777778
砺世磨钝,0.7777777777777778,positive,0.7777777777777778
硕壮,0.1111111111111111,positive,0.1111111111111111
硕大无朋,0.7777777777777778,positive,0.7777777777777778
硕果,0.5555555555555556,positive,0.5555555555555556
硕果仅存,0.3333333333333333,positive,0.3333333333333333
硬实,0.3333333333333333,positive,0.3333333333333333
硬手,0.5555555555555556,positive,0.5555555555555556
硬朗,0.3333333333333333,positive,0.3333333333333333
硬气,0.5555555555555556,positive,0.5555555555555556
硬汉,0.3333333333333333,positive,0.3333333333333333
硬骨头,0.3333333333333333,positive,0.3333333333333333
确乎不拔,0.5555555555555556,positive,0.5555555555555556
确固不拔,0.5555555555555556,positive,0.5555555555555556
确守,0.7777777777777778,positive,0.7777777777777778
确实,0.5555555555555556,positive,0.5555555555555556
确然不群,0.5555555555555556,positive,0.5555555555555556
碎玉零玑,0.5555555555555556,positive,0.5555555555555556
碎身糜躯,0.7777777777777778,positive,0.7777777777777778
碧油油,0.5555555555555556,positive,0.5555555555555556
碧澄,0.1111111111111111,positive,0.1111111111111111
碧空,0.3333333333333333,positive,0.3333333333333333
碧绿,0.3333333333333333,positive,0.3333333333333333
碧蓝,0.3333333333333333,positive,0.3333333333333333
碧血,0.7777777777777778,positive,0.7777777777777778
碧血丹心,0.7777777777777778,positive,0.7777777777777778
碧鬟红袖,0.5555555555555556,positive,0.5555555555555556
磅礴,0.3333333333333333,positive,0.3333333333333333
磊浪不羁,0.7777777777777778,positive,0.7777777777777778
磊磊落落,0.5555555555555556,positive,0.5555555555555556
磊落,0.5555555555555556,positive,0.5555555555555556
磊落不羁,0.7777777777777778,positive,0.7777777777777778
磊落光明,0.7777777777777778,positive,0.7777777777777778
磊落豪横,0.5555555555555556,positive,0.5555555555555556
磊落轶荡,0.7777777777777778,positive,0.7777777777777778
磊落飒爽,0.7777777777777778,positive,0.7777777777777778
磨不磷，涅不缁,0.6666666666666666,positive,0.6666666666666666
磨厉以须,0.3333333333333333,positive,0.3333333333333333
磨形炼性,0.6666666666666666,positive,0.6666666666666666
磨杵成针,0.5555555555555556,positive,0.5555555555555556
磨砥刻厉,0.6666666666666666,positive,0.6666666666666666
磨砺,0.5555555555555556,positive,0.5555555555555556
磨砻浸灌,0.6666666666666666,positive,0.6666666666666666
磨礲浸灌,0.6666666666666666,positive,0.6666666666666666
磨穿铁砚,0.3333333333333333,positive,0.3333333333333333
磨练,0.5555555555555556,positive,0.5555555555555556
磨而不磷，涅而不缁,0.6666666666666666,positive,0.6666666666666666
示范,0.5555555555555556,positive,0.5555555555555556
礼让为国,0.7777777777777778,positive,0.7777777777777778
礼贤下士,0.7777777777777778,positive,0.7777777777777778
礼赞,0.5555555555555556,positive,0.5555555555555556
礼遇,0.5555555555555556,positive,0.5555555555555556
祁奚之荐,0.3333333333333333,positive,0.3333333333333333
祖功宗德,0.7777777777777778,positive,0.7777777777777778
祖武宗文,0.7777777777777778,positive,0.7777777777777778
祝僇祝鲠,0.7777777777777778,positive,0.7777777777777778
祝咽祝哽,0.7777777777777778,positive,0.7777777777777778
祝哽祝噎,0.7777777777777778,positive,0.7777777777777778
祝哽视噎,0.5555555555555556,positive,0.5555555555555556
祝寿,0.3333333333333333,positive,0.3333333333333333
祝愿,0.5555555555555556,positive,0.5555555555555556
祝捷,0.3333333333333333,positive,0.3333333333333333
祝词,0.3333333333333333,positive,0.3333333333333333
祝贺,0.3333333333333333,positive,0.3333333333333333
祝酒,0.3333333333333333,positive,0.3333333333333333
祝鲠祝噎,0.7777777777777778,positive,0.7777777777777778
祝鲠祝饐,0.7777777777777778,positive,0.7777777777777778
神乎其技,0.7777777777777778,positive,0.7777777777777778
神乎其神,0.5555555555555556,positive,0.5555555555555556
神人,0.5555555555555556,positive,0.5555555555555556
神仙,0.7777777777777778,positive,0.7777777777777778
神仙中人,0.5555555555555556,positive,0.5555555555555556
神会心融,0.5555555555555556,positive,0.5555555555555556
神兵天将,0.5555555555555556,positive,0.5555555555555556
神到之笔,0.5555555555555556,positive,0.5555555555555556
神力,0.5555555555555556,positive,0.5555555555555556
神功圣化,0.5555555555555556,positive,0.5555555555555556
神勇,0.7777777777777778,positive,0.7777777777777778
神医,0.7777777777777778,positive,0.7777777777777778
神品,1.0,positive,1.0
神圣,0.5555555555555556,positive,0.5555555555555556
神圣工巧,0.7777777777777778,positive,0.7777777777777778
神奥,1.0,positive,1.0
神妙,0.7777777777777778,positive,0.7777777777777778
神威,0.5555555555555556,positive,0.5555555555555556
神完气足,0.5555555555555556,positive,0.5555555555555556
神工天巧,0.7777777777777778,positive,0.7777777777777778
神工意匠,0.5555555555555556,positive,0.5555555555555556
神工鬼力,0.5555555555555556,positive,0.5555555555555556
神工鬼斧,0.5555555555555556,positive,0.5555555555555556
神异,0.5555555555555556,positive,0.5555555555555556
神往,0.7777777777777778,positive,0.7777777777777778
神怡心旷,0.5555555555555556,positive,0.5555555555555556
神怿气愉,0.5555555555555556,positive,0.5555555555555556
神悟,0.7777777777777778,positive,0.7777777777777778
神意自若,0.5555555555555556,positive,0.5555555555555556
神抶电击,1.0,positive,1.0
神摇目夺,0.5555555555555556,positive,0.5555555555555556
神效,0.7777777777777778,positive,0.7777777777777778
神施鬼设,0.7777777777777778,positive,0.7777777777777778
神机妙算,1.0,positive,1.0
神来之笔,0.5555555555555556,positive,0.5555555555555556
神来气旺,0.5555555555555556,positive,0.5555555555555556
神枢鬼藏,0.5555555555555556,positive,0.5555555555555556
神枪手,0.5555555555555556,positive,0.5555555555555556
神武,0.7777777777777778,positive,0.7777777777777778
神气,0.5555555555555556,positive,0.5555555555555556
神气十足,0.3333333333333333,positive,0.3333333333333333
神流气鬯,0.5555555555555556,positive,0.5555555555555556
神清气朗,0.5555555555555556,positive,0.5555555555555556
神清气爽,0.5555555555555556,positive,0.5555555555555556
神清气茂,0.7777777777777778,positive,0.7777777777777778
神清骨秀,0.7777777777777778,positive,0.7777777777777778
神物,0.5555555555555556,positive,0.5555555555555556
神童,0.7777777777777778,positive,0.7777777777777778
神算,0.5555555555555556,positive,0.5555555555555556
神而明之,0.5555555555555556,positive,0.5555555555555556
神至之笔,0.5555555555555556,positive,0.5555555555555556
神色不动,0.3333333333333333,positive,0.3333333333333333
神色自若,0.7777777777777778,positive,0.7777777777777778
神融气泰,0.5555555555555556,positive,0.5555555555555556
神谟远算,0.5555555555555556,positive,0.5555555555555556
神超形越,0.5555555555555556,positive,0.5555555555555556
神通,0.5555555555555556,positive,0.5555555555555556
神通广大,1.0,positive,1.0
神采,0.5555555555555556,positive,0.5555555555555556
神采奕奕,0.5555555555555556,positive,0.5555555555555556
神采焕发,0.7777777777777778,positive,0.7777777777777778
神采英拔,0.5555555555555556,positive,0.5555555555555556
神采飞扬,0.5555555555555556,positive,0.5555555555555556
神霄绛阙,0.7777777777777778,positive,0.7777777777777778
神韵,0.5555555555555556,positive,0.5555555555555556
神飞气扬,0.5555555555555556,positive,0.5555555555555556
神飞色舞,0.5555555555555556,positive,0.5555555555555556
神魂飞越,0.5555555555555556,positive,0.5555555555555556
神龙马壮,0.7777777777777778,positive,0.7777777777777778
祟论宏议,0.7777777777777778,positive,0.7777777777777778
祥和,0.7777777777777778,positive,0.7777777777777778
祥瑞,0.5555555555555556,positive,0.5555555555555556
祥风时雨,0.5555555555555556,positive,0.5555555555555556
祥麟威凤,0.7777777777777778,positive,0.7777777777777778
祲威盛容,0.5555555555555556,positive,0.5555555555555556
禀呈,0.3333333333333333,positive,0.3333333333333333
禀赋,0.3333333333333333,positive,0.3333333333333333
禁中颇牧,0.5555555555555556,positive,0.5555555555555556
禁鼎一脔,0.7777777777777778,positive,0.7777777777777778
禅世雕龙,0.5555555555555556,positive,0.5555555555555556
福与天齐,0.3333333333333333,positive,0.3333333333333333
福分,0.5555555555555556,positive,0.5555555555555556
福地,0.3333333333333333,positive,0.3333333333333333
福地洞天,1.0,positive,1.0
福寿双全,0.3333333333333333,positive,0.3333333333333333
福寿年高,0.3333333333333333,positive,0.3333333333333333
福寿无疆,0.5555555555555556,positive,0.5555555555555556
福寿绵绵,0.7777777777777778,positive,0.7777777777777778
福寿绵长,0.3333333333333333,positive,0.3333333333333333
福寿齐天,0.3333333333333333,positive,0.3333333333333333
福无双至，祸不单行,1.0,positive,1.0
福星,0.5555555555555556,positive,0.5555555555555556
福星高照,0.3333333333333333,positive,0.3333333333333333
福祉,0.3333333333333333,positive,0.3333333333333333
福禄双全,0.3333333333333333,positive,0.3333333333333333
福至心灵,0.5555555555555556,positive,0.5555555555555556
福音,0.5555555555555556,positive,0.5555555555555556
福齐南山,0.3333333333333333,positive,0.3333333333333333
禹惜寸阴,0.7777777777777778,positive,0.7777777777777778
离世异俗,0.7777777777777778,positive,0.7777777777777778
离世绝俗,0.7777777777777778,positive,0.7777777777777778
离世遁上,0.7777777777777778,positive,0.7777777777777778
离奇古怪,0.7777777777777778,positive,0.7777777777777778
离蔬释屩,0.7777777777777778,positive,0.7777777777777778
离蔬释蹻,0.7777777777777778,positive,0.7777777777777778
秀丽,0.5555555555555556,positive,0.5555555555555556
秀俊,0.5555555555555556,positive,0.5555555555555556
秀出班行,0.7777777777777778,positive,0.7777777777777778
秀劲,0.5555555555555556,positive,0.5555555555555556
秀外惠中,1.0,positive,1.0
秀外愿中,0.7777777777777778,positive,0.7777777777777778
秀外慧中,1.0,positive,1.0
秀媚,0.5555555555555556,positive,0.5555555555555556
秀异,0.5555555555555556,positive,0.5555555555555556
秀慧,0.5555555555555556,positive,0.5555555555555556
秀拔,0.5555555555555556,positive,0.5555555555555556
秀挺,0.5555555555555556,positive,0.5555555555555556
秀气,0.7777777777777778,positive,0.7777777777777778
秀润,0.5555555555555556,positive,0.5555555555555556
秀美,0.5555555555555556,positive,0.5555555555555556
秀色,0.3333333333333333,positive,0.3333333333333333
秀色可餐,1.0,positive,1.0
秀雅,0.5555555555555556,positive,0.5555555555555556
私访,0.5555555555555556,positive,0.5555555555555556
秉公办理,0.5555555555555556,positive,0.5555555555555556
秉公无私,0.7777777777777778,positive,0.7777777777777778
秉承,0.3333333333333333,positive,0.3333333333333333
秉持公正,0.5555555555555556,positive,0.5555555555555556
秉正,0.5555555555555556,positive,0.5555555555555556
秉直,0.5555555555555556,positive,0.5555555555555556
秉笔直书,0.5555555555555556,positive,0.5555555555555556
秋月春风,0.5555555555555556,positive,0.5555555555555556
秋毫无犯,0.5555555555555556,positive,0.5555555555555556
秋风扫落叶,0.1111111111111111,positive,0.1111111111111111
秋高气爽,0.5555555555555556,positive,0.5555555555555556
秋高气肃,0.5555555555555556,positive,0.5555555555555556
种仁,0.7777777777777778,positive,0.7777777777777778
种子选手,0.5555555555555556,positive,0.5555555555555556
种瓜得瓜，种豆得豆,0.5555555555555556,positive,0.5555555555555556
种花,0.5555555555555556,positive,0.5555555555555556
秦晋之好,0.5555555555555556,positive,0.5555555555555556
秦镜高悬,0.5555555555555556,positive,0.5555555555555556
秩序井然,0.3333333333333333,positive,0.3333333333333333
秩然不紊,0.5555555555555556,positive,0.5555555555555556
积厚流广,0.5555555555555556,positive,0.5555555555555556
积善,0.7777777777777778,positive,0.7777777777777778
积德,0.5555555555555556,positive,0.5555555555555556
积极,0.5555555555555556,positive,0.5555555555555556
积极性,0.3333333333333333,positive,0.3333333333333333
积雪囊萤,0.7777777777777778,positive,0.7777777777777778
称体裁衣,0.1111111111111111,positive,0.1111111111111111
称兄道弟,0.5555555555555556,positive,0.5555555555555556
称叹,0.7777777777777778,positive,0.7777777777777778
称庆,0.3333333333333333,positive,0.3333333333333333
称德度功,0.1111111111111111,positive,0.1111111111111111
称心如意,0.3333333333333333,positive,0.3333333333333333
称快,0.7777777777777778,positive,0.7777777777777778
称意,0.3333333333333333,positive,0.3333333333333333
称愿,0.3333333333333333,positive,0.3333333333333333
称扬,0.7777777777777778,positive,0.7777777777777778
称美,0.5555555555555556,positive,0.5555555555555556
称羡,0.3333333333333333,positive,0.3333333333333333
称职,0.5555555555555556,positive,0.5555555555555556
称誉,0.5555555555555556,positive,0.5555555555555556
称许,0.5555555555555556,positive,0.5555555555555556
称谢,0.5555555555555556,positive,0.5555555555555556
称贺,0.3333333333333333,positive,0.3333333333333333
称赏,0.5555555555555556,positive,0.5555555555555556
称赞,0.5555555555555556,positive,0.5555555555555556
称道,0.5555555555555556,positive,0.5555555555555556
称雄,0.5555555555555556,positive,0.5555555555555556
称颂,0.5555555555555556,positive,0.5555555555555556
移山倒海,0.5555555555555556,positive,0.5555555555555556
移樽就教,0.3333333333333333,positive,0.3333333333333333
移风易俗,0.5555555555555556,positive,0.5555555555555556
秾艳,0.3333333333333333,positive,0.3333333333333333
稀世之珍,1.0,positive,1.0
稀珍,0.5555555555555556,positive,0.5555555555555556
稀罕,0.5555555555555556,positive,0.5555555555555556
稀贵,0.5555555555555556,positive,0.5555555555555556
稀饭,0.5555555555555556,positive,0.5555555555555556
程门立雪,0.5555555555555556,positive,0.5555555555555556
稍胜一筹,0.5555555555555556,positive,0.5555555555555556
稚齿婑婿,0.7777777777777778,positive,0.7777777777777778
稳便,0.1111111111111111,positive,0.1111111111111111
稳健,0.5555555555555556,positive,0.5555555555555556
稳厚,0.3333333333333333,positive,0.3333333333333333
稳如泰山,0.7777777777777778,positive,0.7777777777777778
稳妥,0.7777777777777778,positive,0.7777777777777778
稳定性,0.5555555555555556,positive,0.5555555555555556
稳实,0.3333333333333333,positive,0.3333333333333333
稳帖,0.3333333333333333,positive,0.3333333333333333
稳扎稳打,1.0,positive,1.0
稳拿,0.3333333333333333,positive,0.3333333333333333
稳操左券,0.5555555555555556,positive,0.5555555555555556
稳操胜算,1.0,positive,1.0
稳步,0.3333333333333333,positive,0.3333333333333333
稳练,0.5555555555555556,positive,0.5555555555555556
稳重,0.5555555555555556,positive,0.5555555555555556
稳键,0.5555555555555556,positive,0.5555555555555556
稳静,0.3333333333333333,positive,0.3333333333333333
穰穰,0.5555555555555556,positive,0.5555555555555556
穷不失义,0.5555555555555556,positive,0.5555555555555556
空前,0.5555555555555556,positive,0.5555555555555556
空前绝后,1.0,positive,1.0
空古绝今,1.0,positive,1.0
空谷足音,0.5555555555555556,positive,0.5555555555555556
穿云裂石,0.7777777777777778,positive,0.7777777777777778
突破,0.7777777777777778,positive,0.7777777777777778
突破性,1.0,positive,1.0
突飞猛进,0.5555555555555556,positive,0.5555555555555556
窈窕,0.7777777777777778,positive,0.7777777777777778
窈窕淑女,0.5555555555555556,positive,0.5555555555555556
窍门,0.3333333333333333,positive,0.3333333333333333
窗明几净,0.3333333333333333,positive,0.3333333333333333
立功,0.5555555555555556,positive,0.5555555555555556
立功赎罪,0.5555555555555556,positive,0.5555555555555556
立国安邦,1.0,positive,1.0
立地书橱,0.7777777777777778,positive,0.7777777777777778
立志,0.5555555555555556,positive,0.5555555555555556
立竿见影,0.3333333333333333,positive,0.3333333333333333
立身扬名,0.5555555555555556,positive,0.5555555555555556
竖起脊梁,1.0,positive,1.0
站得住脚,1.0,positive,1.0
站得高，看得远,0.5555555555555556,positive,0.5555555555555556
竞秀,0.5555555555555556,positive,0.5555555555555556
童叟无欺,0.5555555555555556,positive,0.5555555555555556
童贞,0.3333333333333333,positive,0.3333333333333333
竭尽全力,0.7777777777777778,positive,0.7777777777777778
端丽,0.3333333333333333,positive,0.3333333333333333
端凝,0.5555555555555556,positive,0.5555555555555556
端平,0.5555555555555556,positive,0.5555555555555556
端庄,0.5555555555555556,positive,0.5555555555555556
端整,0.1111111111111111,positive,0.1111111111111111
端方,0.3333333333333333,positive,0.3333333333333333
端然,0.1111111111111111,positive,0.1111111111111111
端直,0.5555555555555556,positive,0.5555555555555556
端端正正,0.1111111111111111,positive,0.1111111111111111
端详,0.3333333333333333,positive,0.3333333333333333
端重,0.5555555555555556,positive,0.5555555555555556
端雅,0.5555555555555556,positive,0.5555555555555556
端静,0.3333333333333333,positive,0.3333333333333333
竹头木屑,0.5555555555555556,positive,0.5555555555555556
竹林七贤,0.7777777777777778,positive,0.7777777777777778
竹枝词,0.7777777777777778,positive,0.7777777777777778
竹苞松茂,0.3333333333333333,positive,0.3333333333333333
竹苞松茂　,0.7777777777777778,positive,0.7777777777777778
笃信,0.7777777777777778,positive,0.7777777777777778
笃厚,0.5555555555555556,positive,0.5555555555555556
笃学,0.5555555555555556,positive,0.5555555555555556
笃守,0.5555555555555556,positive,0.5555555555555556
笃实,0.5555555555555556,positive,0.5555555555555556
笃志,0.5555555555555556,positive,0.5555555555555556
笃志好学,0.5555555555555556,positive,0.5555555555555556
笃情,0.5555555555555556,positive,0.5555555555555556
笃论,0.5555555555555556,positive,0.5555555555555556
笑吟吟,0.5555555555555556,positive,0.5555555555555556
笑咪咪,0.5555555555555556,positive,0.5555555555555556
笑哈哈,0.5555555555555556,positive,0.5555555555555556
笑嘻嘻,0.5555555555555556,positive,0.5555555555555556
笑容可掬,1.0,positive,1.0
笑影,0.3333333333333333,positive,0.3333333333333333
笑眯眯,0.5555555555555556,positive,0.5555555555555556
笑貌,0.3333333333333333,positive,0.3333333333333333
笑逐言开,0.5555555555555556,positive,0.5555555555555556
笑逐颜开,1.0,positive,1.0
笑颜,0.5555555555555556,positive,0.5555555555555556
笔下生花,0.5555555555555556,positive,0.5555555555555556
笔下超生,0.5555555555555556,positive,0.5555555555555556
笔大如椽,0.5555555555555556,positive,0.5555555555555556
笔扫千军,0.5555555555555556,positive,0.5555555555555556
笔挺,0.5555555555555556,positive,0.5555555555555556
笔直,0.1111111111111111,positive,0.1111111111111111
笔走龙蛇,0.5555555555555556,positive,0.5555555555555556
笔饱墨酣,0.5555555555555556,positive,0.5555555555555556
笨鸟先飞,0.3333333333333333,positive,0.3333333333333333
第一流,0.7777777777777778,positive,0.7777777777777778
筋道,0.1111111111111111,positive,0.1111111111111111
答拜,0.3333333333333333,positive,0.3333333333333333
答礼,0.3333333333333333,positive,0.3333333333333333
答谢,0.1111111111111111,positive,0.1111111111111111
筚路蓝缕,0.3333333333333333,positive,0.3333333333333333
简便易行,0.1111111111111111,positive,0.1111111111111111
简切,0.3333333333333333,positive,0.3333333333333333
简劲,1.0,positive,1.0
简单明了,0.1111111111111111,positive,0.1111111111111111
简括,0.3333333333333333,positive,0.3333333333333333
简明扼要,0.3333333333333333,positive,0.3333333333333333
简朴,0.5555555555555556,positive,0.5555555555555556
简洁,0.3333333333333333,positive,0.3333333333333333
简质,0.5555555555555556,positive,0.5555555555555556
简雅,0.5555555555555556,positive,0.5555555555555556
算无遗策,0.5555555555555556,positive,0.5555555555555556
管事,0.3333333333333333,positive,0.3333333333333333
管止神行,0.5555555555555556,positive,0.5555555555555556
管用,0.3333333333333333,positive,0.3333333333333333
箪食壶浆,0.5555555555555556,positive,0.5555555555555556
箭不虚发,0.5555555555555556,positive,0.5555555555555556
箴言,0.5555555555555556,positive,0.5555555555555556
簇新,0.3333333333333333,positive,0.3333333333333333
粉妆玉琢,0.5555555555555556,positive,0.5555555555555556
粉嫩,0.3333333333333333,positive,0.3333333333333333
粉装玉琢,0.3333333333333333,positive,0.3333333333333333
粗中有细,0.3333333333333333,positive,0.3333333333333333
粗犷,0.1111111111111111,positive,0.1111111111111111
粗衣淡饭,0.7777777777777778,positive,0.7777777777777778
粗衣粝食,0.7777777777777778,positive,0.7777777777777778
粗豪,0.3333333333333333,positive,0.3333333333333333
粟红贯朽,0.3333333333333333,positive,0.3333333333333333
粲然,0.5555555555555556,positive,0.5555555555555556
粹聚,0.1111111111111111,positive,0.1111111111111111
粹集,0.1111111111111111,positive,0.1111111111111111
精一,0.5555555555555556,positive,0.5555555555555556
精严,0.3333333333333333,positive,0.3333333333333333
精义,0.5555555555555556,positive,0.5555555555555556
精于,0.3333333333333333,positive,0.3333333333333333
精兵,0.7777777777777778,positive,0.7777777777777778
精兵简政,1.0,positive,1.0
精准,0.3333333333333333,positive,0.3333333333333333
精到,0.5555555555555556,positive,0.5555555555555556
精制,0.1111111111111111,positive,0.1111111111111111
精勤,0.5555555555555556,positive,0.5555555555555556
精卫填海,0.5555555555555556,positive,0.5555555555555556
精品,0.7777777777777778,positive,0.7777777777777778
精壮,0.5555555555555556,positive,0.5555555555555556
精奇,0.5555555555555556,positive,0.5555555555555556
精妙,0.5555555555555556,positive,0.5555555555555556
精娴,0.7777777777777778,positive,0.7777777777777778
精审,0.3333333333333333,positive,0.3333333333333333
精密,0.3333333333333333,positive,0.3333333333333333
精巧,0.5555555555555556,positive,0.5555555555555556
精当,0.5555555555555556,positive,0.5555555555555556
精彩,0.7777777777777778,positive,0.7777777777777778
精彩纷呈,0.5555555555555556,positive,0.5555555555555556
精彩绝伦,1.0,positive,1.0
精微,0.3333333333333333,positive,0.3333333333333333
精心,0.5555555555555556,positive,0.5555555555555556
精忠,0.7777777777777778,positive,0.7777777777777778
精悍,0.7777777777777778,positive,0.7777777777777778
精打细算,0.5555555555555556,positive,0.5555555555555556
精敏,0.5555555555555556,positive,0.5555555555555556
精明,0.5555555555555556,positive,0.5555555555555556
精明强干,0.7777777777777778,positive,0.7777777777777778
精本,0.3333333333333333,positive,0.3333333333333333
精核,0.3333333333333333,positive,0.3333333333333333
精洁,0.7777777777777778,positive,0.7777777777777778
精深,0.7777777777777778,positive,0.7777777777777778
精湛,0.5555555555555556,positive,0.5555555555555556
精灵,0.7777777777777778,positive,0.7777777777777778
精炼,0.5555555555555556,positive,0.5555555555555556
精熟,0.5555555555555556,positive,0.5555555555555556
精白,0.3333333333333333,positive,0.3333333333333333
精益求精,0.7777777777777778,positive,0.7777777777777778
精研,0.3333333333333333,positive,0.3333333333333333
精神,0.7777777777777778,positive,0.7777777777777778
精神十足,0.3333333333333333,positive,0.3333333333333333
精神抖擞,0.3333333333333333,positive,0.3333333333333333
精神满腹,1.0,positive,1.0
精神焕发,0.5555555555555556,positive,0.5555555555555556
精神饱满,0.5555555555555556,positive,0.5555555555555556
精粹,0.7777777777777778,positive,0.7777777777777778
精精神神,0.3333333333333333,positive,0.3333333333333333
精纯,0.7777777777777778,positive,0.7777777777777778
精练,0.3333333333333333,positive,0.3333333333333333
精细,0.5555555555555556,positive,0.5555555555555556
精绝,1.0,positive,1.0
精美,0.5555555555555556,positive,0.5555555555555556
精美绝伦,1.0,positive,1.0
精耕细作,0.5555555555555556,positive,0.5555555555555556
精致,0.5555555555555556,positive,0.5555555555555556
精良,0.5555555555555556,positive,0.5555555555555556
精英,1.0,positive,1.0
精蕴,0.5555555555555556,positive,0.5555555555555556
精装,0.3333333333333333,positive,0.3333333333333333
精要,0.3333333333333333,positive,0.3333333333333333
精警,0.7777777777777778,positive,0.7777777777777778
精诚,0.5555555555555556,positive,0.5555555555555556
精诚团结,0.7777777777777778,positive,0.7777777777777778
精辟,0.7777777777777778,positive,0.7777777777777778
精进,0.5555555555555556,positive,0.5555555555555556
精选,0.5555555555555556,positive,0.5555555555555556
精通,0.7777777777777778,positive,0.7777777777777778
精醇,0.7777777777777778,positive,0.7777777777777778
精金良玉,0.7777777777777778,positive,0.7777777777777778
精锐,0.5555555555555556,positive,0.5555555555555556
精镌,0.7777777777777778,positive,0.7777777777777778
精雅,0.5555555555555556,positive,0.5555555555555556
精雕细刻,0.5555555555555556,positive,0.5555555555555556
精髓,0.7777777777777778,positive,0.7777777777777778
系念,0.3333333333333333,positive,0.3333333333333333
素净,0.3333333333333333,positive,0.3333333333333333
素朴,0.3333333333333333,positive,0.3333333333333333
素洁,0.3333333333333333,positive,0.3333333333333333
素淡,0.5555555555555556,positive,0.5555555555555556
素雅,0.3333333333333333,positive,0.3333333333333333
紧凑,0.1111111111111111,positive,0.1111111111111111
紫气东来,1.0,positive,1.0
累世通好,0.5555555555555556,positive,0.5555555555555556
繁丽,0.5555555555555556,positive,0.5555555555555556
繁华,0.5555555555555556,positive,0.5555555555555556
繁华胜地,0.5555555555555556,positive,0.5555555555555556
繁富,0.3333333333333333,positive,0.3333333333333333
繁庶,0.3333333333333333,positive,0.3333333333333333
繁星,0.3333333333333333,positive,0.3333333333333333
繁盛,0.5555555555555556,positive,0.5555555555555556
繁花,0.3333333333333333,positive,0.3333333333333333
繁花似锦,0.5555555555555556,positive,0.5555555555555556
繁茂,0.5555555555555556,positive,0.5555555555555556
繁荣富强,0.7777777777777778,positive,0.7777777777777778
繁荣昌盛,0.7777777777777778,positive,0.7777777777777778
繁蔚,0.3333333333333333,positive,0.3333333333333333
红心,0.5555555555555556,positive,0.5555555555555556
红情绿意,0.5555555555555556,positive,0.5555555555555556
红星,0.5555555555555556,positive,0.5555555555555556
红榜,0.3333333333333333,positive,0.3333333333333333
红润,0.1111111111111111,positive,0.1111111111111111
红火,0.3333333333333333,positive,0.3333333333333333
红红火火,0.3333333333333333,positive,0.3333333333333333
红艳艳,0.5555555555555556,positive,0.5555555555555556
红花绿柳,0.5555555555555556,positive,0.5555555555555556
红装,0.3333333333333333,positive,0.3333333333333333
红装素裹,0.5555555555555556,positive,0.5555555555555556
红豆相思,0.7777777777777778,positive,0.7777777777777778
红运,0.5555555555555556,positive,0.5555555555555556
红颜,0.5555555555555556,positive,0.5555555555555556
纤尘不染,0.5555555555555556,positive,0.5555555555555556
纤巧,0.5555555555555556,positive,0.5555555555555556
纤悉,0.3333333333333333,positive,0.3333333333333333
纤秀,0.5555555555555556,positive,0.5555555555555556
纤纤,0.3333333333333333,positive,0.3333333333333333
纤细,0.3333333333333333,positive,0.3333333333333333
约会,0.5555555555555556,positive,0.5555555555555556
纪念堂,0.3333333333333333,positive,0.3333333333333333
纪念塔,0.3333333333333333,positive,0.3333333333333333
纪念碑,0.3333333333333333,positive,0.3333333333333333
纪念章,0.3333333333333333,positive,0.3333333333333333
纫佩,0.7777777777777778,positive,0.7777777777777778
纬武经文,0.3333333333333333,positive,0.3333333333333333
纯净,0.3333333333333333,positive,0.3333333333333333
纯厚,0.5555555555555556,positive,0.5555555555555556
纯情,0.5555555555555556,positive,0.5555555555555556
纯挚,0.5555555555555556,positive,0.5555555555555556
纯朴,0.5555555555555556,positive,0.5555555555555556
纯正,0.5555555555555556,positive,0.5555555555555556
纯洁,0.5555555555555556,positive,0.5555555555555556
纯洁性,0.5555555555555556,positive,0.5555555555555556
纯熟,0.5555555555555556,positive,0.5555555555555556
纯真,0.5555555555555556,positive,0.5555555555555556
纯稚,0.5555555555555556,positive,0.5555555555555556
纯美,0.5555555555555556,positive,0.5555555555555556
纯良,0.5555555555555556,positive,0.5555555555555556
纯谨,0.5555555555555556,positive,0.5555555555555556
纯贞,0.5555555555555556,positive,0.5555555555555556
纳福,0.5555555555555556,positive,0.5555555555555556
纳谏如流,0.5555555555555556,positive,0.5555555555555556
纳降,0.5555555555555556,positive,0.5555555555555556
纵情,0.7777777777777778,positive,0.7777777777777778
纵横驰骋,0.5555555555555556,positive,0.5555555555555556
纷华,0.5555555555555556,positive,0.5555555555555556
纷红骇绿,0.5555555555555556,positive,0.5555555555555556
绅士,0.5555555555555556,positive,0.5555555555555556
绅士协定,0.5555555555555556,positive,0.5555555555555556
绅耆,0.7777777777777778,positive,0.7777777777777778
细匀,0.5555555555555556,positive,0.5555555555555556
细嫩,0.5555555555555556,positive,0.5555555555555556
细巧,1.0,positive,1.0
细心,0.1111111111111111,positive,0.1111111111111111
细水长流,0.3333333333333333,positive,0.3333333333333333
细润,0.5555555555555556,positive,0.5555555555555556
细腻,0.5555555555555556,positive,0.5555555555555556
细致,0.5555555555555556,positive,0.5555555555555556
细针密缕,1.0,positive,1.0
细高挑儿,0.3333333333333333,positive,0.3333333333333333
终非池中物,0.5555555555555556,positive,0.5555555555555556
经世,1.0,positive,1.0
经久不衰,0.7777777777777778,positive,0.7777777777777778
经久耐用,0.3333333333333333,positive,0.3333333333333333
经典,1.0,positive,1.0
经天纬地,1.0,positive,1.0
经始大业,1.0,positive,1.0
经师,0.5555555555555556,positive,0.5555555555555556
经明行修,0.7777777777777778,positive,0.7777777777777778
经用,0.5555555555555556,positive,0.5555555555555556
经纶济世,0.7777777777777778,positive,0.7777777777777778
经邦纬国,0.7777777777777778,positive,0.7777777777777778
经验丰富,0.5555555555555556,positive,0.5555555555555556
结实,0.5555555555555556,positive,0.5555555555555556
结彩,0.7777777777777778,positive,0.7777777777777778
结晶,0.7777777777777778,positive,0.7777777777777778
绘声绘影,0.3333333333333333,positive,0.3333333333333333
绘声绘色,0.7777777777777778,positive,0.7777777777777778
绘影绘声,0.3333333333333333,positive,0.3333333333333333
绘影绘色,0.5555555555555556,positive,0.5555555555555556
绚丽多彩,0.7777777777777778,positive,0.7777777777777778
绚烂,0.5555555555555556,positive,0.5555555555555556
绝世无双,1.0,positive,1.0
绝世超伦,1.0,positive,1.0
绝了,0.5555555555555556,positive,0.5555555555555556
绝代佳人,0.7777777777777778,positive,0.7777777777777778
绝伦,0.3333333333333333,positive,0.3333333333333333
绝伦逸群,1.0,positive,1.0
绝佳,1.0,positive,1.0
绝好,0.5555555555555556,positive,0.5555555555555556
绝妙,0.7777777777777778,positive,0.7777777777777778
绝少分甘,0.5555555555555556,positive,0.5555555555555556
绝甘分少,0.7777777777777778,positive,0.7777777777777778
绝色,0.7777777777777778,positive,0.7777777777777778
绝艺,0.5555555555555556,positive,0.5555555555555556
绝长补短,0.5555555555555556,positive,0.5555555555555556
统帅,0.5555555555555556,positive,0.5555555555555556
统率,0.7777777777777778,positive,0.7777777777777778
继往开来,0.5555555555555556,positive,0.5555555555555556
绮丽,0.5555555555555556,positive,0.5555555555555556
绰有余裕,0.5555555555555556,positive,0.5555555555555556
绰约,0.5555555555555556,positive,0.5555555555555556
绰约多姿,0.5555555555555556,positive,0.5555555555555556
绰绰有余,0.5555555555555556,positive,0.5555555555555556
绰绰有裕,0.5555555555555556,positive,0.5555555555555556
绳愆纠谬,0.5555555555555556,positive,0.5555555555555556
绳趋尺步,0.5555555555555556,positive,0.5555555555555556
绳锯木断,0.1111111111111111,positive,0.1111111111111111
维妙维肖,0.7777777777777778,positive,0.7777777777777778
维新,0.5555555555555556,positive,0.5555555555555556
绸缪,0.5555555555555556,positive,0.5555555555555556
绽放,0.1111111111111111,positive,0.1111111111111111
绾角弟兄,0.5555555555555556,positive,0.5555555555555556
绿水青山,0.7777777777777778,positive,0.7777777777777778
缓急相济,0.3333333333333333,positive,0.3333333333333333
缜密,0.5555555555555556,positive,0.5555555555555556
缤纷,0.5555555555555556,positive,0.5555555555555556
缱绻,0.5555555555555556,positive,0.5555555555555556
网开一面,0.7777777777777778,positive,0.7777777777777778
罗曼蒂克,0.3333333333333333,positive,0.3333333333333333
罪人不孥,0.5555555555555556,positive,0.5555555555555556
置之度外,0.7777777777777778,positive,0.7777777777777778
置之死地而后生,0.3333333333333333,positive,0.3333333333333333
美不胜收,0.5555555555555556,positive,0.5555555555555556
美丽,0.5555555555555556,positive,0.5555555555555556
美人,0.5555555555555556,positive,0.5555555555555556
美名,0.5555555555555556,positive,0.5555555555555556
美味,0.5555555555555556,positive,0.5555555555555556
美味可口,0.3333333333333333,positive,0.3333333333333333
美女,0.5555555555555556,positive,0.5555555555555556
美好,1.0,positive,1.0
美如冠玉,0.5555555555555556,positive,0.5555555555555556
美妙,0.7777777777777778,positive,0.7777777777777778
美德,0.7777777777777778,positive,0.7777777777777778
美意延年,0.3333333333333333,positive,0.3333333333333333
美气,0.4444444444444444,positive,0.4444444444444444
美美,0.3333333333333333,positive,0.3333333333333333
美艳,0.5555555555555556,positive,0.5555555555555556
美观,0.5555555555555556,positive,0.5555555555555556
美轮美奂,0.7777777777777778,positive,0.7777777777777778
羡慕,0.3333333333333333,positive,0.3333333333333333
羡慕ING,0.7777777777777778,positive,0.7777777777777778
群威群胆,0.3333333333333333,positive,0.3333333333333333
群策群力,0.3333333333333333,positive,0.3333333333333333
群芳,0.7777777777777778,positive,0.7777777777777778
群芳竟艳,0.5555555555555556,positive,0.5555555555555556
群英,0.5555555555555556,positive,0.5555555555555556
群英会,0.5555555555555556,positive,0.5555555555555556
群雄,0.5555555555555556,positive,0.5555555555555556
羽扇纶巾,0.5555555555555556,positive,0.5555555555555556
翁中捉鳖,1.0,positive,1.0
翘楚,0.7777777777777778,positive,0.7777777777777778
翠蓝,0.1111111111111111,positive,0.1111111111111111
翩然,0.6666666666666666,positive,0.6666666666666666
翩翩,0.5555555555555556,positive,0.5555555555555556
翩翩少年,0.3333333333333333,positive,0.3333333333333333
翩若惊鸿,0.3333333333333333,positive,0.3333333333333333
翩跹,0.5555555555555556,positive,0.5555555555555556
翻然悔悟,0.3333333333333333,positive,0.3333333333333333
老夫子,0.7777777777777778,positive,0.7777777777777778
老子婆娑,0.5555555555555556,positive,0.5555555555555556
老实,0.3333333333333333,positive,0.3333333333333333
老实巴交,0.5555555555555556,positive,0.5555555555555556
老寿星,0.1111111111111111,positive,0.1111111111111111
老少无欺,0.5555555555555556,positive,0.5555555555555556
老师宿儒,0.5555555555555556,positive,0.5555555555555556
老当益壮,0.7777777777777778,positive,0.7777777777777778
老成之见,0.3333333333333333,positive,0.3333333333333333
老成持重,0.5555555555555556,positive,0.5555555555555556
老成见到,1.0,positive,1.0
老牛舐犊,0.7777777777777778,positive,0.7777777777777778
老牛舔犊,0.7777777777777778,positive,0.7777777777777778
老练,0.3333333333333333,positive,0.3333333333333333
老马嘶风,0.3333333333333333,positive,0.3333333333333333
老骤伏枥,0.6666666666666666,positive,0.6666666666666666
老黄牛,0.7777777777777778,positive,0.7777777777777778
耐久,0.3333333333333333,positive,0.3333333333333333
耐劳,0.5555555555555556,positive,0.5555555555555556
耐心,0.5555555555555556,positive,0.5555555555555556
耐性,0.3333333333333333,positive,0.3333333333333333
耐烦,0.5555555555555556,positive,0.5555555555555556
耐用,0.3333333333333333,positive,0.3333333333333333
耐穿,0.3333333333333333,positive,0.3333333333333333
耳听八方,0.7777777777777778,positive,0.7777777777777778
耳根清净,0.7777777777777778,positive,0.7777777777777778
耳热酒酣,0.3333333333333333,positive,0.3333333333333333
耳目一新,0.3333333333333333,positive,0.3333333333333333
耳聪目明,0.3333333333333333,positive,0.3333333333333333
耳闻不如目见,0.1111111111111111,positive,0.1111111111111111
耳鬓厮磨,0.5555555555555556,positive,0.5555555555555556
耸壑昂霄,0.1111111111111111,positive,0.1111111111111111
耿介,0.3333333333333333,positive,0.3333333333333333
耿介不阿,0.5555555555555556,positive,0.5555555555555556
耿直,0.3333333333333333,positive,0.3333333333333333
联欢,0.5555555555555556,positive,0.5555555555555556
联结,0.5555555555555556,positive,0.5555555555555556
聚精会神,0.7777777777777778,positive,0.7777777777777778
聪慧,0.5555555555555556,positive,0.5555555555555556
聪敏,0.5555555555555556,positive,0.5555555555555556
聪明,0.5555555555555556,positive,0.5555555555555556
聪明伶俐,0.7777777777777778,positive,0.7777777777777778
聪明才智,0.5555555555555556,positive,0.5555555555555556
聪明智慧,0.5555555555555556,positive,0.5555555555555556
聪明绝顶,0.7777777777777778,positive,0.7777777777777778
聪明过人,0.5555555555555556,positive,0.5555555555555556
聪睿,0.5555555555555556,positive,0.5555555555555556
聪颖,0.5555555555555556,positive,0.5555555555555556
肃然,0.5555555555555556,positive,0.5555555555555556
肃然起敬,0.7777777777777778,positive,0.7777777777777778
肃穆,0.7777777777777778,positive,0.7777777777777778
肃立,0.5555555555555556,positive,0.5555555555555556
肃贪倡廉,0.5555555555555556,positive,0.5555555555555556
肌劈理解,0.5555555555555556,positive,0.5555555555555556
肚才,0.5555555555555556,positive,0.5555555555555556
肝胆,0.5555555555555556,positive,0.5555555555555556
肝胆披沥,1.0,positive,1.0
肝胆楚越,1.0,positive,1.0
肝胆涂地,0.7777777777777778,positive,0.7777777777777778
肝胆照人,1.0,positive,1.0
肝胆相照,0.7777777777777778,positive,0.7777777777777778
肝胆过人,0.3333333333333333,positive,0.3333333333333333
肝脑涂地,0.5555555555555556,positive,0.5555555555555556
肥壮,0.3333333333333333,positive,0.3333333333333333
肥沃,0.5555555555555556,positive,0.5555555555555556
肥甘,0.5555555555555556,positive,0.5555555555555556
肥美,0.5555555555555556,positive,0.5555555555555556
肥腴,0.3333333333333333,positive,0.3333333333333333
肩劳任怨,0.7777777777777778,positive,0.7777777777777778
肩荷,0.1111111111111111,positive,0.1111111111111111
肩负,0.1111111111111111,positive,0.1111111111111111
肯切,0.3333333333333333,positive,0.3333333333333333
肺腑之言,0.5555555555555556,positive,0.5555555555555556
胁不沾席,0.7777777777777778,positive,0.7777777777777778
胆壮心雄,0.5555555555555556,positive,0.5555555555555556
胆壮气粗,0.5555555555555556,positive,0.5555555555555556
胆大,0.1111111111111111,positive,0.1111111111111111
胆大心小,0.5555555555555556,positive,0.5555555555555556
胆大心细,0.5555555555555556,positive,0.5555555555555556
胆大心雄,0.5555555555555556,positive,0.5555555555555556
胆大於身,0.5555555555555556,positive,0.5555555555555556
胆大泼天,0.5555555555555556,positive,0.5555555555555556
胆气,0.5555555555555556,positive,0.5555555555555556
胆略,0.5555555555555556,positive,0.5555555555555556
胆略兼人,0.3333333333333333,positive,0.3333333333333333
胆粗气壮,0.5555555555555556,positive,0.5555555555555556
胆识,0.5555555555555556,positive,0.5555555555555556
背井离乡,0.5555555555555556,positive,0.5555555555555556
背暗投明,0.5555555555555556,positive,0.5555555555555556
背碑覆局,0.5555555555555556,positive,0.5555555555555556
胖墩儿,0.5555555555555556,positive,0.5555555555555556
胖子,0.3333333333333333,positive,0.3333333333333333
胜不骄，败不馁,0.5555555555555556,positive,0.5555555555555556
胜仗,0.3333333333333333,positive,0.3333333333333333
胜任,0.5555555555555556,positive,0.5555555555555556
胜任愉快,0.3333333333333333,positive,0.3333333333333333
胜利果实,0.3333333333333333,positive,0.3333333333333333
胜地,0.5555555555555556,positive,0.5555555555555556
胜境,0.5555555555555556,positive,0.5555555555555556
胜残去杀,0.5555555555555556,positive,0.5555555555555556
胜状,0.5555555555555556,positive,0.5555555555555556
胜迹,0.5555555555555556,positive,0.5555555555555556
胡天胡地,1.0,positive,1.0
胡越同舟,0.5555555555555556,positive,0.5555555555555556
胯下之辱,0.5555555555555556,positive,0.5555555555555556
胸中有数,0.5555555555555556,positive,0.5555555555555556
胸中甲兵,0.7777777777777778,positive,0.7777777777777778
胸怀坦白,0.7777777777777778,positive,0.7777777777777778
胸怀坦荡,1.0,positive,1.0
胸怀祖国，放眼世界,0.8888888888888888,positive,0.8888888888888888
胸无城府,0.5555555555555556,positive,0.5555555555555556
胸无宿物,0.5555555555555556,positive,0.5555555555555556
胸有悬镜,0.7777777777777778,positive,0.7777777777777778
胸有成竹,1.0,positive,1.0
胸有成算,0.5555555555555556,positive,0.5555555555555556
胸有邱壑,0.7777777777777778,positive,0.7777777777777778
能上能下,0.5555555555555556,positive,0.5555555555555556
能事,0.5555555555555556,positive,0.5555555555555556
能人,0.5555555555555556,positive,0.5555555555555556
能伸能屈,0.5555555555555556,positive,0.5555555555555556
能写会算,0.5555555555555556,positive,0.5555555555555556
能屈能伸,0.5555555555555556,positive,0.5555555555555556
能工巧匠,0.5555555555555556,positive,0.5555555555555556
能干,0.5555555555555556,positive,0.5555555555555556
能征惯战,0.3333333333333333,positive,0.3333333333333333
能手,0.5555555555555556,positive,0.5555555555555556
能掐会算,0.5555555555555556,positive,0.5555555555555556
能文能武,0.5555555555555556,positive,0.5555555555555556
能牙利齿,0.5555555555555556,positive,0.5555555555555556
能者多劳,0.5555555555555556,positive,0.5555555555555556
能耐,0.5555555555555556,positive,0.5555555555555556
能言善辩,0.5555555555555556,positive,0.5555555555555556
能言巧辩,0.7777777777777778,positive,0.7777777777777778
能言快语,0.5555555555555556,positive,0.5555555555555556
能言快说,0.5555555555555556,positive,0.5555555555555556
能近取譬,0.5555555555555556,positive,0.5555555555555556
脂膏不润,0.7777777777777778,positive,0.7777777777777778
脂膏莫润,0.5555555555555556,positive,0.5555555555555556
脆亮,0.3333333333333333,positive,0.3333333333333333
脆嫩,0.3333333333333333,positive,0.3333333333333333
脆爽,0.3333333333333333,positive,0.3333333333333333
脆生,0.3333333333333333,positive,0.3333333333333333
脆美,0.3333333333333333,positive,0.3333333333333333
脉脉,0.3333333333333333,positive,0.3333333333333333
脍炙人口,0.5555555555555556,positive,0.5555555555555556
脚踏实地,0.3333333333333333,positive,0.3333333333333333
脱俗,0.7777777777777778,positive,0.7777777777777778
脱口成章,0.5555555555555556,positive,0.5555555555555556
脱口而出,0.6666666666666666,positive,0.6666666666666666
脱天漏网,0.7777777777777778,positive,0.7777777777777778
脱手弹丸,0.7777777777777778,positive,0.7777777777777778
脱胎换骨,0.7777777777777778,positive,0.7777777777777778
脱颖囊锥,0.7777777777777778,positive,0.7777777777777778
脱颖而出,0.7777777777777778,positive,0.7777777777777778
腰缠万贯,0.7777777777777778,positive,0.7777777777777778
腴润,0.5555555555555556,positive,0.5555555555555556
腹中兵甲,0.7777777777777778,positive,0.7777777777777778
腹心相照,1.0,positive,1.0
腹载五车,1.0,positive,1.0
腹饱万言,0.7777777777777778,positive,0.7777777777777778
腾声飞实,1.0,positive,1.0
腾欢,0.5555555555555556,positive,0.5555555555555556
腾焰飞芒,1.0,positive,1.0
腾蛟起凤,1.0,positive,1.0
腾达飞黄,1.0,positive,1.0
膏场绣澮,0.5555555555555556,positive,0.5555555555555556
膏腴,1.0,positive,1.0
膘肥体壮,0.5555555555555556,positive,0.5555555555555556
臣门如市，臣心如水,0.7777777777777778,positive,0.7777777777777778
自主,0.5555555555555556,positive,0.5555555555555556
自信,0.5555555555555556,positive,0.5555555555555556
自信不疑,0.5555555555555556,positive,0.5555555555555556
自出心栽,0.5555555555555556,positive,0.5555555555555556
自出心裁,0.5555555555555556,positive,0.5555555555555556
自出机杼,0.5555555555555556,positive,0.5555555555555556
自力更生,0.5555555555555556,positive,0.5555555555555556
自告奋勇,0.7777777777777778,positive,0.7777777777777778
自圆其说,0.6666666666666666,positive,0.6666666666666666
自如,0.5555555555555556,positive,0.5555555555555556
自始至终,0.3333333333333333,positive,0.3333333333333333
自尊,0.5555555555555556,positive,0.5555555555555556
自强,0.7777777777777778,positive,0.7777777777777778
自强不息,0.7777777777777778,positive,0.7777777777777778
自得其乐,0.7777777777777778,positive,0.7777777777777778
自成一家,0.5555555555555556,positive,0.5555555555555556
自我作故,0.3333333333333333,positive,0.3333333333333333
自我陶醉,0.7777777777777778,positive,0.7777777777777778
自拔来归,0.5555555555555556,positive,0.5555555555555556
自求多福,0.6666666666666666,positive,0.6666666666666666
自知之明,0.3333333333333333,positive,0.3333333333333333
自若,0.3333333333333333,positive,0.3333333333333333
自觉,0.5555555555555556,positive,0.5555555555555556
自豪,0.5555555555555556,positive,0.5555555555555556
自重,0.3333333333333333,positive,0.3333333333333333
自食其力,0.7777777777777778,positive,0.7777777777777778
至上,0.5555555555555556,positive,0.5555555555555556
至交,0.7777777777777778,positive,0.7777777777777778
至友,0.5555555555555556,positive,0.5555555555555556
至品,0.7777777777777778,positive,0.7777777777777778
至圣至明,0.5555555555555556,positive,0.5555555555555556
至大至刚,0.7777777777777778,positive,0.7777777777777778
至宝,0.7777777777777778,positive,0.7777777777777778
至尊,1.0,positive,1.0
至尊至贵,1.0,positive,1.0
至当,0.5555555555555556,positive,0.5555555555555556
至性,0.5555555555555556,positive,0.5555555555555556
至死不变,0.7777777777777778,positive,0.7777777777777778
至理,0.7777777777777778,positive,0.7777777777777778
至理名言,0.7777777777777778,positive,0.7777777777777778
至言,0.7777777777777778,positive,0.7777777777777778
至诚,0.5555555555555556,positive,0.5555555555555556
至高无上,1.0,positive,1.0
致力,0.5555555555555556,positive,0.5555555555555556
致敬,0.5555555555555556,positive,0.5555555555555556
致谢,0.3333333333333333,positive,0.3333333333333333
致贺,0.5555555555555556,positive,0.5555555555555556
舆死扶伤,0.7777777777777778,positive,0.7777777777777778
舌战,0.1111111111111111,positive,0.1111111111111111
舍亲,0.3333333333333333,positive,0.3333333333333333
舍命,0.5555555555555556,positive,0.5555555555555556
舍己为人,0.5555555555555556,positive,0.5555555555555556
舍己为公,0.7777777777777778,positive,0.7777777777777778
舍己从人,0.7777777777777778,positive,0.7777777777777778
舍己救人,0.5555555555555556,positive,0.5555555555555556
舍已救人,0.7777777777777778,positive,0.7777777777777778
舍得一身剐，敢把皇帝拉下马,1.0,positive,1.0
舍我其谁,0.5555555555555556,positive,0.5555555555555556
舍死忘生,1.0,positive,1.0
舍生取义,1.0,positive,1.0
舍生存义,1.0,positive,1.0
舍生忘死,0.7777777777777778,positive,0.7777777777777778
舍策追羊,0.5555555555555556,positive,0.5555555555555556
舍身,0.5555555555555556,positive,0.5555555555555556
舍身为国,0.7777777777777778,positive,0.7777777777777778
舍身图报,0.5555555555555556,positive,0.5555555555555556
舍身求法,0.7777777777777778,positive,0.7777777777777778
舍间,0.3333333333333333,positive,0.3333333333333333
舐犊情深,0.7777777777777778,positive,0.7777777777777778
舒坦,0.3333333333333333,positive,0.3333333333333333
舒展,0.5555555555555556,positive,0.5555555555555556
舒心,0.3333333333333333,positive,0.3333333333333333
舒快,0.5555555555555556,positive,0.5555555555555556
舒意,0.5555555555555556,positive,0.5555555555555556
舒爽,0.5555555555555556,positive,0.5555555555555556
舒缓,0.3333333333333333,positive,0.3333333333333333
舒舒服服,0.5555555555555556,positive,0.5555555555555556
舒适,0.3333333333333333,positive,0.3333333333333333
舜日尧年,0.5555555555555556,positive,0.5555555555555556
般若,0.5555555555555556,positive,0.5555555555555556
般配,0.5555555555555556,positive,0.5555555555555556
良人,0.5555555555555556,positive,0.5555555555555556
良善,0.5555555555555556,positive,0.5555555555555556
良好,0.5555555555555556,positive,0.5555555555555556
良宵,0.5555555555555556,positive,0.5555555555555556
良家,0.5555555555555556,positive,0.5555555555555556
良工巧匠,0.5555555555555556,positive,0.5555555555555556
良师益友,0.5555555555555556,positive,0.5555555555555556
良机,0.5555555555555556,positive,0.5555555555555556
良种,0.5555555555555556,positive,0.5555555555555556
良种繁育,0.5555555555555556,positive,0.5555555555555556
良药,0.5555555555555556,positive,0.5555555555555556
良辰美景,1.0,positive,1.0
良金美玉,0.8888888888888888,positive,0.8888888888888888
艰苦卓绝,0.7777777777777778,positive,0.7777777777777778
艰苦朴素,0.5555555555555556,positive,0.5555555555555556
艰贞,0.7777777777777778,positive,0.7777777777777778
色授魂与,0.7777777777777778,positive,0.7777777777777778
艳丽,0.3333333333333333,positive,0.3333333333333333
艳冶,0.5555555555555556,positive,0.5555555555555556
艳称,0.5555555555555556,positive,0.5555555555555556
艳紫妖红,0.5555555555555556,positive,0.5555555555555556
艳美,0.5555555555555556,positive,0.5555555555555556
艳羡,0.5555555555555556,positive,0.5555555555555556
艳阳天,0.5555555555555556,positive,0.5555555555555556
艺术家,0.3333333333333333,positive,0.3333333333333333
艺术性,1.0,positive,1.0
艺高胆大,0.5555555555555556,positive,0.5555555555555556
节俭,0.5555555555555556,positive,0.5555555555555556
节俭力行,0.7777777777777778,positive,0.7777777777777778
节操,0.7777777777777778,positive,0.7777777777777778
节烈,0.5555555555555556,positive,0.5555555555555556
节用厚生,0.7777777777777778,positive,0.7777777777777778
节用爱人,0.5555555555555556,positive,0.5555555555555556
节用裕民,0.7777777777777778,positive,0.7777777777777778
节约,0.5555555555555556,positive,0.5555555555555556
节能,0.3333333333333333,positive,0.3333333333333333
节节,0.5555555555555556,positive,0.5555555555555556
节节胜利,0.5555555555555556,positive,0.5555555555555556
节衣缩食,0.5555555555555556,positive,0.5555555555555556
芊眠,0.3333333333333333,positive,0.3333333333333333
芊绵,0.3333333333333333,positive,0.3333333333333333
芊芊,0.5555555555555556,positive,0.5555555555555556
芝兰,0.7777777777777778,positive,0.7777777777777778
芝兰之室,0.7777777777777778,positive,0.7777777777777778
芝兰玉树,0.3333333333333333,positive,0.3333333333333333
芝焚蕙叹,0.5555555555555556,positive,0.5555555555555556
芬芳,0.3333333333333333,positive,0.3333333333333333
芬芳馥郁,0.3333333333333333,positive,0.3333333333333333
芬香,0.3333333333333333,positive,0.3333333333333333
花团锦簇,0.5555555555555556,positive,0.5555555555555556
花好月圆,0.5555555555555556,positive,0.5555555555555556
花容月貌,0.5555555555555556,positive,0.5555555555555556
花容玉貌,0.7777777777777778,positive,0.7777777777777778
花朝月夕,0.5555555555555556,positive,0.5555555555555556
花朵,0.3333333333333333,positive,0.3333333333333333
花红柳绿,0.5555555555555556,positive,0.5555555555555556
花花世界,0.3333333333333333,positive,0.3333333333333333
花花绿绿,0.5555555555555556,positive,0.5555555555555556
花香鸟语,0.7777777777777778,positive,0.7777777777777778
花魁,0.7777777777777778,positive,0.7777777777777778
芳兰竞体,0.5555555555555556,positive,0.5555555555555556
芳名,0.5555555555555556,positive,0.5555555555555556
芳姿,0.3333333333333333,positive,0.3333333333333333
芳容,0.5555555555555556,positive,0.5555555555555556
芳心,0.3333333333333333,positive,0.3333333333333333
芳泽,0.3333333333333333,positive,0.3333333333333333
芳烈,0.5555555555555556,positive,0.5555555555555556
芳菲,0.3333333333333333,positive,0.3333333333333333
芳邻,0.5555555555555556,positive,0.5555555555555556
芳醇,0.3333333333333333,positive,0.3333333333333333
芳馨,0.3333333333333333,positive,0.3333333333333333
芳龄,0.3333333333333333,positive,0.3333333333333333
苌弘碧血,1.0,positive,1.0
苍绿,0.3333333333333333,positive,0.3333333333333333
苍翠,0.3333333333333333,positive,0.3333333333333333
苍翠欲滴,0.7777777777777778,positive,0.7777777777777778
苍茫,0.3333333333333333,positive,0.3333333333333333
苍郁,0.3333333333333333,positive,0.3333333333333333
苏气,0.1111111111111111,positive,0.1111111111111111
苗条,0.5555555555555556,positive,0.5555555555555556
若无其事,0.3333333333333333,positive,0.3333333333333333
苦中作乐,0.3333333333333333,positive,0.3333333333333333
苦境,0.7777777777777778,positive,0.7777777777777778
苦尽甘来,0.5555555555555556,positive,0.5555555555555556
苦心,0.5555555555555556,positive,0.5555555555555556
苦心孤诣,0.7777777777777778,positive,0.7777777777777778
英伟,0.5555555555555556,positive,0.5555555555555556
英俊,0.5555555555555556,positive,0.5555555555555556
英勇,0.5555555555555556,positive,0.5555555555555556
英华,0.7777777777777778,positive,0.7777777777777778
英发,0.5555555555555556,positive,0.5555555555555556
英名,0.5555555555555556,positive,0.5555555555555556
英姿,0.7777777777777778,positive,0.7777777777777778
英姿焕发,0.7777777777777778,positive,0.7777777777777778
英姿飒爽,1.0,positive,1.0
英才,0.5555555555555556,positive,0.5555555555555556
英才盖世,1.0,positive,1.0
英挺,0.5555555555555556,positive,0.5555555555555556
英明,0.7777777777777778,positive,0.7777777777777778
英杰,0.7777777777777778,positive,0.7777777777777778
英模,0.5555555555555556,positive,0.5555555555555556
英次飒爽,0.7777777777777778,positive,0.7777777777777778
英武,0.7777777777777778,positive,0.7777777777777778
英气,0.5555555555555556,positive,0.5555555555555556
英灵,0.5555555555555556,positive,0.5555555555555556
英烈,0.5555555555555556,positive,0.5555555555555556
英爽,0.5555555555555556,positive,0.5555555555555556
英秀,0.5555555555555556,positive,0.5555555555555556
英豪,0.7777777777777778,positive,0.7777777777777778
英雄,0.7777777777777778,positive,0.7777777777777778
英雄好汉,0.7777777777777778,positive,0.7777777777777778
英雄所见略同,0.7777777777777778,positive,0.7777777777777778
英雄所见略同　,0.7777777777777778,positive,0.7777777777777778
英雄汉,0.7777777777777778,positive,0.7777777777777778
英雄豪杰,0.7777777777777778,positive,0.7777777777777778
英风,0.5555555555555556,positive,0.5555555555555556
英魂,0.7777777777777778,positive,0.7777777777777778
茁壮,0.5555555555555556,positive,0.5555555555555556
茂密,0.3333333333333333,positive,0.3333333333333333
茂林修竹,0.5555555555555556,positive,0.5555555555555556
茂盛,0.5555555555555556,positive,0.5555555555555556
范例,0.5555555555555556,positive,0.5555555555555556
范文,0.5555555555555556,positive,0.5555555555555556
范本,0.5555555555555556,positive,0.5555555555555556
茅塞顿开,0.5555555555555556,positive,0.5555555555555556
茏葱,0.3333333333333333,positive,0.3333333333333333
茵茵,0.5555555555555556,positive,0.5555555555555556
荆山之玉,0.7777777777777778,positive,0.7777777777777778
草圣,1.0,positive,1.0
草木知威,0.7777777777777778,positive,0.7777777777777778
草长莺飞,0.7777777777777778,positive,0.7777777777777778
荐举,0.7777777777777778,positive,0.7777777777777778
荟萃,0.5555555555555556,positive,0.5555555555555556
荡气回肠,0.7777777777777778,positive,0.7777777777777778
荣任,0.5555555555555556,positive,0.5555555555555556
荣军,0.7777777777777778,positive,0.7777777777777778
荣升,0.5555555555555556,positive,0.5555555555555556
荣华,0.7777777777777778,positive,0.7777777777777778
荣华富贵,0.5555555555555556,positive,0.5555555555555556
荣名,0.5555555555555556,positive,0.5555555555555556
荣宗耀祖,0.5555555555555556,positive,0.5555555555555556
荣幸,0.5555555555555556,positive,0.5555555555555556
荣归,0.7777777777777778,positive,0.7777777777777778
荣登,0.5555555555555556,positive,0.5555555555555556
荣耀,1.0,positive,1.0
荣膺,0.5555555555555556,positive,0.5555555555555556
荣获,0.5555555555555556,positive,0.5555555555555556
荣誉军人,0.7777777777777778,positive,0.7777777777777778
荣谐伉俪,0.5555555555555556,positive,0.5555555555555556
荣辱,0.5555555555555556,positive,0.5555555555555556
荩臣,0.7777777777777778,positive,0.7777777777777778
荫庇,0.3333333333333333,positive,0.3333333333333333
药到病除,1.0,positive,1.0
药石之言,0.7777777777777778,positive,0.7777777777777778
药笼中物,0.7777777777777778,positive,0.7777777777777778
莫测高深,0.5555555555555556,positive,0.5555555555555556
莫逆,0.7777777777777778,positive,0.7777777777777778
莫逆之交,0.3333333333333333,positive,0.3333333333333333
获得,0.3333333333333333,positive,0.3333333333333333
莹洁,0.3333333333333333,positive,0.3333333333333333
莹润,0.3333333333333333,positive,0.3333333333333333
莹澈,0.3333333333333333,positive,0.3333333333333333
莹然,0.3333333333333333,positive,0.3333333333333333
莹白,0.3333333333333333,positive,0.3333333333333333
莹莹,0.3333333333333333,positive,0.3333333333333333
莺俦燕侣,0.5555555555555556,positive,0.5555555555555556
莺啼燕语,0.7777777777777778,positive,0.7777777777777778
莺歌燕舞,1.0,positive,1.0
菠萝蜜,0.5555555555555556,positive,0.5555555555555556
菩萨低眉,0.5555555555555556,positive,0.5555555555555556
菲菲,0.1111111111111111,positive,0.1111111111111111
菲食薄衣,0.3333333333333333,positive,0.3333333333333333
菽水承欢,0.5555555555555556,positive,0.5555555555555556
萋萋,0.6666666666666666,positive,0.6666666666666666
萧曹避席,1.0,positive,1.0
萨噶达娃节,0.5555555555555556,positive,0.5555555555555556
落忍,0.5555555555555556,positive,0.5555555555555556
落落大方,0.5555555555555556,positive,0.5555555555555556
著作,0.7777777777777778,positive,0.7777777777777778
著作等身,0.5555555555555556,positive,0.5555555555555556
著名,0.3333333333333333,positive,0.3333333333333333
著称,0.3333333333333333,positive,0.3333333333333333
葬身,0.5555555555555556,positive,0.5555555555555556
葱白,0.7777777777777778,positive,0.7777777777777778
葱笼,0.3333333333333333,positive,0.3333333333333333
葱绿,0.3333333333333333,positive,0.3333333333333333
葱茂,0.3333333333333333,positive,0.3333333333333333
葱茏,0.1111111111111111,positive,0.1111111111111111
葱郁,0.3333333333333333,positive,0.3333333333333333
蒲柳,0.5555555555555556,positive,0.5555555555555556
蒲鞭示辱,0.3333333333333333,positive,0.3333333333333333
蒸蒸日上,1.0,positive,1.0
蓊勃,0.5555555555555556,positive,0.5555555555555556
蓊郁,0.5555555555555556,positive,0.5555555555555556
蓝天生玉,0.3333333333333333,positive,0.3333333333333333
蓬勃,0.5555555555555556,positive,0.5555555555555556
蓬勃向上,0.5555555555555556,positive,0.5555555555555556
蓬生麻中，不扶自直,0.5555555555555556,positive,0.5555555555555556
蓬茸,0.6666666666666666,positive,0.6666666666666666
蓬荜生辉　,0.7777777777777778,positive,0.7777777777777778
蓬蓬勃勃,0.5555555555555556,positive,0.5555555555555556
蔚成风气,0.5555555555555556,positive,0.5555555555555556
蔚然,0.3333333333333333,positive,0.3333333333333333
蔼如,0.3333333333333333,positive,0.3333333333333333
蔼然,0.3333333333333333,positive,0.3333333333333333
蔼然仁者,0.5555555555555556,positive,0.5555555555555556
蔼然可亲,0.5555555555555556,positive,0.5555555555555556
蕙心纨质,0.6666666666666666,positive,0.6666666666666666
蕙质兰心,1.0,positive,1.0
薪火相传,0.3333333333333333,positive,0.3333333333333333
藏器待时,0.5555555555555556,positive,0.5555555555555556
藏龙卧虎,0.5555555555555556,positive,0.5555555555555556
藕断丝连,0.8888888888888888,positive,0.8888888888888888
虎劲,0.3333333333333333,positive,0.3333333333333333
虎势,0.5555555555555556,positive,0.5555555555555556
虎头虎脑,0.5555555555555556,positive,0.5555555555555556
虎威,0.5555555555555556,positive,0.5555555555555556
虎彪彪,0.5555555555555556,positive,0.5555555555555556
虎背熊腰,0.1111111111111111,positive,0.1111111111111111
虎虎,0.3333333333333333,positive,0.3333333333333333
虎虎生气,0.7777777777777778,positive,0.7777777777777778
虎贲,0.7777777777777778,positive,0.7777777777777778
虎踞龙蟠,1.0,positive,1.0
虔心,0.5555555555555556,positive,0.5555555555555556
虔敬,0.5555555555555556,positive,0.5555555555555556
虔诚,0.7777777777777778,positive,0.7777777777777778
虚左以待,0.5555555555555556,positive,0.5555555555555556
虚己受人,0.3333333333333333,positive,0.3333333333333333
虚心,0.5555555555555556,positive,0.5555555555555556
虚怀若谷,0.7777777777777778,positive,0.7777777777777778
蛟龙得水,1.0,positive,1.0
蜂目豺声,0.7777777777777778,positive,0.7777777777777778
蜚声,0.7777777777777778,positive,0.7777777777777778
蝶粉蜂黄,0.7777777777777778,positive,0.7777777777777778
融会贯通,0.7777777777777778,positive,0.7777777777777778
融融,0.4444444444444444,positive,0.4444444444444444
螓首妮眉,0.7777777777777778,positive,0.7777777777777778
螽斯衍庆,0.5555555555555556,positive,0.5555555555555556
螽斯衍庆　,0.7777777777777778,positive,0.7777777777777778
血性,0.7777777777777778,positive,0.7777777777777778
血性汉子,0.3333333333333333,positive,0.3333333333333333
血肉相连,0.7777777777777778,positive,0.7777777777777778
行不更名，坐不改姓,0.5555555555555556,positive,0.5555555555555556
行不由径,0.7777777777777778,positive,0.7777777777777778
行不苟合,0.7777777777777778,positive,0.7777777777777778
行之有效,1.0,positive,1.0
行云流水,1.0,positive,1.0
行侠好义,0.5555555555555556,positive,0.5555555555555556
行善,0.5555555555555556,positive,0.5555555555555556
行家,0.3333333333333333,positive,0.3333333333333333
行者让路,0.5555555555555556,positive,0.5555555555555556
行若无事,0.5555555555555556,positive,0.5555555555555556
衔华佩实,0.7777777777777778,positive,0.7777777777777778
衔沙填海,0.5555555555555556,positive,0.5555555555555556
衔石填海,0.5555555555555556,positive,0.5555555555555556
衙官屈宋,0.7777777777777778,positive,0.7777777777777778
衡石程书,0.5555555555555556,positive,0.5555555555555556
衡石量书,0.7777777777777778,positive,0.7777777777777778
衣不解带,0.5555555555555556,positive,0.5555555555555556
衣冠楚楚,1.0,positive,1.0
衣被群生,0.7777777777777778,positive,0.7777777777777778
衣轻乘肥,0.3333333333333333,positive,0.3333333333333333
衣香鬓影,0.5555555555555556,positive,0.5555555555555556
补偏救弊,0.5555555555555556,positive,0.5555555555555556
补天浴日,1.0,positive,1.0
补情,0.7777777777777778,positive,0.7777777777777778
补益,0.7777777777777778,positive,0.7777777777777778
表彰,0.5555555555555556,positive,0.5555555555555556
表扬,0.5555555555555556,positive,0.5555555555555556
表演艺术,0.7777777777777778,positive,0.7777777777777778
表率,0.5555555555555556,positive,0.5555555555555556
表白,0.3333333333333333,positive,0.3333333333333333
表里一致,0.5555555555555556,positive,0.5555555555555556
表里如一,0.5555555555555556,positive,0.5555555555555556
衰多益寡,0.5555555555555556,positive,0.5555555555555556
衷心,0.7777777777777778,positive,0.7777777777777778
衷情,0.7777777777777778,positive,0.7777777777777778
衷肠,0.7777777777777778,positive,0.7777777777777778
衾影无惭,0.7777777777777778,positive,0.7777777777777778
衾影无愧,0.5555555555555556,positive,0.5555555555555556
袁安高卧,0.5555555555555556,positive,0.5555555555555556
袅娜,0.5555555555555556,positive,0.5555555555555556
袅袅婷婷,0.5555555555555556,positive,0.5555555555555556
袍泽,0.7777777777777778,positive,0.7777777777777778
被褐怀玉,0.5555555555555556,positive,0.5555555555555556
装帧,0.7777777777777778,positive,0.7777777777777778
装璜,0.7777777777777778,positive,0.7777777777777778
装饰,0.7777777777777778,positive,0.7777777777777778
裕如,0.7777777777777778,positive,0.7777777777777778
裨益,0.3333333333333333,positive,0.3333333333333333
褎然举首,0.7777777777777778,positive,0.7777777777777778
褒善贬恶,0.7777777777777778,positive,0.7777777777777778
褒奖,0.7777777777777778,positive,0.7777777777777778
褒扬,0.7777777777777778,positive,0.7777777777777778
褒美,0.7777777777777778,positive,0.7777777777777778
褒誉,0.7777777777777778,positive,0.7777777777777778
襟怀,0.5555555555555556,positive,0.5555555555555556
襟怀坦白,1.0,positive,1.0
西施,0.7777777777777778,positive,0.7777777777777778
要好,0.5555555555555556,positive,0.5555555555555556
要而言之,0.8888888888888888,positive,0.8888888888888888
要言不烦,0.7777777777777778,positive,0.7777777777777778
要言妙道,0.7777777777777778,positive,0.7777777777777778
见义勇为,0.7777777777777778,positive,0.7777777777777778
见义当为,0.5555555555555556,positive,0.5555555555555556
见义必为,0.5555555555555556,positive,0.5555555555555556
见义敢为,0.5555555555555556,positive,0.5555555555555556
见兔放鹰,0.5555555555555556,positive,0.5555555555555556
见几而作,0.5555555555555556,positive,0.5555555555555556
见利思义,0.5555555555555556,positive,0.5555555555555556
见危授命,0.5555555555555556,positive,0.5555555555555556
见危致命,0.5555555555555556,positive,0.5555555555555556
见可而进,0.1111111111111111,positive,0.1111111111111111
见告,0.3333333333333333,positive,0.3333333333333333
见地,0.7777777777777778,positive,0.7777777777777778
见多识广,0.5555555555555556,positive,0.5555555555555556
见好,0.5555555555555556,positive,0.5555555555555556
见微知萌,0.5555555555555556,positive,0.5555555555555556
见微知著,0.5555555555555556,positive,0.5555555555555556
见德思齐,0.5555555555555556,positive,0.5555555555555556
见怪不怪,0.3333333333333333,positive,0.3333333333333333
见惠,0.3333333333333333,positive,0.3333333333333333
见效,0.5555555555555556,positive,0.5555555555555556
见机行事,0.5555555555555556,positive,0.5555555555555556
见溺不救,0.5555555555555556,positive,0.5555555555555556
见爱,0.7777777777777778,positive,0.7777777777777778
见猎心喜,0.7777777777777778,positive,0.7777777777777778
见称,0.7777777777777778,positive,0.7777777777777778
见精识精,0.5555555555555556,positive,0.5555555555555556
见素抱朴,0.5555555555555556,positive,0.5555555555555556
见经识经,0.5555555555555556,positive,0.5555555555555556
见缝插针,0.5555555555555556,positive,0.5555555555555556
见解,0.5555555555555556,positive,0.5555555555555556
见访,0.3333333333333333,positive,0.3333333333333333
见识,0.5555555555555556,positive,0.5555555555555556
见贤思齐,0.7777777777777778,positive,0.7777777777777778
见长,0.7777777777777778,positive,0.7777777777777778
见闻,0.1111111111111111,positive,0.1111111111111111
观于海者难为水,0.5555555555555556,positive,0.5555555555555556
观化听风,0.5555555555555556,positive,0.5555555555555556
观摩,0.5555555555555556,positive,0.5555555555555556
观止,1.0,positive,1.0
观赏,0.3333333333333333,positive,0.3333333333333333
观隅反三,0.5555555555555556,positive,0.5555555555555556
规整,0.5555555555555556,positive,0.5555555555555556
规范,0.5555555555555556,positive,0.5555555555555556
规言矩步,0.3333333333333333,positive,0.3333333333333333
规贤矩圣,0.5555555555555556,positive,0.5555555555555556
规重矩叠,0.5555555555555556,positive,0.5555555555555556
视下如伤,0.5555555555555556,positive,0.5555555555555556
视人如伤,0.5555555555555556,positive,0.5555555555555556
视人如子,0.5555555555555556,positive,0.5555555555555556
视同拱璧,0.5555555555555556,positive,0.5555555555555556
视如珍宝,0.7777777777777778,positive,0.7777777777777778
视微知著,0.5555555555555556,positive,0.5555555555555556
视死如归,0.7777777777777778,positive,0.7777777777777778
视死如生,0.5555555555555556,positive,0.5555555555555556
视死如饴,0.5555555555555556,positive,0.5555555555555556
视死犹归,0.5555555555555556,positive,0.5555555555555556
视死若归,0.5555555555555556,positive,0.5555555555555556
视死若生,0.5555555555555556,positive,0.5555555555555556
视民如伤,0.3333333333333333,positive,0.3333333333333333
视民如子,0.5555555555555556,positive,0.5555555555555556
视险若夷,0.5555555555555556,positive,0.5555555555555556
览闻辩见,0.7777777777777778,positive,0.7777777777777778
解人,0.5555555555555556,positive,0.5555555555555556
解剑拜仇,0.5555555555555556,positive,0.5555555555555556
解囊,0.5555555555555556,positive,0.5555555555555556
解围,0.5555555555555556,positive,0.5555555555555556
解惑,0.3333333333333333,positive,0.3333333333333333
解扣儿,0.3333333333333333,positive,0.3333333333333333
解放,0.7777777777777778,positive,0.7777777777777778
解放战争,0.3333333333333333,positive,0.3333333333333333
解救,0.5555555555555556,positive,0.5555555555555556
解民倒悬,0.5555555555555556,positive,0.5555555555555556
解渴,0.3333333333333333,positive,0.3333333333333333
解纷排难,0.5555555555555556,positive,0.5555555555555556
解衣推食,0.7777777777777778,positive,0.7777777777777778
解衣槃磅,0.5555555555555556,positive,0.5555555555555556
解衣盘礴,0.5555555555555556,positive,0.5555555555555556
解衣磅礴,0.5555555555555556,positive,0.5555555555555556
解衣般礴,0.5555555555555556,positive,0.5555555555555556
解语花,0.3333333333333333,positive,0.3333333333333333
解黏去缚,0.5555555555555556,positive,0.5555555555555556
觥觥,0.4444444444444444,positive,0.4444444444444444
触类旁通,0.1111111111111111,positive,0.1111111111111111
言之凿凿,0.5555555555555556,positive,0.5555555555555556
言之成理,1.0,positive,1.0
言之有物,0.3333333333333333,positive,0.3333333333333333
言之有理,0.3333333333333333,positive,0.3333333333333333
言出法随,0.3333333333333333,positive,0.3333333333333333
言听行从,0.7777777777777778,positive,0.7777777777777778
言必有中,0.5555555555555556,positive,0.5555555555555556
言必行，行必果,1.0,positive,1.0
言来语去,0.7777777777777778,positive,0.7777777777777778
言犹在耳,0.3333333333333333,positive,0.3333333333333333
言笑自若,0.7777777777777778,positive,0.7777777777777778
言简义丰,0.7777777777777778,positive,0.7777777777777778
言简意赅,1.0,positive,1.0
言者无罪，闻者足戒,0.3333333333333333,positive,0.3333333333333333
言而不渝,0.7777777777777778,positive,0.7777777777777778
言而有信,0.7777777777777778,positive,0.7777777777777778
言芳行洁,0.7777777777777778,positive,0.7777777777777778
言论风生,0.7777777777777778,positive,0.7777777777777778
言语妙天下,0.7777777777777778,positive,0.7777777777777778
言语流利,1.0,positive,1.0
言谈林薮,0.5555555555555556,positive,0.5555555555555556
言近指远,0.7777777777777778,positive,0.7777777777777778
誓以皦日,0.5555555555555556,positive,0.5555555555555556
誓同生死,0.5555555555555556,positive,0.5555555555555556
誓愿,0.7777777777777778,positive,0.7777777777777778
誓死不二,0.7777777777777778,positive,0.7777777777777778
誓死不屈,0.5555555555555556,positive,0.5555555555555556
誓死不渝,0.5555555555555556,positive,0.5555555555555556
誓死不贰,0.5555555555555556,positive,0.5555555555555556
誓海盟山,0.7777777777777778,positive,0.7777777777777778
誓约,1.0,positive,1.0
警切,0.3333333333333333,positive,0.3333333333333333
警句,0.3333333333333333,positive,0.3333333333333333
警悟,0.3333333333333333,positive,0.3333333333333333
警愦觉聋,0.5555555555555556,positive,0.5555555555555556
警省,0.1111111111111111,positive,0.1111111111111111
警觉,0.3333333333333333,positive,0.3333333333333333
警辟,0.5555555555555556,positive,0.5555555555555556
警醒,0.1111111111111111,positive,0.1111111111111111
计出万全,0.3333333333333333,positive,0.3333333333333333
计斗负才,0.7777777777777778,positive,0.7777777777777778
计日程功,0.7777777777777778,positive,0.7777777777777778
计深虑远,0.5555555555555556,positive,0.5555555555555556
计行言听,0.7777777777777778,positive,0.7777777777777778
计过自讼,0.5555555555555556,positive,0.5555555555555556
订婚,1.0,positive,1.0
认帐,0.7777777777777778,positive,0.7777777777777778
认真,0.5555555555555556,positive,0.5555555555555556
认认真真,0.5555555555555556,positive,0.5555555555555556
认错,0.5555555555555556,positive,0.5555555555555556
讨俏,0.5555555555555556,positive,0.5555555555555556
讨恶翦暴,0.7777777777777778,positive,0.7777777777777778
讨教,0.3333333333333333,positive,0.3333333333333333
讨类知原,0.3333333333333333,positive,0.3333333333333333
让位,0.7777777777777778,positive,0.7777777777777778
让座,0.7777777777777778,positive,0.7777777777777778
让枣推梨,0.3333333333333333,positive,0.3333333333333333
让路,0.7777777777777778,positive,0.7777777777777778
让逸竞劳,0.5555555555555556,positive,0.5555555555555556
训练有素,1.0,positive,1.0
训练良好,1.0,positive,1.0
讲信修睦,0.5555555555555556,positive,0.5555555555555556
讲文张字,0.5555555555555556,positive,0.5555555555555556
讲求,0.5555555555555556,positive,0.5555555555555556
讲理,0.1111111111111111,positive,0.1111111111111111
讲礼貌,0.3333333333333333,positive,0.3333333333333333
讲究,0.7777777777777778,positive,0.7777777777777778
讳树数马,0.5555555555555556,positive,0.5555555555555556
讴歌,0.7777777777777778,positive,0.7777777777777778
讷言敏行,0.7777777777777778,positive,0.7777777777777778
论德使能,0.1111111111111111,positive,0.1111111111111111
论议风生,0.3333333333333333,positive,0.3333333333333333
论辩风生,0.3333333333333333,positive,0.3333333333333333
论道经邦,1.0,positive,1.0
讽一劝百,0.8888888888888888,positive,0.8888888888888888
讽德诵功,0.5555555555555556,positive,0.5555555555555556
设备齐全,0.3333333333333333,positive,0.3333333333333333
设身处地,0.3333333333333333,positive,0.3333333333333333
识变从宜,0.5555555555555556,positive,0.5555555555555556
识字知书,0.5555555555555556,positive,0.5555555555555556
识微知著,0.7777777777777778,positive,0.7777777777777778
识微见几,0.5555555555555556,positive,0.5555555555555556
识微见远,0.5555555555555556,positive,0.5555555555555556
识才尊贤,0.5555555555555556,positive,0.5555555555555556
识文断字,0.5555555555555556,positive,0.5555555555555556
识文谈字,0.5555555555555556,positive,0.5555555555555556
识时达务,0.5555555555555556,positive,0.5555555555555556
识时达变,0.5555555555555556,positive,0.5555555555555556
识明智审,0.5555555555555556,positive,0.5555555555555556
识涂老马,0.5555555555555556,positive,0.5555555555555556
识相,0.5555555555555556,positive,0.5555555555555556
识礼知书,0.5555555555555556,positive,0.5555555555555556
识荆,0.5555555555555556,positive,0.5555555555555556
识见,0.5555555555555556,positive,0.5555555555555556
识趣,0.5555555555555556,positive,0.5555555555555556
识途老马,0.5555555555555556,positive,0.5555555555555556
词穷理极,0.3333333333333333,positive,0.3333333333333333
试看,0.5555555555555556,positive,0.5555555555555556
试金石,0.7777777777777778,positive,0.7777777777777778
诗云子曰,0.5555555555555556,positive,0.5555555555555556
诗仙,0.7777777777777778,positive,0.7777777777777778
诗圣,0.7777777777777778,positive,0.7777777777777778
诗情画意,0.5555555555555556,positive,0.5555555555555556
诗意,0.5555555555555556,positive,0.5555555555555556
诗礼之家,0.5555555555555556,positive,0.5555555555555556
诗篇,0.5555555555555556,positive,0.5555555555555556
诗豪,0.7777777777777778,positive,0.7777777777777778
诚实,0.5555555555555556,positive,0.5555555555555556
诚心,0.3333333333333333,positive,0.3333333333333333
诚恳,0.5555555555555556,positive,0.5555555555555556
诚意,0.7777777777777778,positive,0.7777777777777778
诚意正心,0.3333333333333333,positive,0.3333333333333333
诚挚,0.5555555555555556,positive,0.5555555555555556
诚服,0.5555555555555556,positive,0.5555555555555556
诚朴,0.5555555555555556,positive,0.5555555555555556
诚笃,0.5555555555555556,positive,0.5555555555555556
诛故贳误,0.5555555555555556,positive,0.5555555555555556
询于刍荛,0.5555555555555556,positive,0.5555555555555556
询谋佥同,0.5555555555555556,positive,0.5555555555555556
诤友,0.3333333333333333,positive,0.3333333333333333
诤言,0.7777777777777778,positive,0.7777777777777778
诤谏,0.7777777777777778,positive,0.7777777777777778
详备,0.3333333333333333,positive,0.3333333333333333
详实,0.3333333333333333,positive,0.3333333333333333
详密,0.3333333333333333,positive,0.3333333333333333
详尽,0.5555555555555556,positive,0.5555555555555556
详细,0.5555555555555556,positive,0.5555555555555556
语出月胁,0.7777777777777778,positive,0.7777777777777778
语妙天下,0.7777777777777778,positive,0.7777777777777778
语妙绝伦,0.7777777777777778,positive,0.7777777777777778
语简意赅,0.7777777777777778,positive,0.7777777777777778
语近指远,0.5555555555555556,positive,0.5555555555555556
语重心沉,0.7777777777777778,positive,0.7777777777777778
语重心长,0.7777777777777778,positive,0.7777777777777778
语重情深,0.7777777777777778,positive,0.7777777777777778
语长心重,0.5555555555555556,positive,0.5555555555555556
诲人不倦,0.5555555555555556,positive,0.5555555555555556
诲人不惓,0.7777777777777778,positive,0.7777777777777778
说一不二,0.7777777777777778,positive,0.7777777777777778
说一是一,0.6666666666666666,positive,0.6666666666666666
说一是一，说二是二,0.5555555555555556,positive,0.5555555555555556
说笑自若,1.0,positive,1.0
请命,0.7777777777777778,positive,0.7777777777777778
请教,0.3333333333333333,positive,0.3333333333333333
请缨,0.7777777777777778,positive,0.7777777777777778
诸位,0.5555555555555556,positive,0.5555555555555556
读书君子,0.5555555555555556,positive,0.5555555555555556
调侃,0.3333333333333333,positive,0.3333333333333333
调和鼎鼐,0.7777777777777778,positive,0.7777777777777778
调谐,0.3333333333333333,positive,0.3333333333333333
谆谆,0.5555555555555556,positive,0.5555555555555556
谆谆不倦,0.5555555555555556,positive,0.5555555555555556
谆谆告戒,0.5555555555555556,positive,0.5555555555555556
谆谆告诫,0.6666666666666666,positive,0.6666666666666666
谆谆诰诫,0.5555555555555556,positive,0.5555555555555556
谈不容口,1.0,positive,1.0
谈吐不俗,1.0,positive,1.0
谈吐生风,0.7777777777777778,positive,0.7777777777777778
谈吐风生,0.3333333333333333,positive,0.3333333333333333
谈天论地,0.7777777777777778,positive,0.7777777777777778
谈天说地,0.7777777777777778,positive,0.7777777777777778
谈玄说妙,0.7777777777777778,positive,0.7777777777777778
谈笑封侯,1.0,positive,1.0
谈笑而道,0.5555555555555556,positive,0.5555555555555556
谈笑自如,0.7777777777777778,positive,0.7777777777777778
谈笑风生,0.7777777777777778,positive,0.7777777777777778
谈若悬河,0.7777777777777778,positive,0.7777777777777778
谈言微中,0.5555555555555556,positive,0.5555555555555556
谈议风生,0.7777777777777778,positive,0.7777777777777778
谈论风生,0.7777777777777778,positive,0.7777777777777778
谈霏玉屑,1.0,positive,1.0
谊切苔岑,0.7777777777777778,positive,0.7777777777777778
谋及庶人,0.5555555555555556,positive,0.5555555555555556
谏争如流,0.5555555555555556,positive,0.5555555555555556
谏诤,0.5555555555555556,positive,0.5555555555555556
谏鼓谤木,0.5555555555555556,positive,0.5555555555555556
谐和,0.5555555555555556,positive,0.5555555555555556
谐婉,0.5555555555555556,positive,0.5555555555555556
谐美,0.5555555555555556,positive,0.5555555555555556
谐趣横生,1.0,positive,1.0
谙练,0.5555555555555556,positive,0.5555555555555556
谢天谢地,0.6666666666666666,positive,0.6666666666666666
谢忱,0.5555555555555556,positive,0.5555555555555556
谢罪,0.7777777777777778,positive,0.7777777777777778
谢词,0.7777777777777778,positive,0.7777777777777778
谦和,0.5555555555555556,positive,0.5555555555555556
谦尊而光,1.0,positive,1.0
谦恭,0.5555555555555556,positive,0.5555555555555556
谦恭下士,0.5555555555555556,positive,0.5555555555555556
谦恭虚己,0.3333333333333333,positive,0.3333333333333333
谦抑,0.5555555555555556,positive,0.5555555555555556
谦虚,0.5555555555555556,positive,0.5555555555555556
谦虚敬慎,1.0,positive,1.0
谦虚谨慎,0.5555555555555556,positive,0.5555555555555556
谦让,0.5555555555555556,positive,0.5555555555555556
谦让末遑,0.6666666666666666,positive,0.6666666666666666
谦谦,0.7777777777777778,positive,0.7777777777777778
谦谦君子,0.5555555555555556,positive,0.5555555555555556
谦躬下士,1.0,positive,1.0
谦辞,0.5555555555555556,positive,0.5555555555555556
谦逊,0.5555555555555556,positive,0.5555555555555556
谦顺,0.7777777777777778,positive,0.7777777777777778
谧静,0.3333333333333333,positive,0.3333333333333333
谨严,0.5555555555555556,positive,0.5555555555555556
谨始虑终,0.5555555555555556,positive,0.5555555555555556
谨密,0.5555555555555556,positive,0.5555555555555556
谨慎,0.5555555555555556,positive,0.5555555555555556
谨终如始,0.5555555555555556,positive,0.5555555555555556
谨终慎始,0.5555555555555556,positive,0.5555555555555556
谨行俭用,0.7777777777777778,positive,0.7777777777777778
谨言慎行,0.1111111111111111,positive,0.1111111111111111
谨身节用,0.5555555555555556,positive,0.5555555555555556
谨饬,0.1111111111111111,positive,0.1111111111111111
谭天说地,0.7777777777777778,positive,0.7777777777777778
谭言微中,0.7777777777777778,positive,0.7777777777777778
谱写,0.5555555555555556,positive,0.5555555555555556
豁亮,0.5555555555555556,positive,0.5555555555555556
豁人耳目,0.7777777777777778,positive,0.7777777777777778
豁朗,0.3333333333333333,positive,0.3333333333333333
豁然,0.7777777777777778,positive,0.7777777777777778
豁然大悟,0.3333333333333333,positive,0.3333333333333333
豁然开悟,0.5555555555555556,positive,0.5555555555555556
豁然省悟,0.7777777777777778,positive,0.7777777777777778
豁然贯通,0.5555555555555556,positive,0.5555555555555556
豁然顿悟,0.7777777777777778,positive,0.7777777777777778
豁目开襟,0.3333333333333333,positive,0.3333333333333333
豁达,0.5555555555555556,positive,0.5555555555555556
豁达大度,0.7777777777777778,positive,0.7777777777777778
豆蔻,0.3333333333333333,positive,0.3333333333333333
豆蔻华华,0.5555555555555556,positive,0.5555555555555556
象样,0.5555555555555556,positive,0.5555555555555556
象箸玉杯,0.3333333333333333,positive,0.3333333333333333
豪举,0.7777777777777778,positive,0.7777777777777778
豪侠,1.0,positive,1.0
豪兴,0.7777777777777778,positive,0.7777777777777778
豪壮,0.7777777777777778,positive,0.7777777777777778
豪奢放逸,0.5555555555555556,positive,0.5555555555555556
豪情,0.7777777777777778,positive,0.7777777777777778
豪情壮志,0.7777777777777778,positive,0.7777777777777778
豪情满怀,0.7777777777777778,positive,0.7777777777777778
豪放,0.5555555555555556,positive,0.5555555555555556
豪放不羁,0.7777777777777778,positive,0.7777777777777778
豪杰,0.7777777777777778,positive,0.7777777777777778
豪杰蜂起,0.5555555555555556,positive,0.5555555555555556
豪气,0.7777777777777778,positive,0.7777777777777778
豪爽,0.7777777777777778,positive,0.7777777777777778
豪言壮语,0.5555555555555556,positive,0.5555555555555556
豪语,0.7777777777777778,positive,0.7777777777777778
豪迈,0.7777777777777778,positive,0.7777777777777778
豹死留皮,0.5555555555555556,positive,0.5555555555555556
貔虎,0.5555555555555556,positive,0.5555555555555556
貔貅,0.6666666666666666,positive,0.6666666666666666
贞不绝俗,0.5555555555555556,positive,0.5555555555555556
贞松劲柏,0.5555555555555556,positive,0.5555555555555556
贞洁,0.5555555555555556,positive,0.5555555555555556
贞烈,0.5555555555555556,positive,0.5555555555555556
贞风亮节,0.7777777777777778,positive,0.7777777777777778
负土成坟,1.0,positive,1.0
负气含灵,0.7777777777777778,positive,0.7777777777777778
负荆,0.7777777777777778,positive,0.7777777777777778
负荆请罪,0.7777777777777778,positive,0.7777777777777778
负荆谢罪,1.0,positive,1.0
负责,0.5555555555555556,positive,0.5555555555555556
负重吞污,0.7777777777777778,positive,0.7777777777777778
负重含汙,0.7777777777777778,positive,0.7777777777777778
负重致远,0.7777777777777778,positive,0.7777777777777778
贡献,0.5555555555555556,positive,0.5555555555555556
贡禹弹冠,0.7777777777777778,positive,0.7777777777777778
财礼,0.5555555555555556,positive,0.5555555555555556
财运,0.5555555555555556,positive,0.5555555555555556
财运亨通,0.5555555555555556,positive,0.5555555555555556
贤人,0.7777777777777778,positive,0.7777777777777778
贤哲,0.7777777777777778,positive,0.7777777777777778
贤契,0.3333333333333333,positive,0.3333333333333333
贤妻良母,0.7777777777777778,positive,0.7777777777777778
贤德,0.5555555555555556,positive,0.5555555555555556
贤惠,0.5555555555555556,positive,0.5555555555555556
贤慧,1.0,positive,1.0
贤明,0.5555555555555556,positive,0.5555555555555556
贤母良妻,0.7777777777777778,positive,0.7777777777777778
贤淑,0.5555555555555556,positive,0.5555555555555556
贤能,0.7777777777777778,positive,0.7777777777777778
贤良,0.5555555555555556,positive,0.5555555555555556
贤良方1,0.7777777777777778,positive,0.7777777777777778
贤良方正,0.7777777777777778,positive,0.7777777777777778
贤贤易色,0.7777777777777778,positive,0.7777777777777778
贤路,0.3333333333333333,positive,0.3333333333333333
贤达,0.7777777777777778,positive,0.7777777777777778
败类,0.7777777777777778,positive,0.7777777777777778
货真价实,0.5555555555555556,positive,0.5555555555555556
质优,0.3333333333333333,positive,0.3333333333333333
质优价廉,0.7777777777777778,positive,0.7777777777777778
质朴,0.5555555555555556,positive,0.5555555555555556
贫而乐道,0.7777777777777778,positive,0.7777777777777778
贫而无谄,0.7777777777777778,positive,0.7777777777777778
贫贱不移,0.5555555555555556,positive,0.5555555555555556
贫贱之交,0.3333333333333333,positive,0.3333333333333333
贫贱之知,0.3333333333333333,positive,0.3333333333333333
贯斗双龙,1.0,positive,1.0
贯朽粟红,0.5555555555555556,positive,0.5555555555555556
贯朽粟腐,0.5555555555555556,positive,0.5555555555555556
贯朽粟陈,0.5555555555555556,positive,0.5555555555555556
贯穿融会,0.7777777777777778,positive,0.7777777777777778
贯通融会,0.7777777777777778,positive,0.7777777777777778
贲临,0.5555555555555556,positive,0.5555555555555556
贴体,0.5555555555555556,positive,0.5555555555555556
贴切,0.3333333333333333,positive,0.3333333333333333
贴心,0.5555555555555556,positive,0.5555555555555556
贵不可言,1.0,positive,1.0
贵人,0.3333333333333333,positive,0.3333333333333333
贵姓,0.3333333333333333,positive,0.3333333333333333
贵客,0.5555555555555556,positive,0.5555555555555556
贵宾,0.5555555555555556,positive,0.5555555555555556
贵重,0.3333333333333333,positive,0.3333333333333333
贺信,0.3333333333333333,positive,0.3333333333333333
贺匾,0.5555555555555556,positive,0.5555555555555556
贺喜,1.0,positive,1.0
贺幛,0.3333333333333333,positive,0.3333333333333333
贺年,0.7777777777777778,positive,0.7777777777777778
贺电,0.3333333333333333,positive,0.3333333333333333
贺礼,0.3333333333333333,positive,0.3333333333333333
贺联,0.3333333333333333,positive,0.3333333333333333
贺表,0.3333333333333333,positive,0.3333333333333333
贺词,0.3333333333333333,positive,0.3333333333333333
资深,0.5555555555555556,positive,0.5555555555555556
赅博,0.5555555555555556,positive,0.5555555555555556
赅备,0.3333333333333333,positive,0.3333333333333333
赏不逾时,0.5555555555555556,positive,0.5555555555555556
赏不遗贱,0.5555555555555556,positive,0.5555555555555556
赏信罚必,0.5555555555555556,positive,0.5555555555555556
赏信罚明,0.5555555555555556,positive,0.5555555555555556
赏光,0.3333333333333333,positive,0.3333333333333333
赏功罚罪,0.5555555555555556,positive,0.5555555555555556
赏劳罚罪,0.7777777777777778,positive,0.7777777777777778
赏善罚否,0.5555555555555556,positive,0.5555555555555556
赏善罚恶,0.5555555555555556,positive,0.5555555555555556
赏封,0.5555555555555556,positive,0.5555555555555556
赏心乐事,0.5555555555555556,positive,0.5555555555555556
赏心悦目,0.7037037037037037,positive,0.7037037037037037
赏立诛必,0.5555555555555556,positive,0.5555555555555556
赏罚严明,0.7777777777777778,positive,0.7777777777777778
赏罚信明,0.7777777777777778,positive,0.7777777777777778
赏罚分明,0.7777777777777778,positive,0.7777777777777778
赏脸,0.5555555555555556,positive,0.5555555555555556
赏识,0.3333333333333333,positive,0.3333333333333333
赏贤使能,0.5555555555555556,positive,0.5555555555555556
赏贤罚暴,0.5555555555555556,positive,0.5555555555555556
赏赉,0.5555555555555556,positive,0.5555555555555556
赏赐,0.5555555555555556,positive,0.5555555555555556
赏鉴,0.3333333333333333,positive,0.3333333333333333
赏钱,0.1111111111111111,positive,0.1111111111111111
赏阅,0.3333333333333333,positive,0.3333333333333333
赏高罚下,0.5555555555555556,positive,0.5555555555555556
赐光,0.5555555555555556,positive,0.5555555555555556
赞一个,0.5555555555555556,positive,0.5555555555555556
赞不绝口,1.0,positive,1.0
赞佩,0.5555555555555556,positive,0.5555555555555556
赞助,0.5555555555555556,positive,0.5555555555555556
赞叹,0.7777777777777778,positive,0.7777777777777778
赞叹不已,0.7777777777777778,positive,0.7777777777777778
赞幕,0.5555555555555556,positive,0.5555555555555556
赞成,0.5555555555555556,positive,0.5555555555555556
赞扬,0.5555555555555556,positive,0.5555555555555556
赞服,1.0,positive,1.0
赞歌,0.7777777777777778,positive,0.7777777777777778
赞礼,0.7777777777777778,positive,0.7777777777777778
赞美,0.5555555555555556,positive,0.5555555555555556
赞美诗,0.7777777777777778,positive,0.7777777777777778
赞羡,0.5555555555555556,positive,0.5555555555555556
赞誉,0.5555555555555556,positive,0.5555555555555556
赞许,0.5555555555555556,positive,0.5555555555555556
赞词,0.3333333333333333,positive,0.3333333333333333
赞语,0.7777777777777778,positive,0.7777777777777778
赞赏,0.5555555555555556,positive,0.5555555555555556
赞颂,0.5555555555555556,positive,0.5555555555555556
赡养,0.3333333333333333,positive,0.3333333333333333
赢利,0.3333333333333333,positive,0.3333333333333333
赢得,0.7777777777777778,positive,0.7777777777777778
赤心,0.5555555555555556,positive,0.5555555555555556
赤心奉国,1.0,positive,1.0
赤心报国,1.0,positive,1.0
赤心相待,0.5555555555555556,positive,0.5555555555555556
赤忱,0.5555555555555556,positive,0.5555555555555556
赤胆,0.5555555555555556,positive,0.5555555555555556
赤胆忠心,0.7777777777777778,positive,0.7777777777777778
赤诚,0.5555555555555556,positive,0.5555555555555556
赤诚相待,0.5555555555555556,positive,0.5555555555555556
赫奕,1.0,positive,1.0
赫赫,0.3333333333333333,positive,0.3333333333333333
赫赫有名,0.7777777777777778,positive,0.7777777777777778
走召弓虽,0.7777777777777778,positive,0.7777777777777778
走笔成章,0.5555555555555556,positive,0.5555555555555556
赳赳,0.5555555555555556,positive,0.5555555555555556
赴汤蹈火,0.7777777777777778,positive,0.7777777777777778
起劲,0.3333333333333333,positive,0.3333333333333333
起来,0.7777777777777778,positive,0.7777777777777778
起死人，肉白骨,0.6666666666666666,positive,0.6666666666666666
起死回生,1.0,positive,1.0
起色,0.3333333333333333,positive,0.3333333333333333
起誓,0.7777777777777778,positive,0.7777777777777778
趁热打铁,0.5555555555555556,positive,0.5555555555555556
超人,0.3333333333333333,positive,0.3333333333333333
超伦,0.5555555555555556,positive,0.5555555555555556
超俗,0.7777777777777778,positive,0.7777777777777778
超凡,0.5555555555555556,positive,0.5555555555555556
超凡入圣,1.0,positive,1.0
超凡脱俗,0.7777777777777778,positive,0.7777777777777778
超前,0.3333333333333333,positive,0.3333333333333333
超卓,0.7777777777777778,positive,0.7777777777777778
超尘拔俗,1.0,positive,1.0
超巨星,1.0,positive,1.0
超度,0.5555555555555556,positive,0.5555555555555556
超拔,0.7777777777777778,positive,0.7777777777777778
超擢,0.5555555555555556,positive,0.5555555555555556
超然物外,1.0,positive,1.0
超等,0.7777777777777778,positive,0.7777777777777778
超级大国,0.5555555555555556,positive,0.5555555555555556
超绝,0.7777777777777778,positive,0.7777777777777778
超绝尘寰,1.0,positive,1.0
超群,1.0,positive,1.0
超群绝伦,1.0,positive,1.0
超脱,0.7777777777777778,positive,0.7777777777777778
超赞,1.0,positive,1.0
超超率著,0.8888888888888888,positive,0.8888888888888888
超轶绝尘,0.7777777777777778,positive,0.7777777777777778
超迈,0.5555555555555556,positive,0.5555555555555556
超逸,0.7777777777777778,positive,0.7777777777777778
超额利润,0.7777777777777778,positive,0.7777777777777778
趣味盎然,0.7777777777777778,positive,0.7777777777777778
足兵足食,0.5555555555555556,positive,0.5555555555555556
足履实地,0.3333333333333333,positive,0.3333333333333333
足智多谋,0.5555555555555556,positive,0.5555555555555556
足色,0.5555555555555556,positive,0.5555555555555556
足衣足食,0.5555555555555556,positive,0.5555555555555556
足赤,0.7777777777777778,positive,0.7777777777777778
足足有余,0.5555555555555556,positive,0.5555555555555556
足踏实地,0.5555555555555556,positive,0.5555555555555556
足蹈手舞,0.7777777777777778,positive,0.7777777777777778
足音空谷,0.7777777777777778,positive,0.7777777777777778
足食丰衣,0.5555555555555556,positive,0.5555555555555556
足食足兵,0.5555555555555556,positive,0.5555555555555556
跃然纸上,0.7777777777777778,positive,0.7777777777777778
跃跃欲试,0.3333333333333333,positive,0.3333333333333333
跌宕,0.5555555555555556,positive,0.5555555555555556
跌宕不羁,0.5555555555555556,positive,0.5555555555555556
跌宕昭彰,0.5555555555555556,positive,0.5555555555555556
跌宕风流,0.5555555555555556,positive,0.5555555555555556
跌荡,0.5555555555555556,positive,0.5555555555555556
跌荡不拘,0.5555555555555556,positive,0.5555555555555556
跌荡不羁,0.5555555555555556,positive,0.5555555555555556
跌荡风流,0.5555555555555556,positive,0.5555555555555556
跗萼联芳,0.7777777777777778,positive,0.7777777777777778
跗萼载韡,0.7777777777777778,positive,0.7777777777777778
跗萼连晖,0.7777777777777778,positive,0.7777777777777778
跛鳖千里,0.5555555555555556,positive,0.5555555555555556
距跃三百,0.7777777777777778,positive,0.7777777777777778
路无拾遗,0.7777777777777778,positive,0.7777777777777778
路见不平,0.7777777777777778,positive,0.7777777777777778
路见不平，拔刀相助,0.5555555555555556,positive,0.5555555555555556
路见不平，拔刀相救,0.7777777777777778,positive,0.7777777777777778
路见不平，拔剑相助,0.7777777777777778,positive,0.7777777777777778
路遥知马力，日久见人心,0.7777777777777778,positive,0.7777777777777778
践约,0.3333333333333333,positive,0.3333333333333333
践行,0.5555555555555556,positive,0.5555555555555556
践诺,0.1111111111111111,positive,0.1111111111111111
跷足抗手,0.7777777777777778,positive,0.7777777777777778
跻身,0.5555555555555556,positive,0.5555555555555556
踊跃,0.5555555555555556,positive,0.5555555555555556
踌躇满志,0.7777777777777778,positive,0.7777777777777778
踏破铁鞋,1.0,positive,1.0
踏踏实实,0.5555555555555556,positive,0.5555555555555556
踔厉,0.5555555555555556,positive,0.5555555555555556
踔绝之能,0.7777777777777778,positive,0.7777777777777778
踞虎盘龙,0.7777777777777778,positive,0.7777777777777778
踽踽凉凉,0.7777777777777778,positive,0.7777777777777778
蹄閒三寻,0.7777777777777778,positive,0.7777777777777778
蹄间三寻,0.3333333333333333,positive,0.3333333333333333
蹇之匪躬,0.5555555555555556,positive,0.5555555555555556
蹇谔匪躬,0.5555555555555556,positive,0.5555555555555556
蹇蹇匪躬,0.5555555555555556,positive,0.5555555555555556
蹈仁履义,0.5555555555555556,positive,0.5555555555555556
蹈刃不旋,0.7777777777777778,positive,0.7777777777777778
蹈汤赴火,0.5555555555555556,positive,0.5555555555555556
蹈火探汤,0.5555555555555556,positive,0.5555555555555556
蹈火赴汤,0.5555555555555556,positive,0.5555555555555556
蹈节死义,0.7777777777777778,positive,0.7777777777777778
蹈赴汤火,0.5555555555555556,positive,0.5555555555555556
蹈锋饮血,0.5555555555555556,positive,0.5555555555555556
蹊径,0.3333333333333333,positive,0.3333333333333333
身价百倍,0.5555555555555556,positive,0.5555555555555556
身体力行,0.3333333333333333,positive,0.3333333333333333
身做身当,0.5555555555555556,positive,0.5555555555555556
身先士众,0.5555555555555556,positive,0.5555555555555556
身先士卒,1.0,positive,1.0
身名两泰,0.5555555555555556,positive,0.5555555555555556
身名俱泰,0.5555555555555556,positive,0.5555555555555556
身强体壮,0.5555555555555556,positive,0.5555555555555556
身强力壮,0.3333333333333333,positive,0.3333333333333333
身当矢石,0.5555555555555556,positive,0.5555555555555556
身手,0.3333333333333333,positive,0.3333333333333333
身手不凡,0.7777777777777778,positive,0.7777777777777778
身经百战,0.7777777777777778,positive,0.7777777777777778
身远心近,0.5555555555555556,positive,0.5555555555555556
身退功成,0.5555555555555556,positive,0.5555555555555556
躬体力行,0.7777777777777778,positive,0.7777777777777778
躬先士卒,0.7777777777777778,positive,0.7777777777777778
躬冒矢石,1.0,positive,1.0
躬行,0.1111111111111111,positive,0.1111111111111111
躬蹈矢石,1.0,positive,1.0
躬逢,1.0,positive,1.0
车水马龙,0.3333333333333333,positive,0.3333333333333333
车马盈门,0.5555555555555556,positive,0.5555555555555556
轨物范世,0.5555555555555556,positive,0.5555555555555556
轩敞,0.5555555555555556,positive,0.5555555555555556
轩昂,0.7777777777777778,positive,0.7777777777777778
轩朗,0.5555555555555556,positive,0.5555555555555556
轩豁,0.5555555555555556,positive,0.5555555555555556
轩轩甚得,0.7777777777777778,positive,0.7777777777777778
转世,0.6666666666666666,positive,0.6666666666666666
转危为安,0.7777777777777778,positive,0.7777777777777778
转日回天,1.0,positive,1.0
转海回天,1.0,positive,1.0
转灾为福,0.5555555555555556,positive,0.5555555555555556
转生,0.7777777777777778,positive,0.7777777777777778
转祸为福,0.7777777777777778,positive,0.7777777777777778
转败为功,0.3333333333333333,positive,0.3333333333333333
转败为成,0.5555555555555556,positive,0.5555555555555556
转赠,0.3333333333333333,positive,0.3333333333333333
转运,0.8888888888888888,positive,0.8888888888888888
轮焉奂焉,0.7777777777777778,positive,0.7777777777777778
软伫,0.7777777777777778,positive,0.7777777777777778
软媚,0.5555555555555556,positive,0.5555555555555556
软心肠,0.3333333333333333,positive,0.3333333333333333
软玉温香,0.7777777777777778,positive,0.7777777777777778
软硬兼施,0.5555555555555556,positive,0.5555555555555556
软语,0.5555555555555556,positive,0.5555555555555556
软谈丽语,0.5555555555555556,positive,0.5555555555555556
软香温玉,0.5555555555555556,positive,0.5555555555555556
轰天烈地,0.7777777777777778,positive,0.7777777777777778
轰天裂地,0.7777777777777778,positive,0.7777777777777778
轰轰烈烈,0.3333333333333333,positive,0.3333333333333333
轴心国,0.7777777777777778,positive,0.7777777777777778
轶类超群,1.0,positive,1.0
轶群绝类,0.7777777777777778,positive,0.7777777777777778
轻便,0.3333333333333333,positive,0.3333333333333333
轻俏,0.5555555555555556,positive,0.5555555555555556
轻倩,0.5555555555555556,positive,0.5555555555555556
轻健,0.5555555555555556,positive,0.5555555555555556
轻妙,0.5555555555555556,positive,0.5555555555555556
轻婉,0.5555555555555556,positive,0.5555555555555556
轻徭薄税,0.7777777777777778,positive,0.7777777777777778
轻徭薄赋,0.7777777777777778,positive,0.7777777777777778
轻快,0.3333333333333333,positive,0.3333333333333333
轻怜疼惜,0.5555555555555556,positive,0.5555555555555556
轻怜痛惜,0.5555555555555556,positive,0.5555555555555556
轻怜重惜,0.5555555555555556,positive,0.5555555555555556
轻捷,0.3333333333333333,positive,0.3333333333333333
轻暖,0.5555555555555556,positive,0.5555555555555556
轻松,0.3333333333333333,positive,0.3333333333333333
轻死重义,0.5555555555555556,positive,0.5555555555555556
轻死重气,0.5555555555555556,positive,0.5555555555555556
轻淡,0.1111111111111111,positive,0.1111111111111111
轻灵,0.5555555555555556,positive,0.5555555555555556
轻生重义,0.5555555555555556,positive,0.5555555555555556
轻盈,0.5555555555555556,positive,0.5555555555555556
轻而易举,0.3333333333333333,positive,0.3333333333333333
轻裘缓带,0.5555555555555556,positive,0.5555555555555556
轻财仗义,0.5555555555555556,positive,0.5555555555555556
轻财好义,0.5555555555555556,positive,0.5555555555555556
轻财好士,0.5555555555555556,positive,0.5555555555555556
轻财好施,0.5555555555555556,positive,0.5555555555555556
轻财敬士,0.5555555555555556,positive,0.5555555555555556
轻财贵义,0.5555555555555556,positive,0.5555555555555556
轻财重义,0.7777777777777778,positive,0.7777777777777778
轻财重士,0.5555555555555556,positive,0.5555555555555556
轻身殉义,0.5555555555555556,positive,0.5555555555555556
轻身重义,0.7777777777777778,positive,0.7777777777777778
轻车熟道,0.5555555555555556,positive,0.5555555555555556
轻车简从,0.3333333333333333,positive,0.3333333333333333
轻软,0.3333333333333333,positive,0.3333333333333333
轻轻松松,0.1111111111111111,positive,0.1111111111111111
载歌载舞,0.7777777777777778,positive,0.7777777777777778
载酒问字,0.3333333333333333,positive,0.3333333333333333
较劲,0.3333333333333333,positive,0.3333333333333333
较德焯勤,0.5555555555555556,positive,0.5555555555555556
较紧牙关,0.5555555555555556,positive,0.5555555555555556
较若画一,0.5555555555555556,positive,0.5555555555555556
辅车相依,0.7777777777777778,positive,0.7777777777777778
辈出,0.3333333333333333,positive,0.3333333333333333
辉光日新,0.7777777777777778,positive,0.7777777777777778
辉映,0.5555555555555556,positive,0.5555555555555556
辉煌,0.7777777777777778,positive,0.7777777777777778
辉耀,0.5555555555555556,positive,0.5555555555555556
辑睦,0.5555555555555556,positive,0.5555555555555556
输心服意,0.5555555555555556,positive,0.5555555555555556
输肝写胆,0.7777777777777778,positive,0.7777777777777778
输肝剖胆,0.5555555555555556,positive,0.5555555555555556
输肝沥胆,0.5555555555555556,positive,0.5555555555555556
辛劳,0.5555555555555556,positive,0.5555555555555556
辛勤,0.5555555555555556,positive,0.5555555555555556
辛壬癸甲,0.7777777777777778,positive,0.7777777777777778
辞华,0.1111111111111111,positive,0.1111111111111111
辞宗,0.5555555555555556,positive,0.5555555555555556
辞让,0.1111111111111111,positive,0.1111111111111111
辟邪,0.5555555555555556,positive,0.5555555555555556
辨如悬河,0.5555555555555556,positive,0.5555555555555556
辨客,0.5555555555555556,positive,0.5555555555555556
辨日炎凉,0.5555555555555556,positive,0.5555555555555556
辨物居方,0.5555555555555556,positive,0.5555555555555556
辨若悬河,0.5555555555555556,positive,0.5555555555555556
辩口利舌,0.5555555555555556,positive,0.5555555555555556
辩口利辞,0.5555555555555556,positive,0.5555555555555556
辩士,0.5555555555555556,positive,0.5555555555555556
辩才,0.5555555555555556,positive,0.5555555555555556
辩才无碍,0.1111111111111111,positive,0.1111111111111111
辩护,0.5555555555555556,positive,0.5555555555555556
辩护士,0.5555555555555556,positive,0.5555555555555556
辩正,0.5555555555555556,positive,0.5555555555555556
辩白,0.3333333333333333,positive,0.3333333333333333
辩论,0.5555555555555556,positive,0.5555555555555556
边区,0.7777777777777778,positive,0.7777777777777778
边式,0.7777777777777778,positive,0.7777777777777778
辽阔,0.3333333333333333,positive,0.3333333333333333
达人,0.5555555555555556,positive,0.5555555555555556
达官显宦,0.7777777777777778,positive,0.7777777777777778
达官要人,0.7777777777777778,positive,0.7777777777777778
达官贵要,0.7777777777777778,positive,0.7777777777777778
达权通变,0.1111111111111111,positive,0.1111111111111111
达观,0.3333333333333333,positive,0.3333333333333333
迁善去恶,0.7777777777777778,positive,0.7777777777777778
迁善塞违,0.7777777777777778,positive,0.7777777777777778
迁善改过,0.5555555555555556,positive,0.5555555555555556
迁善远罪,0.7777777777777778,positive,0.7777777777777778
迁善黜恶,0.7777777777777778,positive,0.7777777777777778
迅捷,0.5555555555555556,positive,0.5555555555555556
过五关，斩六将,1.0,positive,1.0
过人,0.5555555555555556,positive,0.5555555555555556
过化存神,0.5555555555555556,positive,0.5555555555555556
过得硬,0.3333333333333333,positive,0.3333333333333333
过目不忘,0.3333333333333333,positive,0.3333333333333333
过目成诵,0.7777777777777778,positive,0.7777777777777778
过硬,0.5555555555555556,positive,0.5555555555555556
过细,0.1111111111111111,positive,0.1111111111111111
过谦,0.3333333333333333,positive,0.3333333333333333
过都历塊,0.5555555555555556,positive,0.5555555555555556
过门不入,0.7777777777777778,positive,0.7777777777777778
迈古超今,0.7777777777777778,positive,0.7777777777777778
迎刃而解,0.5555555555555556,positive,0.5555555555555556
迎头痛击,0.5555555555555556,positive,0.5555555555555556
迎头赶上,0.8888888888888888,positive,0.8888888888888888
迎门请盗,0.5555555555555556,positive,0.5555555555555556
运掉自如,0.5555555555555556,positive,0.5555555555555556
运斤如风,0.5555555555555556,positive,0.5555555555555556
运斤成风,0.5555555555555556,positive,0.5555555555555556
运气,0.7777777777777778,positive,0.7777777777777778
运用之妙，存乎一心,0.3333333333333333,positive,0.3333333333333333
运用自如,0.5555555555555556,positive,0.5555555555555556
运筹帷幄,0.7777777777777778,positive,0.7777777777777778
近便,0.3333333333333333,positive,0.3333333333333333
近悦远来,0.5555555555555556,positive,0.5555555555555556
近情,0.3333333333333333,positive,0.3333333333333333
返哺之恩,0.7777777777777778,positive,0.7777777777777778
返邪归正,0.5555555555555556,positive,0.5555555555555556
还愿,0.3333333333333333,positive,0.3333333333333333
进军,0.1111111111111111,positive,0.1111111111111111
进利除害,0.5555555555555556,positive,0.5555555555555556
进可替不,0.5555555555555556,positive,0.5555555555555556
进可替否,0.5555555555555556,positive,0.5555555555555556
进善惩奸,0.3333333333333333,positive,0.3333333333333333
进善惩恶,0.3333333333333333,positive,0.3333333333333333
进善退恶,0.3333333333333333,positive,0.3333333333333333
进善黜恶,0.3333333333333333,positive,0.3333333333333333
进展,0.3333333333333333,positive,0.3333333333333333
进德修业,0.5555555555555556,positive,0.5555555555555556
进德脩业,0.5555555555555556,positive,0.5555555555555556
进旅退旅,0.5555555555555556,positive,0.5555555555555556
进益,0.5555555555555556,positive,0.5555555555555556
进种善群,0.5555555555555556,positive,0.5555555555555556
进贤,0.5555555555555556,positive,0.5555555555555556
进贤任能,0.5555555555555556,positive,0.5555555555555556
进贤兴功,0.5555555555555556,positive,0.5555555555555556
进贤屏恶,0.5555555555555556,positive,0.5555555555555556
进贤拔能,0.5555555555555556,positive,0.5555555555555556
进贤用能,0.5555555555555556,positive,0.5555555555555556
进贤达能,0.5555555555555556,positive,0.5555555555555556
进贤进能,0.5555555555555556,positive,0.5555555555555556
进贤退佞,0.5555555555555556,positive,0.5555555555555556
进贤退奸,0.5555555555555556,positive,0.5555555555555556
进贤退愚,0.5555555555555556,positive,0.5555555555555556
进贤黜佞,0.5555555555555556,positive,0.5555555555555556
进贤黜奸,0.5555555555555556,positive,0.5555555555555556
进贤黜恶,0.5555555555555556,positive,0.5555555555555556
进退中度,0.3333333333333333,positive,0.3333333333333333
进退中绳,0.3333333333333333,positive,0.3333333333333333
进退可度,0.3333333333333333,positive,0.3333333333333333
进退履绳,0.3333333333333333,positive,0.3333333333333333
进退应矩,0.3333333333333333,positive,0.3333333333333333
进退有常,0.3333333333333333,positive,0.3333333333333333
进退有度,0.3333333333333333,positive,0.3333333333333333
进退有节,0.3333333333333333,positive,0.3333333333333333
进退裕如,0.3333333333333333,positive,0.3333333333333333
远垂不朽,0.7777777777777778,positive,0.7777777777777778
远大,0.5555555555555556,positive,0.5555555555555556
远志,0.7777777777777778,positive,0.7777777777777778
远怀近集,0.3333333333333333,positive,0.3333333333333333
远愁近虑,0.3333333333333333,positive,0.3333333333333333
远求骐骥,0.5555555555555556,positive,0.5555555555555556
远瞩高瞻,0.3333333333333333,positive,0.3333333333333333
远至迩安,0.5555555555555556,positive,0.5555555555555556
远虑深谋,0.5555555555555556,positive,0.5555555555555556
远见,0.7777777777777778,positive,0.7777777777777778
远见卓识,0.7777777777777778,positive,0.7777777777777778
远谋,0.7777777777777778,positive,0.7777777777777778
远谋深算,0.5555555555555556,positive,0.5555555555555556
违世乖俗,0.7777777777777778,positive,0.7777777777777778
违世异俗,0.7777777777777778,positive,0.7777777777777778
违世绝俗,0.7777777777777778,positive,0.7777777777777778
违利赴名,0.7777777777777778,positive,0.7777777777777778
违时绝俗,0.7777777777777778,positive,0.7777777777777778
连中三元,1.0,positive,1.0
连战皆捷,0.5555555555555556,positive,0.5555555555555556
连更彻夜,0.3333333333333333,positive,0.3333333333333333
连更星夜,0.3333333333333333,positive,0.3333333333333333
连更晓夜,0.3333333333333333,positive,0.3333333333333333
连枝共冢,0.7777777777777778,positive,0.7777777777777778
连枝分叶,0.5555555555555556,positive,0.5555555555555556
连枝同气,0.7777777777777778,positive,0.7777777777777778
连枝带叶,0.7777777777777778,positive,0.7777777777777778
连枝并头,0.7777777777777778,positive,0.7777777777777778
连枝比翼,0.3333333333333333,positive,0.3333333333333333
连根共树,0.7777777777777778,positive,0.7777777777777778
连珠合璧,0.7777777777777778,positive,0.7777777777777778
连舆并席,0.5555555555555556,positive,0.5555555555555556
连舆接席,0.5555555555555556,positive,0.5555555555555556
连阶累任,0.7777777777777778,positive,0.7777777777777778
连鼇跨鲸,0.7777777777777778,positive,0.7777777777777778
迥不犹人,0.5555555555555556,positive,0.5555555555555556
迥然不同,0.5555555555555556,positive,0.5555555555555556
迥然不群,0.5555555555555556,positive,0.5555555555555556
迩安远至,0.5555555555555556,positive,0.5555555555555556
迷人,0.3333333333333333,positive,0.3333333333333333
迷涂知反,0.5555555555555556,positive,0.5555555555555556
迷而知反,0.5555555555555556,positive,0.5555555555555556
迷而知返,0.5555555555555556,positive,0.5555555555555556
迷途知反,0.5555555555555556,positive,0.5555555555555556
迷途知返,0.1111111111111111,positive,0.1111111111111111
追云逐电,0.7777777777777778,positive,0.7777777777777778
追击,0.7777777777777778,positive,0.7777777777777778
追叙,0.7777777777777778,positive,0.7777777777777778
追寻,0.7777777777777778,positive,0.7777777777777778
追怀,0.7777777777777778,positive,0.7777777777777778
追悼,1.0,positive,1.0
追求,0.5555555555555556,positive,0.5555555555555556
追脏,0.7777777777777778,positive,0.7777777777777778
追踪,0.6666666666666666,positive,0.6666666666666666
追远慎终,0.7777777777777778,positive,0.7777777777777778
追述,0.7777777777777778,positive,0.7777777777777778
追问,0.7777777777777778,positive,0.7777777777777778
追风掣电,0.7777777777777778,positive,0.7777777777777778
追风摄景,0.7777777777777778,positive,0.7777777777777778
追风蹑影,0.7777777777777778,positive,0.7777777777777778
追风蹑景,0.7777777777777778,positive,0.7777777777777778
追风逐影,0.7777777777777778,positive,0.7777777777777778
追风逐日,0.7777777777777778,positive,0.7777777777777778
追风逐电,0.7777777777777778,positive,0.7777777777777778
追魂夺命,1.0,positive,1.0
追魂摄魄,1.0,positive,1.0
退旅进旅,0.7777777777777778,positive,0.7777777777777778
退藏於密,0.7777777777777778,positive,0.7777777777777778
退避三舍,0.7777777777777778,positive,0.7777777777777778
退食从容,0.7777777777777778,positive,0.7777777777777778
退食自公,0.7777777777777778,positive,0.7777777777777778
送往事居,0.7777777777777778,positive,0.7777777777777778
送往视居,0.3333333333333333,positive,0.3333333333333333
送抱推襟,1.0,positive,1.0
送眼流眉,0.7777777777777778,positive,0.7777777777777778
适中,0.5555555555555556,positive,0.5555555555555556
适口,0.3333333333333333,positive,0.3333333333333333
适宜,0.5555555555555556,positive,0.5555555555555556
适当,0.5555555555555556,positive,0.5555555555555556
适意,0.5555555555555556,positive,0.5555555555555556
适时,0.5555555555555556,positive,0.5555555555555556
适逢其会,0.5555555555555556,positive,0.5555555555555556
逊志时敏,0.5555555555555556,positive,0.5555555555555556
逊顺,0.5555555555555556,positive,0.5555555555555556
逍遥自在,0.5555555555555556,positive,0.5555555555555556
逍遥自得,0.7777777777777778,positive,0.7777777777777778
透亮,0.7777777777777778,positive,0.7777777777777778
透彻,0.5555555555555556,positive,0.5555555555555556
透辟,0.7777777777777778,positive,0.7777777777777778
逐北,0.7777777777777778,positive,0.7777777777777778
逐句逐字,0.5555555555555556,positive,0.5555555555555556
逐字逐句,0.5555555555555556,positive,0.5555555555555556
逐新趣异,0.5555555555555556,positive,0.5555555555555556
逐机应变,0.5555555555555556,positive,0.5555555555555556
逐电追风,0.5555555555555556,positive,0.5555555555555556
逐风追电,0.5555555555555556,positive,0.5555555555555556
逐鹿中原,0.5555555555555556,positive,0.5555555555555556
途途是道,0.7777777777777778,positive,0.7777777777777778
逖听遐视,1.0,positive,1.0
逗人,0.5555555555555556,positive,0.5555555555555556
逗笑儿,1.0,positive,1.0
逗趣,0.3333333333333333,positive,0.3333333333333333
逗趣儿,0.5555555555555556,positive,0.5555555555555556
通书达礼,0.7777777777777778,positive,0.7777777777777778
通亮,0.3333333333333333,positive,0.3333333333333333
通人,0.5555555555555556,positive,0.5555555555555556
通人达才,0.7777777777777778,positive,0.7777777777777778
通今博古,0.7777777777777778,positive,0.7777777777777778
通今达古,1.0,positive,1.0
通俗易懂,1.0,positive,1.0
通儒硕学,0.7777777777777778,positive,0.7777777777777778
通儒达士,0.7777777777777778,positive,0.7777777777777778
通儒达识,0.7777777777777778,positive,0.7777777777777778
通元识微,1.0,positive,1.0
通力合作,0.7777777777777778,positive,0.7777777777777778
通变达权,0.7777777777777778,positive,0.7777777777777778
通古博今,0.7777777777777778,positive,0.7777777777777778
通古达变,1.0,positive,1.0
通天彻地,1.0,positive,1.0
通天达地,1.0,positive,1.0
通好,0.5555555555555556,positive,0.5555555555555556
通幽动微,0.7777777777777778,positive,0.7777777777777778
通幽洞微,0.7777777777777778,positive,0.7777777777777778
通幽洞灵,0.7777777777777778,positive,0.7777777777777778
通忧共患,0.7777777777777778,positive,0.7777777777777778
通情达理,0.5555555555555556,positive,0.5555555555555556
通才,0.5555555555555556,positive,0.5555555555555556
通才硕学,1.0,positive,1.0
通才练识,1.0,positive,1.0
通文调武,0.7777777777777778,positive,0.7777777777777778
通文达理,0.7777777777777778,positive,0.7777777777777778
通文达礼,0.7777777777777778,positive,0.7777777777777778
通文达艺,0.7777777777777778,positive,0.7777777777777778
通时合变,0.7777777777777778,positive,0.7777777777777778
通时达变,0.7777777777777778,positive,0.7777777777777778
通明,0.3333333333333333,positive,0.3333333333333333
通晓,0.7777777777777778,positive,0.7777777777777778
通权达变,0.3333333333333333,positive,0.3333333333333333
通权达理,0.7777777777777778,positive,0.7777777777777778
通材达识,0.7777777777777778,positive,0.7777777777777778
通畅,0.5555555555555556,positive,0.5555555555555556
通窍,0.5555555555555556,positive,0.5555555555555556
通融,0.5555555555555556,positive,0.5555555555555556
通计熟筹,0.7777777777777778,positive,0.7777777777777778
通达,1.0,positive,1.0
通过,0.3333333333333333,positive,0.3333333333333333
通险暢机,0.5555555555555556,positive,0.5555555555555556
通顺,0.3333333333333333,positive,0.3333333333333333
逝世,0.7777777777777778,positive,0.7777777777777778
速战速决,0.7777777777777778,positive,0.7777777777777778
造就,0.7777777777777778,positive,0.7777777777777778
造微入妙,0.3333333333333333,positive,0.3333333333333333
造极登峰,1.0,positive,1.0
造福,0.7777777777777778,positive,0.7777777777777778
造诣,0.5555555555555556,positive,0.5555555555555556
逢人说项,0.5555555555555556,positive,0.5555555555555556
逢凶化吉,0.7777777777777778,positive,0.7777777777777778
逢吉丁辰,0.5555555555555556,positive,0.5555555555555556
逢山开路，遇水搭桥,0.3333333333333333,positive,0.3333333333333333
逢机立断,0.5555555555555556,positive,0.5555555555555556
逶迤退食,0.7777777777777778,positive,0.7777777777777778
逷听远闻,1.0,positive,1.0
逸乐,1.0,positive,1.0
逸兴云飞,1.0,positive,1.0
逸兴横飞,1.0,positive,1.0
逸兴遄飞,0.7777777777777778,positive,0.7777777777777778
逸态横生,0.7777777777777778,positive,0.7777777777777778
逸群,0.7777777777777778,positive,0.7777777777777778
逸趣,0.5555555555555556,positive,0.5555555555555556
逸辈殊伦,1.0,positive,1.0
逸韵,0.5555555555555556,positive,0.5555555555555556
逸韵高致,1.0,positive,1.0
逼真,0.5555555555555556,positive,0.5555555555555556
逼真逼肖,0.5555555555555556,positive,0.5555555555555556
逼肖,0.3333333333333333,positive,0.3333333333333333
遂心,0.3333333333333333,positive,0.3333333333333333
遂心如意,1.0,positive,1.0
遂心应手,0.7777777777777778,positive,0.7777777777777778
遂心快意,1.0,positive,1.0
遂心满意,0.7777777777777778,positive,0.7777777777777778
遂意,0.3333333333333333,positive,0.3333333333333333
遂愿,0.3333333333333333,positive,0.3333333333333333
遇合,0.5555555555555556,positive,0.5555555555555556
遇水叠桥,0.5555555555555556,positive,0.5555555555555556
遇水架桥,0.5555555555555556,positive,0.5555555555555556
遇物持平,0.7777777777777778,positive,0.7777777777777778
遍地开花,0.5555555555555556,positive,0.5555555555555556
遏恶扬善,0.3333333333333333,positive,0.3333333333333333
遐迩著闻,0.7777777777777778,positive,0.7777777777777778
遐迩闻名,0.7777777777777778,positive,0.7777777777777778
遒健,0.3333333333333333,positive,0.3333333333333333
遒劲,0.3333333333333333,positive,0.3333333333333333
遒媚,0.5555555555555556,positive,0.5555555555555556
遒炼,0.3333333333333333,positive,0.3333333333333333
道不拾遗,0.5555555555555556,positive,0.5555555555555556
道古稽今，言远和近,0.1111111111111111,positive,0.1111111111111111
道合志同,0.5555555555555556,positive,0.5555555555555556
道同义合,0.5555555555555556,positive,0.5555555555555556
道同契合,0.5555555555555556,positive,0.5555555555555556
道同志合,0.5555555555555556,positive,0.5555555555555556
道喜,0.1111111111111111,positive,0.1111111111111111
道地,0.3333333333333333,positive,0.3333333333333333
道头会尾,0.5555555555555556,positive,0.5555555555555556
道头知尾,0.5555555555555556,positive,0.5555555555555556
道存目击,0.5555555555555556,positive,0.5555555555555556
道山学海,0.5555555555555556,positive,0.5555555555555556
道弟称兄,0.5555555555555556,positive,0.5555555555555556
道德,0.5555555555555556,positive,0.5555555555555556
道无拾遗,0.5555555555555556,positive,0.5555555555555556
道貌俨然,0.5555555555555556,positive,0.5555555555555556
道貌凛然,0.5555555555555556,positive,0.5555555555555556
道路相望,0.5555555555555556,positive,0.5555555555555556
道道地地,0.1111111111111111,positive,0.1111111111111111
道骨仙风,0.5555555555555556,positive,0.5555555555555556
道高德重,0.5555555555555556,positive,0.5555555555555556
道高望重,0.5555555555555556,positive,0.5555555555555556
道高魔重,0.5555555555555556,positive,0.5555555555555556
遣兴陶情,0.4444444444444444,positive,0.4444444444444444
遣愁索笑,0.3333333333333333,positive,0.3333333333333333
遥相应和,0.1111111111111111,positive,0.1111111111111111
遨翔自得,0.5555555555555556,positive,0.5555555555555556
適以相成,0.5555555555555556,positive,0.5555555555555556
適可而止,0.5555555555555556,positive,0.5555555555555556
適如其分,0.5555555555555556,positive,0.5555555555555556
適心娱目,0.5555555555555556,positive,0.5555555555555556
適性任情,0.5555555555555556,positive,0.5555555555555556
適性忘虑,0.5555555555555556,positive,0.5555555555555556
適材適所,0.5555555555555556,positive,0.5555555555555556
適逢其会,0.5555555555555556,positive,0.5555555555555556
適逢其时,0.5555555555555556,positive,0.5555555555555556
遵从,0.3333333333333333,positive,0.3333333333333333
遵命,0.3333333333333333,positive,0.3333333333333333
遵奉,0.3333333333333333,positive,0.3333333333333333
遵守,0.3333333333333333,positive,0.3333333333333333
遵道秉义,0.5555555555555556,positive,0.5555555555555556
避让贤路,0.7777777777777778,positive,0.7777777777777778
邂逅相遇,0.3333333333333333,positive,0.3333333333333333
邈处欿视,0.5555555555555556,positive,0.5555555555555556
邪不压正,0.5555555555555556,positive,0.5555555555555556
邹衍谈天,0.7777777777777778,positive,0.7777777777777778
郁烈,0.5555555555555556,positive,0.5555555555555556
郁葱,0.5555555555555556,positive,0.5555555555555556
郁郁沉沉,0.7777777777777778,positive,0.7777777777777778
郁郁芊芊,0.7777777777777778,positive,0.7777777777777778
郁郁苍苍,0.5555555555555556,positive,0.5555555555555556
郁郁葱葱,0.5555555555555556,positive,0.5555555555555556
郁郁葱葱 ,0.7777777777777778,positive,0.7777777777777778
郎才女姿,0.7777777777777778,positive,0.7777777777777778
郎才女貌,0.7777777777777778,positive,0.7777777777777778
郎若列眉,0.1111111111111111,positive,0.1111111111111111
郑重其事,1.0,positive,1.0
郑重其辞,0.3333333333333333,positive,0.3333333333333333
郢中白雪,0.5555555555555556,positive,0.5555555555555556
郢人斤斧,0.5555555555555556,positive,0.5555555555555556
郢人斤斫,0.5555555555555556,positive,0.5555555555555556
郢人斫垩,0.5555555555555556,positive,0.5555555555555556
郢人运斧,0.7777777777777778,positive,0.7777777777777778
郢匠挥斤,0.5555555555555556,positive,0.5555555555555556
都中纸贵,0.7777777777777778,positive,0.7777777777777778
都丽,0.5555555555555556,positive,0.5555555555555556
都俞吁咈,0.5555555555555556,positive,0.5555555555555556
都头异姓,1.0,positive,1.0
都雅,0.5555555555555556,positive,0.5555555555555556
酌水知源,0.5555555555555556,positive,0.5555555555555556
配合,0.6666666666666666,positive,0.6666666666666666
酒虎诗龙,0.5555555555555556,positive,0.5555555555555556
酒酣耳热,0.5555555555555556,positive,0.5555555555555556
酒龙诗虎,0.5555555555555556,positive,0.5555555555555556
酣嬉淋漓,0.5555555555555556,positive,0.5555555555555556
酣梦,0.3333333333333333,positive,0.3333333333333333
酣然,0.1111111111111111,positive,0.1111111111111111
酣甜,0.1111111111111111,positive,0.1111111111111111
酣畅,0.3333333333333333,positive,0.3333333333333333
酣畅淋漓,0.5555555555555556,positive,0.5555555555555556
酣痛淋漓,0.7777777777777778,positive,0.7777777777777778
酣眠,0.3333333333333333,positive,0.3333333333333333
酣睡,0.1111111111111111,positive,0.1111111111111111
酣适,0.3333333333333333,positive,0.3333333333333333
酣醉,0.5555555555555556,positive,0.5555555555555556
酣饮,0.3333333333333333,positive,0.3333333333333333
酬谢,0.5555555555555556,positive,0.5555555555555556
酷毙了,0.7777777777777778,positive,0.7777777777777778
醇厚,0.3333333333333333,positive,0.3333333333333333
醇和,0.5555555555555556,positive,0.5555555555555556
醇朴,0.7777777777777778,positive,0.7777777777777778
醇浓,0.3333333333333333,positive,0.3333333333333333
醇雅,0.5555555555555556,positive,0.5555555555555556
醇香,0.1111111111111111,positive,0.1111111111111111
醉吐相茵,0.5555555555555556,positive,0.5555555555555556
醉玉颓山,0.5555555555555556,positive,0.5555555555555556
醉酒饱德,0.5555555555555556,positive,0.5555555555555556
醉酒饱德　,0.5555555555555556,positive,0.5555555555555556
醍醐,1.0,positive,1.0
醍醐灌顶,0.3333333333333333,positive,0.3333333333333333
醒目,0.3333333333333333,positive,0.3333333333333333
释怀,0.5555555555555556,positive,0.5555555555555556
释疑,0.5555555555555556,positive,0.5555555555555556
重义轻财,0.5555555555555556,positive,0.5555555555555556
重于泰山,0.7777777777777778,positive,0.7777777777777778
重听,0.7777777777777778,positive,0.7777777777777778
重托,1.0,positive,1.0
重整旗鼓,0.3333333333333333,positive,0.3333333333333333
重望高名,0.5555555555555556,positive,0.5555555555555556
重气狥名,0.5555555555555556,positive,0.5555555555555556
重生父母,1.0,positive,1.0
重用,1.0,positive,1.0
重要,0.7777777777777778,positive,0.7777777777777778
重见天日,1.0,positive,1.0
重镇,0.7777777777777778,positive,0.7777777777777778
野鹤孤云,0.7777777777777778,positive,0.7777777777777778
野鹤闲云,0.7777777777777778,positive,0.7777777777777778
量体裁衣,0.5555555555555556,positive,0.5555555555555556
量凿正枘,0.5555555555555556,positive,0.5555555555555556
量力度德,0.5555555555555556,positive,0.5555555555555556
量力而为,0.3333333333333333,positive,0.3333333333333333
量力而行,0.3333333333333333,positive,0.3333333333333333
量己审分,0.3333333333333333,positive,0.3333333333333333
量才器使,0.3333333333333333,positive,0.3333333333333333
量材录用,0.3333333333333333,positive,0.3333333333333333
量枘制凿,0.5555555555555556,positive,0.5555555555555556
量能授官,0.5555555555555556,positive,0.5555555555555556
量金买赋,0.5555555555555556,positive,0.5555555555555556
金丹换骨,1.0,positive,1.0
金光盖地,0.5555555555555556,positive,0.5555555555555556
金刚怒目,0.5555555555555556,positive,0.5555555555555556
金刚眼睛,0.5555555555555556,positive,0.5555555555555556
金友玉昆,0.3333333333333333,positive,0.3333333333333333
金口,0.5555555555555556,positive,0.5555555555555556
金口御言,0.5555555555555556,positive,0.5555555555555556
金口木舌,0.5555555555555556,positive,0.5555555555555556
金口玉音,0.5555555555555556,positive,0.5555555555555556
金台市骏,0.5555555555555556,positive,0.5555555555555556
金嗓子,0.3333333333333333,positive,0.3333333333333333
金城千里,0.5555555555555556,positive,0.5555555555555556
金城汤池,0.5555555555555556,positive,0.5555555555555556
金城石室,0.3333333333333333,positive,0.3333333333333333
金壁辉煌,1.0,positive,1.0
金声掷地,0.5555555555555556,positive,0.5555555555555556
金声玉振,1.0,positive,1.0
金声玉服,0.5555555555555556,positive,0.5555555555555556
金声玉润,0.5555555555555556,positive,0.5555555555555556
金声玉色,0.5555555555555556,positive,0.5555555555555556
金婚,0.3333333333333333,positive,0.3333333333333333
金字招牌,1.0,positive,1.0
金屋娇娘,0.5555555555555556,positive,0.5555555555555556
金帛珠玉,0.7777777777777778,positive,0.7777777777777778
金断觿决,0.5555555555555556,positive,0.5555555555555556
金昭玉粹,0.5555555555555556,positive,0.5555555555555556
金枝玉叶,0.5555555555555556,positive,0.5555555555555556
金榜,1.0,positive,1.0
金榜挂名,0.5555555555555556,positive,0.5555555555555556
金榜题名,0.5555555555555556,positive,0.5555555555555556
金汤,0.7777777777777778,positive,0.7777777777777778
金波玉液,0.5555555555555556,positive,0.5555555555555556
金浆玉液,0.5555555555555556,positive,0.5555555555555556
金浆玉醴,0.5555555555555556,positive,0.5555555555555556
金淘沙拣,0.5555555555555556,positive,0.5555555555555556
金玉,0.5555555555555556,positive,0.5555555555555556
金玉之言,0.5555555555555556,positive,0.5555555555555556
金玉满堂,0.5555555555555556,positive,0.5555555555555556
金玉良言,0.5555555555555556,positive,0.5555555555555556
金玉锦绣,0.5555555555555556,positive,0.5555555555555556
金璧辉煌,0.7777777777777778,positive,0.7777777777777778
金瓯,0.5555555555555556,positive,0.5555555555555556
金瓯无缺,0.7777777777777778,positive,0.7777777777777778
金相玉式,0.5555555555555556,positive,0.5555555555555556
金相玉振,0.5555555555555556,positive,0.5555555555555556
金相玉映,0.5555555555555556,positive,0.5555555555555556
金相玉质,0.5555555555555556,positive,0.5555555555555556
金石不渝,0.5555555555555556,positive,0.5555555555555556
金石丝竹,0.5555555555555556,positive,0.5555555555555556
金石为开,0.5555555555555556,positive,0.5555555555555556
金石之交,0.5555555555555556,positive,0.5555555555555556
金石之言,0.5555555555555556,positive,0.5555555555555556
金石交情,0.5555555555555556,positive,0.5555555555555556
金石可开,0.5555555555555556,positive,0.5555555555555556
金石至交,0.5555555555555556,positive,0.5555555555555556
金石良言,0.5555555555555556,positive,0.5555555555555556
金碧荧煌,0.7777777777777778,positive,0.7777777777777778
金碧辉映,0.7777777777777778,positive,0.7777777777777778
金碧辉煌,1.0,positive,1.0
金科玉律,0.5555555555555556,positive,0.5555555555555556
金章玉句,0.5555555555555556,positive,0.5555555555555556
金箍棒,0.7777777777777778,positive,0.7777777777777778
金缕玉衣,0.7777777777777778,positive,0.7777777777777778
金翅擘海,0.5555555555555556,positive,0.5555555555555556
金言,0.5555555555555556,positive,0.5555555555555556
金貂取酒,0.5555555555555556,positive,0.5555555555555556
金貂贳酒,0.5555555555555556,positive,0.5555555555555556
金贵,0.3333333333333333,positive,0.3333333333333333
金辉玉洁,0.5555555555555556,positive,0.5555555555555556
金銮殿,0.7777777777777778,positive,0.7777777777777778
金针,0.5555555555555556,positive,0.5555555555555556
金针见血,0.5555555555555556,positive,0.5555555555555556
金钗十二,0.1111111111111111,positive,0.1111111111111111
金链,0.7777777777777778,positive,0.7777777777777778
金镳玉络,0.5555555555555556,positive,0.5555555555555556
金镳玉辔,0.5555555555555556,positive,0.5555555555555556
金闺国士,0.5555555555555556,positive,0.5555555555555556
金鳷擘海,0.5555555555555556,positive,0.5555555555555556
金龟换酒,0.5555555555555556,positive,0.5555555555555556
鉥心刿目,0.5555555555555556,positive,0.5555555555555556
鉥心刿肾,0.5555555555555556,positive,0.5555555555555556
鉥肝刿肾,0.5555555555555556,positive,0.5555555555555556
鉴别,0.1111111111111111,positive,0.1111111111111111
鉴定,0.5555555555555556,positive,0.5555555555555556
鉴赏,1.0,positive,1.0
钉是钉，铆是铆,0.3333333333333333,positive,0.3333333333333333
钜人长德,1.0,positive,1.0
钜学鸿生,0.7777777777777778,positive,0.7777777777777778
钟灵毓秀,0.7777777777777778,positive,0.7777777777777778
钟爱,0.7777777777777778,positive,0.7777777777777778
钟鼎山林,0.5555555555555556,positive,0.5555555555555556
钟鼓之色,0.5555555555555556,positive,0.5555555555555556
钢打铁铸,0.3333333333333333,positive,0.3333333333333333
钢浇铁铸,0.7777777777777778,positive,0.7777777777777778
钢筋铁骨,0.7777777777777778,positive,0.7777777777777778
钢铁长城,0.5555555555555556,positive,0.5555555555555556
钦仰,1.0,positive,1.0
钦佩,0.7777777777777778,positive,0.7777777777777778
钦定,0.5555555555555556,positive,0.5555555555555556
钦慕,0.5555555555555556,positive,0.5555555555555556
钦敬,0.7777777777777778,positive,0.7777777777777778
钦服,0.3333333333333333,positive,0.3333333333333333
钦羡,0.5555555555555556,positive,0.5555555555555556
钦赞,0.3333333333333333,positive,0.3333333333333333
钦迟,0.7777777777777778,positive,0.7777777777777778
钧天广乐,0.7777777777777778,positive,0.7777777777777778
钩深致远,0.1111111111111111,positive,0.1111111111111111
钩玄提要,0.1111111111111111,positive,0.1111111111111111
钻坚研微,0.5555555555555556,positive,0.5555555555555556
钻天入地,1.0,positive,1.0
钻研,0.5555555555555556,positive,0.5555555555555556
铁中铮铮,0.7777777777777778,positive,0.7777777777777778
铁人,0.7777777777777778,positive,0.7777777777777778
铁嘴钢牙,1.0,positive,1.0
铁壁铜墙,1.0,positive,1.0
铁壁铜山,1.0,positive,1.0
铁打,1.0,positive,1.0
铁打江山,0.7777777777777778,positive,0.7777777777777778
铁拳,0.5555555555555556,positive,0.5555555555555556
铁杆儿,1.0,positive,1.0
铁杵成针,0.6666666666666666,positive,0.6666666666666666
铁杵磨成针,1.0,positive,1.0
铁板歌喉,0.7777777777777778,positive,0.7777777777777778
铁板钉钉,1.0,positive,1.0
铁板铜弦,0.7777777777777778,positive,0.7777777777777778
铁板铜琶,0.7777777777777778,positive,0.7777777777777778
铁树开华,1.0,positive,1.0
铁树花开,1.0,positive,1.0
铁案如山,1.0,positive,1.0
铁棒磨成针,1.0,positive,1.0
铁画银钩,0.7777777777777778,positive,0.7777777777777778
铁砚磨穿,1.0,positive,1.0
铁笔无私,1.0,positive,1.0
铁绰铜琶,0.7777777777777778,positive,0.7777777777777778
铁郭金城,0.7777777777777778,positive,0.7777777777777778
铁铮铮,1.0,positive,1.0
铁面御史,1.0,positive,1.0
铁面无私,0.7777777777777778,positive,0.7777777777777778
铁面鎗牙,0.7777777777777778,positive,0.7777777777777778
铁饭碗,1.0,positive,1.0
铁骨铮铮,1.0,positive,1.0
铜围铁马,1.0,positive,1.0
铜城铁壁,1.0,positive,1.0
铜墙铁壁,0.5555555555555556,positive,0.5555555555555556
铜头铁臂,1.0,positive,1.0
铜头铁额,0.7777777777777778,positive,0.7777777777777778
铜山铁壁,1.0,positive,1.0
铜心铁胆,0.7777777777777778,positive,0.7777777777777778
铜打铁铸,1.0,positive,1.0
铜浇铁铸,0.7777777777777778,positive,0.7777777777777778
铜筋铁肋,1.0,positive,1.0
铜筋铁骨,0.5555555555555556,positive,0.5555555555555556
铜脣铁舌,1.0,positive,1.0
铜铸铁浇,1.0,positive,1.0
铢分毫析,0.5555555555555556,positive,0.5555555555555556
铢寸累积,0.5555555555555556,positive,0.5555555555555556
铢积丝累,0.5555555555555556,positive,0.5555555555555556
铢积寸累,0.5555555555555556,positive,0.5555555555555556
铢积锱累,0.5555555555555556,positive,0.5555555555555556
铢称寸量,0.5555555555555556,positive,0.5555555555555556
铢累寸积,0.5555555555555556,positive,0.5555555555555556
铢量寸度,0.5555555555555556,positive,0.5555555555555556
铢铢较量,0.5555555555555556,positive,0.5555555555555556
铭心镂骨,0.5555555555555556,positive,0.5555555555555556
铭感不忘,0.5555555555555556,positive,0.5555555555555556
铭肤镂骨,0.5555555555555556,positive,0.5555555555555556
铭记镂骨,0.7777777777777778,positive,0.7777777777777778
铮亮,0.3333333333333333,positive,0.3333333333333333
铮铮佼佼,0.5555555555555556,positive,0.5555555555555556
铮铮铁汉,0.5555555555555556,positive,0.5555555555555556
铮铮铁骨,0.7777777777777778,positive,0.7777777777777778
银河倒泻,0.5555555555555556,positive,0.5555555555555556
银钩玉唾,1.0,positive,1.0
银钩虿尾,0.7777777777777778,positive,0.7777777777777778
银钩铁画,0.5555555555555556,positive,0.5555555555555556
铸剑为犁,0.5555555555555556,positive,0.5555555555555556
铸山煮海,0.5555555555555556,positive,0.5555555555555556
铸新淘旧,0.5555555555555556,positive,0.5555555555555556
铸甲销戈,0.5555555555555556,positive,0.5555555555555556
铿然,0.5555555555555556,positive,0.5555555555555556
铿金霏玉,0.7777777777777778,positive,0.7777777777777778
铿锵,0.3333333333333333,positive,0.3333333333333333
锃亮,0.5555555555555556,positive,0.5555555555555556
锃光瓦亮,0.3333333333333333,positive,0.3333333333333333
锄强扶弱,0.3333333333333333,positive,0.3333333333333333
锋不可当,0.7777777777777778,positive,0.7777777777777778
锋发韵流,0.3333333333333333,positive,0.3333333333333333
锐不可当,0.5555555555555556,positive,0.5555555555555556
锐利,0.5555555555555556,positive,0.5555555555555556
锐意,0.7777777777777778,positive,0.7777777777777778
锐敏,0.5555555555555556,positive,0.5555555555555556
锐气,0.5555555555555556,positive,0.5555555555555556
错彩镂金,0.7777777777777778,positive,0.7777777777777778
错落有致,0.3333333333333333,positive,0.3333333333333333
锣鼓喧天,0.7777777777777778,positive,0.7777777777777778
锥处囊中,0.5555555555555556,positive,0.5555555555555556
锦上添花,0.7777777777777778,positive,0.7777777777777778
锦囊佳制,0.5555555555555556,positive,0.5555555555555556
锦囊佳句,0.5555555555555556,positive,0.5555555555555556
锦囊妙计,0.5555555555555556,positive,0.5555555555555556
锦囊玉轴,0.5555555555555556,positive,0.5555555555555556
锦囊还矢,0.5555555555555556,positive,0.5555555555555556
锦团花簇,0.5555555555555556,positive,0.5555555555555556
锦心绣口,0.3333333333333333,positive,0.3333333333333333
锦心绣肠,0.7777777777777778,positive,0.7777777777777778
锦心绣腹,0.5555555555555556,positive,0.5555555555555556
锦标,0.3333333333333333,positive,0.3333333333333333
锦片前程,0.5555555555555556,positive,0.5555555555555556
锦瑟华年,0.5555555555555556,positive,0.5555555555555556
锦瑟年华,0.3333333333333333,positive,0.3333333333333333
锦篇绣帙,0.5555555555555556,positive,0.5555555555555556
锦簇花团,0.5555555555555556,positive,0.5555555555555556
锦绣,0.7777777777777778,positive,0.7777777777777778
锦绣前程,1.0,positive,1.0
锦绣山河,0.5555555555555556,positive,0.5555555555555556
锦绣心肠,0.5555555555555556,positive,0.5555555555555556
锦绣江山,0.7777777777777778,positive,0.7777777777777778
锦绣河山,0.5555555555555556,positive,0.5555555555555556
锦绣肝肠,0.5555555555555556,positive,0.5555555555555556
锦胸绣口,0.5555555555555556,positive,0.5555555555555556
锱铢不爽,0.7777777777777778,positive,0.7777777777777778
锲而不舍,0.5555555555555556,positive,0.5555555555555556
锵金铿玉,0.5555555555555556,positive,0.5555555555555556
镂冰劚雪,0.7777777777777778,positive,0.7777777777777778
镂冰雕琼,0.7777777777777778,positive,0.7777777777777778
镂心呕血,0.3333333333333333,positive,0.3333333333333333
镂心鉥肝,0.3333333333333333,positive,0.3333333333333333
镂月裁云,0.5555555555555556,positive,0.5555555555555556
镂玉裁冰,0.7777777777777778,positive,0.7777777777777778
镂肝鉥肾,0.3333333333333333,positive,0.3333333333333333
镂金铺翠,0.3333333333333333,positive,0.3333333333333333
镂金错采,0.1111111111111111,positive,0.1111111111111111
镂骨铭心,1.0,positive,1.0
镂骨铭肌,1.0,positive,1.0
镇定,0.5555555555555556,positive,0.5555555555555556
镇静,0.3333333333333333,positive,0.3333333333333333
镌刻,0.3333333333333333,positive,0.3333333333333333
镌脾琢肾,0.1111111111111111,positive,0.1111111111111111
镕今铸古,0.5555555555555556,positive,0.5555555555555556
镕古铸今,0.5555555555555556,positive,0.5555555555555556
镜圆璧合,0.5555555555555556,positive,0.5555555555555556
镞砺括羽,0.5555555555555556,positive,0.5555555555555556
长乐未央,0.7777777777777778,positive,0.7777777777777778
长于,0.5555555555555556,positive,0.5555555555555556
长亲,0.3333333333333333,positive,0.3333333333333333
长命富贵,0.3333333333333333,positive,0.3333333333333333
长命富贵　,1.0,positive,1.0
长处,0.5555555555555556,positive,0.5555555555555556
长夜之饮,0.3333333333333333,positive,0.3333333333333333
长寿,0.7777777777777778,positive,0.7777777777777778
长戟高门,0.5555555555555556,positive,0.5555555555555556
长才广度,0.5555555555555556,positive,0.5555555555555556
长技,0.5555555555555556,positive,0.5555555555555556
长材茂学,0.5555555555555556,positive,0.5555555555555556
长枕大被,0.5555555555555556,positive,0.5555555555555556
长林丰草,0.5555555555555556,positive,0.5555555555555556
长治久安,0.5555555555555556,positive,0.5555555555555556
长生,0.5555555555555556,positive,0.5555555555555556
长生不老,0.7777777777777778,positive,0.7777777777777778
长生久视,0.5555555555555556,positive,0.5555555555555556
长盛不衰,0.7777777777777778,positive,0.7777777777777778
长策,0.3333333333333333,positive,0.3333333333333333
长者,0.7777777777777778,positive,0.7777777777777778
长足,0.5555555555555556,positive,0.5555555555555556
长进,0.5555555555555556,positive,0.5555555555555556
长逝,0.7777777777777778,positive,0.7777777777777778
长项,0.5555555555555556,positive,0.5555555555555556
长风破浪,0.5555555555555556,positive,0.5555555555555556
门不停宾,0.7777777777777778,positive,0.7777777777777778
门不夜关,0.7777777777777778,positive,0.7777777777777778
门不夜扃,0.7777777777777778,positive,0.7777777777777778
门墙桃李,0.3333333333333333,positive,0.3333333333333333
门庭如市,0.7777777777777778,positive,0.7777777777777778
门当户对,0.3333333333333333,positive,0.3333333333333333
门无杂客,0.5555555555555556,positive,0.5555555555555556
门无杂宾,0.3333333333333333,positive,0.3333333333333333
门闾之望,0.7777777777777778,positive,0.7777777777777778
闪烁,0.5555555555555556,positive,0.5555555555555556
闪耀,0.7777777777777778,positive,0.7777777777777778
闭月羞花,0.7777777777777778,positive,0.7777777777777778
闭邪存诚,0.7777777777777778,positive,0.7777777777777778
问一答十,1.0,positive,1.0
问十道百,1.0,positive,1.0
问安视寝,0.7777777777777778,positive,0.7777777777777778
问安视膳,0.5555555555555556,positive,0.5555555555555556
问寝视膳,0.7777777777777778,positive,0.7777777777777778
问心无愧,0.3333333333333333,positive,0.3333333333333333
问罪之师,0.7777777777777778,positive,0.7777777777777778
问羊知马,0.7777777777777778,positive,0.7777777777777778
闯劲,0.3333333333333333,positive,0.3333333333333333
闯将,0.3333333333333333,positive,0.3333333333333333
闲云野鹤,0.7777777777777778,positive,0.7777777777777778
闲庭,0.3333333333333333,positive,0.3333333333333333
闲情别致,0.5555555555555556,positive,0.5555555555555556
闲情逸趣,0.5555555555555556,positive,0.5555555555555556
闲逸,0.5555555555555556,positive,0.5555555555555556
闳中肆外,0.1111111111111111,positive,0.1111111111111111
闳大不经,0.7777777777777778,positive,0.7777777777777778
闳意妙指,0.5555555555555556,positive,0.5555555555555556
闳意眇指,0.7777777777777778,positive,0.7777777777777778
闳言崇议,0.7777777777777778,positive,0.7777777777777778
闳言高论,0.5555555555555556,positive,0.5555555555555556
闳识孤怀,0.7777777777777778,positive,0.7777777777777778
闺秀,0.7777777777777778,positive,0.7777777777777778
闺英闱秀,0.5555555555555556,positive,0.5555555555555556
闻一知二,0.7777777777777778,positive,0.7777777777777778
闻一知十,0.5555555555555556,positive,0.5555555555555556
闻人,0.3333333333333333,positive,0.3333333333333333
闻名,0.3333333333333333,positive,0.3333333333333333
闻名丧胆,1.0,positive,1.0
闻名遐迩,0.7777777777777778,positive,0.7777777777777778
闻声相思,0.5555555555555556,positive,0.5555555555555556
闻所不闻,1.0,positive,1.0
闻所未闻,1.0,positive,1.0
闻过则喜,1.0,positive,1.0
闻风响应,1.0,positive,1.0
闻风而兴,1.0,positive,1.0
闻风而动,1.0,positive,1.0
闻风而至,0.7777777777777778,positive,0.7777777777777778
闻鸡起舞,0.5555555555555556,positive,0.5555555555555556
闾阎安堵,0.5555555555555556,positive,0.5555555555555556
闾阎扑地,0.5555555555555556,positive,0.5555555555555556
阎罗,0.5555555555555556,positive,0.5555555555555556
阐扬光大,0.5555555555555556,positive,0.5555555555555556
阔达,0.5555555555555556,positive,0.5555555555555556
阪上走丸,0.3333333333333333,positive,0.3333333333333333
防微杜渐,0.5555555555555556,positive,0.5555555555555556
防患未然,0.5555555555555556,positive,0.5555555555555556
阳光,0.5555555555555556,positive,0.5555555555555556
阳关大道,0.7777777777777778,positive,0.7777777777777778
阳关道,0.5555555555555556,positive,0.5555555555555556
阳春有脚,0.7777777777777778,positive,0.7777777777777778
阳春白雪,0.7777777777777778,positive,0.7777777777777778
阳间,0.5555555555555556,positive,0.5555555555555556
阶级斗争,0.7777777777777778,positive,0.7777777777777778
阶级观点,0.7777777777777778,positive,0.7777777777777778
陂湖禀量,0.5555555555555556,positive,0.5555555555555556
际会风云,0.7777777777777778,positive,0.7777777777777778
际逢,0.5555555555555556,positive,0.5555555555555556
际遇风云,0.5555555555555556,positive,0.5555555555555556
陆海潘江,1.0,positive,1.0
陆离光怪,0.3333333333333333,positive,0.3333333333333333
陆离斑驳,0.3333333333333333,positive,0.3333333333333333
陆詟水栗,0.5555555555555556,positive,0.5555555555555556
陈言务去,0.5555555555555556,positive,0.5555555555555556
降尊临卑,0.5555555555555556,positive,0.5555555555555556
降尊纡贵,0.5555555555555556,positive,0.5555555555555556
降心下气,0.5555555555555556,positive,0.5555555555555556
降心俯首,0.5555555555555556,positive,0.5555555555555556
降颜屈体,0.5555555555555556,positive,0.5555555555555556
降龙伏虎,0.5555555555555556,positive,0.5555555555555556
院士,0.7777777777777778,positive,0.7777777777777778
除害兴利,0.7777777777777778,positive,0.7777777777777778
除患宁乱,0.3333333333333333,positive,0.3333333333333333
除旧布新,0.3333333333333333,positive,0.3333333333333333
除暴安良,0.3333333333333333,positive,0.3333333333333333
除残去暴,0.3333333333333333,positive,0.3333333333333333
除邪去害,0.3333333333333333,positive,0.3333333333333333
陪伴,0.7777777777777778,positive,0.7777777777777778
陵云之志,0.7777777777777778,positive,0.7777777777777778
陵劲淬砺,0.3333333333333333,positive,0.3333333333333333
陶冶,0.3333333333333333,positive,0.3333333333333333
陶情养性,0.5555555555555556,positive,0.5555555555555556
陶情适性,0.7777777777777778,positive,0.7777777777777778
陶情適性,0.5555555555555556,positive,0.5555555555555556
陶然,0.3333333333333333,positive,0.3333333333333333
陶然而醉,0.5555555555555556,positive,0.5555555555555556
陶猗之家,0.5555555555555556,positive,0.5555555555555556
陶钧,0.5555555555555556,positive,0.5555555555555556
陶铸,0.5555555555555556,positive,0.5555555555555556
陶陶,0.3333333333333333,positive,0.3333333333333333
陷阵,0.3333333333333333,positive,0.3333333333333333
隆重,0.5555555555555556,positive,0.5555555555555556
隋侯之珠,0.7777777777777778,positive,0.7777777777777778
隋珠和玉,1.0,positive,1.0
隋珠和璧,1.0,positive,1.0
隋珠荆璧,1.0,positive,1.0
随乡入乡,0.3333333333333333,positive,0.3333333333333333
随和,0.3333333333333333,positive,0.3333333333333333
随喜,0.5555555555555556,positive,0.5555555555555556
随圆就方,1.0,positive,1.0
随寓而安,0.5555555555555556,positive,0.5555555555555556
随寓随安,1.0,positive,1.0
随心,0.5555555555555556,positive,0.5555555555555556
随方就圆,0.7777777777777778,positive,0.7777777777777778
随时制宜,0.3333333333333333,positive,0.3333333333333333
随时施宜,1.0,positive,1.0
随时随地,1.0,positive,1.0
随机应变,1.0,positive,1.0
随物应机,1.0,positive,1.0
随物赋形,0.7777777777777778,positive,0.7777777777777778
随珠荆玉,1.0,positive,1.0
随群,0.3333333333333333,positive,0.3333333333333333
随行就市,0.5555555555555556,positive,0.5555555555555556
随车夏雨,1.0,positive,1.0
随车甘雨,1.0,positive,1.0
随车致雨,1.0,positive,1.0
随高就低,1.0,positive,1.0
随高逐低,1.0,positive,1.0
隐居求志,0.5555555555555556,positive,0.5555555555555556
隐恶扬善,0.3333333333333333,positive,0.3333333333333333
隐然敌国,0.5555555555555556,positive,0.5555555555555556
隐若敌国,0.5555555555555556,positive,0.5555555555555556
隐鳞戢羽,0.5555555555555556,positive,0.5555555555555556
隐鳞戢翼,0.5555555555555556,positive,0.5555555555555556
隙穴之窥,0.7777777777777778,positive,0.7777777777777778
隳肝尝胆,1.0,positive,1.0
隳肝沥胆,0.7777777777777778,positive,0.7777777777777778
隳胆抽肠,1.0,positive,1.0
隽永,0.5555555555555556,positive,0.5555555555555556
难分难合,0.8888888888888888,positive,0.8888888888888888
难分难舍,0.7777777777777778,positive,0.7777777777777778
难分难解,0.7777777777777778,positive,0.7777777777777778
难能可贵,0.5555555555555556,positive,0.5555555555555556
难舍难分,0.5555555555555556,positive,0.5555555555555556
难解难分,0.7777777777777778,positive,0.7777777777777778
雀跃,0.7777777777777778,positive,0.7777777777777778
雄丽,0.3333333333333333,positive,0.3333333333333333
雄伟,0.5555555555555556,positive,0.5555555555555556
雄俊,0.5555555555555556,positive,0.5555555555555556
雄健,0.5555555555555556,positive,0.5555555555555556
雄劲,0.3333333333333333,positive,0.3333333333333333
雄厚,0.5555555555555556,positive,0.5555555555555556
雄图,0.5555555555555556,positive,0.5555555555555556
雄壮,0.5555555555555556,positive,0.5555555555555556
雄大,0.3333333333333333,positive,0.3333333333333333
雄奇,0.3333333333333333,positive,0.3333333333333333
雄姿英发,1.0,positive,1.0
雄威,0.5555555555555556,positive,0.5555555555555556
雄师,0.3333333333333333,positive,0.3333333333333333
雄强,0.3333333333333333,positive,0.3333333333333333
雄心,0.7777777777777778,positive,0.7777777777777778
雄心壮志,0.3333333333333333,positive,0.3333333333333333
雄才大略,1.0,positive,1.0
雄文,0.5555555555555556,positive,0.5555555555555556
雄材大略,0.7777777777777778,positive,0.7777777777777778
雄武,0.3333333333333333,positive,0.3333333333333333
雄浑,0.3333333333333333,positive,0.3333333333333333
雄深雅健,1.0,positive,1.0
雄肆,0.3333333333333333,positive,0.3333333333333333
雄视,0.3333333333333333,positive,0.3333333333333333
雄豪,0.3333333333333333,positive,0.3333333333333333
雄赳赳,0.7777777777777778,positive,0.7777777777777778
雄赳赳，气昂昂,0.1111111111111111,positive,0.1111111111111111
雄踞,0.5555555555555556,positive,0.5555555555555556
雄风,0.3333333333333333,positive,0.3333333333333333
雄飞雌伏,0.7777777777777778,positive,0.7777777777777778
雅人深致,0.5555555555555556,positive,0.5555555555555556
雅人清致,1.0,positive,1.0
雅人韵士,0.7777777777777778,positive,0.7777777777777778
雅俗,0.5555555555555556,positive,0.5555555555555556
雅俗共赏,0.7777777777777778,positive,0.7777777777777778
雅兴,0.5555555555555556,positive,0.5555555555555556
雅士,0.5555555555555556,positive,0.5555555555555556
雅怀,0.5555555555555556,positive,0.5555555555555556
雅正,0.5555555555555556,positive,0.5555555555555556
雅气,0.5555555555555556,positive,0.5555555555555556
雅洁,0.5555555555555556,positive,0.5555555555555556
雅淡,0.5555555555555556,positive,0.5555555555555556
雅爱,0.5555555555555556,positive,0.5555555555555556
雅玩,0.5555555555555556,positive,0.5555555555555556
雅致,0.5555555555555556,positive,0.5555555555555556
雅观,0.5555555555555556,positive,0.5555555555555556
雅趣,0.5555555555555556,positive,0.5555555555555556
雅量,0.5555555555555556,positive,0.5555555555555556
雅量豁然,0.5555555555555556,positive,0.5555555555555556
雅量高致,0.5555555555555556,positive,0.5555555555555556
雅静,0.5555555555555556,positive,0.5555555555555556
雅饬,0.5555555555555556,positive,0.5555555555555556
集大成,1.0,positive,1.0
集思广益,0.5555555555555556,positive,0.5555555555555556
集锦,0.1111111111111111,positive,0.1111111111111111
雍容,0.5555555555555556,positive,0.5555555555555556
雍容典雅,0.5555555555555556,positive,0.5555555555555556
雍容华贵,0.7777777777777778,positive,0.7777777777777778
雍容大雅,0.5555555555555556,positive,0.5555555555555556
雍容尔雅,0.7777777777777778,positive,0.7777777777777778
雍容閒雅,0.5555555555555556,positive,0.5555555555555556
雍容闲雅,0.5555555555555556,positive,0.5555555555555556
雍容雅步,1.0,positive,1.0
雕文织采,0.5555555555555556,positive,0.5555555555555556
雕章琢句,0.3333333333333333,positive,0.3333333333333333
雕章绘句,0.5555555555555556,positive,0.5555555555555556
雕章缛彩,0.5555555555555556,positive,0.5555555555555556
雕章镂句,0.5555555555555556,positive,0.5555555555555556
雨后春笋,0.7777777777777778,positive,0.7777777777777778
雨帘云栋,0.7777777777777778,positive,0.7777777777777778
雨旸时若,0.5555555555555556,positive,0.5555555555555556
雨过天青,0.7777777777777778,positive,0.7777777777777778
雨顺风调,0.5555555555555556,positive,0.5555555555555556
雪中送炭,0.7777777777777778,positive,0.7777777777777778
雪亮,0.5555555555555556,positive,0.5555555555555556
雪操冰心,1.0,positive,1.0
雪案萤灯,1.0,positive,1.0
雪案萤窗,0.7777777777777778,positive,0.7777777777777778
雪窗萤几,0.7777777777777778,positive,0.7777777777777778
雪窗萤火,0.7777777777777778,positive,0.7777777777777778
雪胎梅骨,0.7777777777777778,positive,0.7777777777777778
雪里送炭,1.0,positive,1.0
零光片羽,0.7777777777777778,positive,0.7777777777777778
雷令风行,0.5555555555555556,positive,0.5555555555555556
雷厉风行,0.7777777777777778,positive,0.7777777777777778
雷嗔电怒,0.7777777777777778,positive,0.7777777777777778
雷惊电绕,0.5555555555555556,positive,0.5555555555555556
雷霆万钧,0.5555555555555556,positive,0.5555555555555556
雾鬓风鬟,0.3333333333333333,positive,0.3333333333333333
霁月光风,0.5555555555555556,positive,0.5555555555555556
霁风朗月,0.5555555555555556,positive,0.5555555555555556
霄鱼垂化,0.5555555555555556,positive,0.5555555555555556
震古烁今,1.0,positive,1.0
震古铄今,0.5555555555555556,positive,0.5555555555555556
震撼人心,1.0,positive,1.0
震聋发聩,0.5555555555555556,positive,0.5555555555555556
霞光,0.5555555555555556,positive,0.5555555555555556
霞姿月韵,0.7777777777777778,positive,0.7777777777777778
霞明玉映,0.7777777777777778,positive,0.7777777777777778
霞蔚云蒸,0.7777777777777778,positive,0.7777777777777778
露纂雪钞,0.5555555555555556,positive,0.5555555555555556
露红烟紫,0.5555555555555556,positive,0.5555555555555556
露红烟绿,0.5555555555555556,positive,0.5555555555555556
露胆披肝,0.7777777777777778,positive,0.7777777777777778
露胆披诚,0.7777777777777778,positive,0.7777777777777778
露钞雪纂,0.5555555555555556,positive,0.5555555555555556
青云独步,0.7777777777777778,positive,0.7777777777777778
青云直上,0.7777777777777778,positive,0.7777777777777778
青出于蓝,0.5555555555555556,positive,0.5555555555555556
青出于蓝而胜于蓝,0.5555555555555556,positive,0.5555555555555556
青出於蓝,0.7777777777777778,positive,0.7777777777777778
青史名垂,1.0,positive,1.0
青史留名,1.0,positive,1.0
青天,1.0,positive,1.0
青山绿水,0.7777777777777778,positive,0.7777777777777778
青梅竹马,0.8888888888888888,positive,0.8888888888888888
青眼,0.5555555555555556,positive,0.5555555555555556
青眼相加,0.7777777777777778,positive,0.7777777777777778
青睐,0.3333333333333333,positive,0.3333333333333333
青肝碧血,0.7777777777777778,positive,0.7777777777777778
青郁,0.3333333333333333,positive,0.3333333333333333
青钱万选,0.7777777777777778,positive,0.7777777777777778
青钱学士,0.7777777777777778,positive,0.7777777777777778
青霄白日,0.7777777777777778,positive,0.7777777777777778
靓丽,0.3333333333333333,positive,0.3333333333333333
靓妆,0.5555555555555556,positive,0.5555555555555556
静心,0.3333333333333333,positive,0.3333333333333333
静若处子，动若脱兔,0.5555555555555556,positive,0.5555555555555556
静谧,0.3333333333333333,positive,0.3333333333333333
非凡,1.0,positive,1.0
非同一般,0.7777777777777778,positive,0.7777777777777778
非常热心,0.3333333333333333,positive,0.3333333333333333
非池中物,0.6666666666666666,positive,0.6666666666666666
靠得住,0.7777777777777778,positive,0.7777777777777778
靡丽,0.5555555555555556,positive,0.5555555555555556
靡坚不摧,0.7777777777777778,positive,0.7777777777777778
靡然乡风,0.1111111111111111,positive,0.1111111111111111
靡然从风,0.1111111111111111,positive,0.1111111111111111
靡然向风,0.1111111111111111,positive,0.1111111111111111
靡然成风,0.1111111111111111,positive,0.1111111111111111
靡颜腻理,0.5555555555555556,positive,0.5555555555555556
面不改容,0.5555555555555556,positive,0.5555555555555556
面不改色,0.3333333333333333,positive,0.3333333333333333
面善,0.1111111111111111,positive,0.1111111111111111
面壁功深,0.7777777777777778,positive,0.7777777777777778
面如满月,0.3333333333333333,positive,0.3333333333333333
面折廷争,0.5555555555555556,positive,0.5555555555555556
面无愧色,0.5555555555555556,positive,0.5555555555555556
面目一新,0.5555555555555556,positive,0.5555555555555556
面貌一新,0.5555555555555556,positive,0.5555555555555556
革凡成圣,0.7777777777777778,positive,0.7777777777777778
革凡登圣,0.7777777777777778,positive,0.7777777777777778
革命,0.3333333333333333,positive,0.3333333333333333
革命反正,0.7777777777777778,positive,0.7777777777777778
革命性,0.3333333333333333,positive,0.3333333333333333
革奸剷暴,1.0,positive,1.0
革心易行,0.5555555555555556,positive,0.5555555555555556
革故立新,0.7777777777777778,positive,0.7777777777777778
革故鼎新,0.7777777777777778,positive,0.7777777777777778
革新,0.3333333333333333,positive,0.3333333333333333
革新变旧,0.7777777777777778,positive,0.7777777777777778
革旧从新,0.7777777777777778,positive,0.7777777777777778
革旧图新,0.7777777777777778,positive,0.7777777777777778
革旧维新,0.5555555555555556,positive,0.5555555555555556
革旧鼎新,0.7777777777777778,positive,0.7777777777777778
革邪反正,0.5555555555555556,positive,0.5555555555555556
革面悛心,0.5555555555555556,positive,0.5555555555555556
革面敛手,0.7777777777777778,positive,0.7777777777777778
革面洗心,0.7777777777777778,positive,0.7777777777777778
革面革心,0.7777777777777778,positive,0.7777777777777778
鞍不离马，甲不离身,0.5555555555555556,positive,0.5555555555555556
鞠躬,0.3333333333333333,positive,0.3333333333333333
鞠躬君子,0.3333333333333333,positive,0.3333333333333333
鞠躬尽力,1.0,positive,1.0
鞠躬尽力，死而后已,0.5555555555555556,positive,0.5555555555555556
鞠躬尽瘁,1.0,positive,1.0
鞠躬尽瘁，死而后已,1.0,positive,1.0
鞭笞天下,0.7777777777777778,positive,0.7777777777777778
鞭策,0.7777777777777778,positive,0.7777777777777778
鞭辟入里,0.5555555555555556,positive,0.5555555555555556
鞭辟近里,0.5555555555555556,positive,0.5555555555555556
韦编三绝,1.0,positive,1.0
韧劲,0.3333333333333333,positive,0.3333333333333333
韧性,0.3333333333333333,positive,0.3333333333333333
韩海苏潮,0.7777777777777778,positive,0.7777777777777778
韩潮苏海,0.7777777777777778,positive,0.7777777777777778
韬光俟奋,0.7777777777777778,positive,0.7777777777777778
韬光养晦,0.1111111111111111,positive,0.1111111111111111
韬光敛彩,0.3333333333333333,positive,0.3333333333333333
韬光韫玉,0.5555555555555556,positive,0.5555555555555556
韬曜含光,0.7777777777777778,positive,0.7777777777777778
韬略,1.0,positive,1.0
韬迹隐智,0.7777777777777778,positive,0.7777777777777778
音调优美,1.0,positive,1.0
韵味,0.3333333333333333,positive,0.3333333333333333
韵致,0.3333333333333333,positive,0.3333333333333333
韶光,0.5555555555555556,positive,0.5555555555555556
韶华,0.5555555555555556,positive,0.5555555555555556
韶秀,0.5555555555555556,positive,0.5555555555555556
韶颜稚齿,0.5555555555555556,positive,0.5555555555555556
顶一下,0.3333333333333333,positive,0.3333333333333333
顶一个,0.7777777777777778,positive,0.7777777777777778
顶下,0.7777777777777778,positive,0.7777777777777778
顶了,0.7777777777777778,positive,0.7777777777777778
顶事,0.5555555555555556,positive,0.5555555555555556
顶呱呱,0.7777777777777778,positive,0.7777777777777778
顶啊,0.7777777777777778,positive,0.7777777777777778
顶天立地,0.7777777777777778,positive,0.7777777777777778
顶天踵地,0.5555555555555556,positive,0.5555555555555556
顶尖,0.5555555555555556,positive,0.5555555555555556
顶用,0.5555555555555556,positive,0.5555555555555556
顶礼膜拜,0.5555555555555556,positive,0.5555555555555556
顶级,0.5555555555555556,positive,0.5555555555555556
顶踵尽捐,0.5555555555555556,positive,0.5555555555555556
顶踵捐糜,0.5555555555555556,positive,0.5555555555555556
顶门壮户,0.5555555555555556,positive,0.5555555555555556
顺人应天,0.5555555555555556,positive,0.5555555555555556
顺和,0.1111111111111111,positive,0.1111111111111111
顺天从人,0.5555555555555556,positive,0.5555555555555556
顺天应人,0.5555555555555556,positive,0.5555555555555556
顺当,0.3333333333333333,positive,0.3333333333333333
顺水行舟,0.5555555555555556,positive,0.5555555555555556
顺水顺风,0.5555555555555556,positive,0.5555555555555556
顺流而下,0.3333333333333333,positive,0.3333333333333333
顺畅,0.3333333333333333,positive,0.3333333333333333
顺眼,0.3333333333333333,positive,0.3333333333333333
顺适,0.3333333333333333,positive,0.3333333333333333
顺非而泽,0.5555555555555556,positive,0.5555555555555556
顺风使船,0.5555555555555556,positive,0.5555555555555556
顺风吹火,0.5555555555555556,positive,0.5555555555555556
顺风张帆,0.5555555555555556,positive,0.5555555555555556
顺风扯帆,0.5555555555555556,positive,0.5555555555555556
顺风行船,0.5555555555555556,positive,0.5555555555555556
须眉皓然,0.3333333333333333,positive,0.3333333333333333
须髯如戟,0.3333333333333333,positive,0.3333333333333333
顽健,0.5555555555555556,positive,0.5555555555555556
顽廉懦立,1.0,positive,1.0
顽强,0.7777777777777778,positive,0.7777777777777778
顽石点头,1.0,positive,1.0
顾全大局,0.7777777777777778,positive,0.7777777777777778
顾复之恩,0.3333333333333333,positive,0.3333333333333333
顾盼多姿,0.7777777777777778,positive,0.7777777777777778
顾盼生姿,0.7777777777777778,positive,0.7777777777777778
顾盼生辉,0.5555555555555556,positive,0.5555555555555556
顾盼神飞,0.7777777777777778,positive,0.7777777777777778
顿开茅塞,0.3333333333333333,positive,0.3333333333333333
顿悟,0.3333333333333333,positive,0.3333333333333333
顿挫抑扬,0.5555555555555556,positive,0.5555555555555556
颂声载道,1.0,positive,1.0
颂德歌功,0.7777777777777778,positive,0.7777777777777778
颂扬,0.7777777777777778,positive,0.7777777777777778
颂歌,0.5555555555555556,positive,0.5555555555555556
颂词,0.5555555555555556,positive,0.5555555555555556
颂赞,0.5555555555555556,positive,0.5555555555555556
领先,0.5555555555555556,positive,0.5555555555555556
领异标新,0.5555555555555556,positive,0.5555555555555556
颊上三毛,0.5555555555555556,positive,0.5555555555555556
颊上三毫,0.5555555555555556,positive,0.5555555555555556
颖异,0.5555555555555556,positive,0.5555555555555556
颖悟,0.5555555555555556,positive,0.5555555555555556
颖慧,0.5555555555555556,positive,0.5555555555555556
颜筋柳骨,0.7777777777777778,positive,0.7777777777777778
颜精柳骨,1.0,positive,1.0
颜骨柳筋,0.7777777777777778,positive,0.7777777777777778
颠扑不破,0.5555555555555556,positive,0.5555555555555556
风不鸣条,0.5555555555555556,positive,0.5555555555555556
风义,0.3333333333333333,positive,0.3333333333333333
风云人物,1.0,positive,1.0
风云变态,0.3333333333333333,positive,0.3333333333333333
风光,0.1111111111111111,positive,0.1111111111111111
风光如画,0.3333333333333333,positive,0.3333333333333333
风光月霁,0.7777777777777778,positive,0.7777777777777778
风华,0.5555555555555556,positive,0.5555555555555556
风华正茂,0.3333333333333333,positive,0.3333333333333333
风华绝代,1.0,positive,1.0
风发,0.5555555555555556,positive,0.5555555555555556
风和日丽,0.7777777777777778,positive,0.7777777777777778
风和日暖,0.3333333333333333,positive,0.3333333333333333
风姿绰约,0.5555555555555556,positive,0.5555555555555556
风平波息,0.5555555555555556,positive,0.5555555555555556
风平浪静,0.5555555555555556,positive,0.5555555555555556
风度,0.5555555555555556,positive,0.5555555555555556
风度翩翩,0.7777777777777778,positive,0.7777777777777778
风恬月朗,0.7777777777777778,positive,0.7777777777777778
风景如画,0.3333333333333333,positive,0.3333333333333333
风月无涯,1.0,positive,1.0
风月无边,1.0,positive,1.0
风樯阵马,0.5555555555555556,positive,0.5555555555555556
风流人物,1.0,positive,1.0
风流倜傥,0.7777777777777778,positive,0.7777777777777778
风流才子,0.7777777777777778,positive,0.7777777777777778
风流旖旎,0.5555555555555556,positive,0.5555555555555556
风清月朗,0.5555555555555556,positive,0.5555555555555556
风清月白,0.5555555555555556,positive,0.5555555555555556
风清月皎,0.5555555555555556,positive,0.5555555555555556
风禾尽起,0.7777777777777778,positive,0.7777777777777778
风致,0.5555555555555556,positive,0.5555555555555556
风节,0.5555555555555556,positive,0.5555555555555556
风范,0.3333333333333333,positive,0.3333333333333333
风虎云龙,0.7777777777777778,positive,0.7777777777777778
风行水上,0.5555555555555556,positive,0.5555555555555556
风行电击,0.7777777777777778,positive,0.7777777777777778
风行电掣,0.7777777777777778,positive,0.7777777777777778
风行电照,0.7777777777777778,positive,0.7777777777777778
风调雨顺,0.5555555555555556,positive,0.5555555555555556
风趣,0.3333333333333333,positive,0.3333333333333333
风采,0.3333333333333333,positive,0.3333333333333333
风雅,0.5555555555555556,positive,0.5555555555555556
风雨不改,0.5555555555555556,positive,0.5555555555555556
风雨同舟,0.5555555555555556,positive,0.5555555555555556
风雨无阻,0.5555555555555556,positive,0.5555555555555556
风雨时若,0.5555555555555556,positive,0.5555555555555556
风靡,0.5555555555555556,positive,0.5555555555555556
风靡一时,0.7777777777777778,positive,0.7777777777777778
风韵,0.5555555555555556,positive,0.5555555555555556
风驰电掣,0.5555555555555556,positive,0.5555555555555556
风骨,0.7777777777777778,positive,0.7777777777777778
风骨峭峻,0.7777777777777778,positive,0.7777777777777778
飒爽,0.7777777777777778,positive,0.7777777777777778
飘悠,0.7777777777777778,positive,0.7777777777777778
飘洒,0.7777777777777778,positive,0.7777777777777778
飘然,0.7777777777777778,positive,0.7777777777777778
飘逸,0.5555555555555556,positive,0.5555555555555556
飞声腾实,0.5555555555555556,positive,0.5555555555555556
飞将军,0.7777777777777778,positive,0.7777777777777778
飞扬,0.3333333333333333,positive,0.3333333333333333
飞檐走壁,0.5555555555555556,positive,0.5555555555555556
飞檐走脊,0.5555555555555556,positive,0.5555555555555556
飞灵,0.3333333333333333,positive,0.3333333333333333
飞跃,0.3333333333333333,positive,0.3333333333333333
飞速,0.5555555555555556,positive,0.5555555555555556
飞针走线,0.5555555555555556,positive,0.5555555555555556
飞鸾翔凤,0.7777777777777778,positive,0.7777777777777778
食不二味,0.5555555555555556,positive,0.5555555555555556
食不兼味,0.5555555555555556,positive,0.5555555555555556
食不累味,0.5555555555555556,positive,0.5555555555555556
食不重味,0.5555555555555556,positive,0.5555555555555556
食不重昧,0.5555555555555556,positive,0.5555555555555556
食不重肉,0.5555555555555556,positive,0.5555555555555556
食少事繁,0.5555555555555556,positive,0.5555555555555556
食甘寝安,0.5555555555555556,positive,0.5555555555555556
食箪浆壶,0.5555555555555556,positive,0.5555555555555556
食饥息劳,0.5555555555555556,positive,0.5555555555555556
食鱼遇鯖,0.5555555555555556,positive,0.5555555555555556
饥不暇食,0.5555555555555556,positive,0.5555555555555556
饥不遑食,0.5555555555555556,positive,0.5555555555555556
饥冻交切,0.5555555555555556,positive,0.5555555555555556
饭蔬饮水,0.5555555555555556,positive,0.5555555555555556
饮冰吞檗,0.5555555555555556,positive,0.5555555555555556
饮冰茹蘖,0.5555555555555556,positive,0.5555555555555556
饮冰食蘖,0.5555555555555556,positive,0.5555555555555556
饮水思源,0.5555555555555556,positive,0.5555555555555556
饮水曲肱,0.5555555555555556,positive,0.5555555555555556
饮泉清节,0.7777777777777778,positive,0.7777777777777778
饮灰洗胃,0.7777777777777778,positive,0.7777777777777778
饮犊上流,0.5555555555555556,positive,0.5555555555555556
饮胆尝血,0.5555555555555556,positive,0.5555555555555556
饮醇自醉,0.3333333333333333,positive,0.3333333333333333
饮马投钱,0.7777777777777778,positive,0.7777777777777778
饱学,0.5555555555555556,positive,0.5555555555555556
饱学之士,0.7777777777777778,positive,0.7777777777777778
饱满,0.5555555555555556,positive,0.5555555555555556
饱雨,0.7777777777777778,positive,0.7777777777777778
饶富,0.7777777777777778,positive,0.7777777777777778
饶有余韵,0.7777777777777778,positive,0.7777777777777778
饶有兴致,0.3333333333333333,positive,0.3333333333333333
饶有风趣,0.5555555555555556,positive,0.5555555555555556
饶沃,0.7777777777777778,positive,0.7777777777777778
饶爽,0.5555555555555556,positive,0.5555555555555556
饶裕,0.7777777777777778,positive,0.7777777777777778
饼子,0.5555555555555556,positive,0.5555555555555556
饼干,0.5555555555555556,positive,0.5555555555555556
馈赠,0.7777777777777778,positive,0.7777777777777778
首善之区,0.5555555555555556,positive,0.5555555555555556
首善之地,0.5555555555555556,positive,0.5555555555555556
首屈一指,1.0,positive,1.0
首肯心折,1.0,positive,1.0
香喷喷,0.5555555555555556,positive,0.5555555555555556
香泽,0.5555555555555556,positive,0.5555555555555556
香甜可口,1.0,positive,1.0
香花,0.5555555555555556,positive,0.5555555555555556
香花供养,1.0,positive,1.0
香草美人,0.5555555555555556,positive,0.5555555555555556
香车宝马,0.7777777777777778,positive,0.7777777777777778
香醇,1.0,positive,1.0
香馥馥,1.0,positive,1.0
馥馥,0.3333333333333333,positive,0.3333333333333333
馨香,0.3333333333333333,positive,0.3333333333333333
馨香祷祝,0.7777777777777778,positive,0.7777777777777778
马上功成,0.7777777777777778,positive,0.7777777777777778
马上墙头,0.3333333333333333,positive,0.3333333333333333
马上得天下,0.3333333333333333,positive,0.3333333333333333
马不停蹄,0.3333333333333333,positive,0.3333333333333333
马入华山,0.5555555555555556,positive,0.5555555555555556
马到功成,0.7777777777777778,positive,0.7777777777777778
马到成功,0.7777777777777778,positive,0.7777777777777778
马壮人强,0.1111111111111111,positive,0.1111111111111111
马工枚速,0.5555555555555556,positive,0.5555555555555556
马足龙沙,0.7777777777777778,positive,0.7777777777777778
马革盛尸,0.7777777777777778,positive,0.7777777777777778
马革裹尸,1.0,positive,1.0
驯良,0.5555555555555556,positive,0.5555555555555556
驯顺,0.3333333333333333,positive,0.3333333333333333
驰名,1.0,positive,1.0
驰名中外,0.8888888888888888,positive,0.8888888888888888
驰名天下,1.0,positive,1.0
驰名当世,0.7777777777777778,positive,0.7777777777777778
驰援,0.5555555555555556,positive,0.5555555555555556
驰誉,0.3333333333333333,positive,0.3333333333333333
驰骋,0.5555555555555556,positive,0.5555555555555556
驱雷掣电,0.7777777777777778,positive,0.7777777777777778
驱雷策电,1.0,positive,1.0
驱霆策电,0.8888888888888888,positive,0.8888888888888888
驳倒,0.7777777777777778,positive,0.7777777777777778
驷不及舌,0.5555555555555556,positive,0.5555555555555556
驷马不追,0.7777777777777778,positive,0.7777777777777778
驷马仰秣,0.7777777777777778,positive,0.7777777777777778
驷马莫追,0.7777777777777778,positive,0.7777777777777778
驻红却白,0.5555555555555556,positive,0.5555555555555556
驻颜益寿,0.5555555555555556,positive,0.5555555555555556
驽马十驾,0.7777777777777778,positive,0.7777777777777778
驾轻就熟,0.7777777777777778,positive,0.7777777777777778
驿使梅花,0.5555555555555556,positive,0.5555555555555556
驿寄梅花,0.5555555555555556,positive,0.5555555555555556
驿路梅花,0.5555555555555556,positive,0.5555555555555556
骀背鹤发,1.0,positive,1.0
骁健,0.5555555555555556,positive,0.5555555555555556
骁勇,0.7777777777777778,positive,0.7777777777777778
骁勇善战,0.5555555555555556,positive,0.5555555555555556
骁将,0.7777777777777778,positive,0.7777777777777778
骁悍,0.5555555555555556,positive,0.5555555555555556
骁骑,0.3333333333333333,positive,0.3333333333333333
骄人,0.5555555555555556,positive,0.5555555555555556
骄子,0.5555555555555556,positive,0.5555555555555556
骆驿不绝,0.3333333333333333,positive,0.3333333333333333
骈枝俪叶,0.1111111111111111,positive,0.1111111111111111
骋怀,0.7777777777777778,positive,0.7777777777777778
骏足,1.0,positive,1.0
骏马,1.0,positive,1.0
骏骨牵盐,0.7777777777777778,positive,0.7777777777777778
骑牛读汉书,0.5555555555555556,positive,0.5555555555555556
骑驴吟灞上,0.5555555555555556,positive,0.5555555555555556
骑驴索句,0.5555555555555556,positive,0.5555555555555556
骑驴风雪中,0.5555555555555556,positive,0.5555555555555556
骠勇,0.3333333333333333,positive,0.3333333333333333
骥子龙文,0.7777777777777778,positive,0.7777777777777778
骨力,0.5555555555555556,positive,0.5555555555555556
骨干,0.7777777777777778,positive,0.7777777777777778
骨气,0.3333333333333333,positive,0.3333333333333333
骨鲠之臣,0.7777777777777778,positive,0.7777777777777778
高下在心,0.3333333333333333,positive,0.3333333333333333
高不凑低不就,0.7777777777777778,positive,0.7777777777777778
高不輳低不就,0.7777777777777778,positive,0.7777777777777778
高义薄云,1.0,positive,1.0
高义薄云天,1.0,positive,1.0
高亢,0.7777777777777778,positive,0.7777777777777778
高人,0.5555555555555556,positive,0.5555555555555556
高人一等,0.7777777777777778,positive,0.7777777777777778
高人逸士,0.7777777777777778,positive,0.7777777777777778
高位厚禄,0.7777777777777778,positive,0.7777777777777778
高位重禄,0.7777777777777778,positive,0.7777777777777778
高倪大谈,0.3333333333333333,positive,0.3333333333333333
高卧,0.7777777777777778,positive,0.7777777777777778
高参,0.3333333333333333,positive,0.3333333333333333
高古,0.5555555555555556,positive,0.5555555555555556
高士,1.0,positive,1.0
高头大马,0.7777777777777778,positive,0.7777777777777778
高妙,0.5555555555555556,positive,0.5555555555555556
高官厚禄,0.7777777777777778,positive,0.7777777777777778
高官尊爵,0.7777777777777778,positive,0.7777777777777778
高官显爵,0.7777777777777778,positive,0.7777777777777778
高官重禄,0.7777777777777778,positive,0.7777777777777778
高尚,0.7777777777777778,positive,0.7777777777777778
高屋建瓴,0.7777777777777778,positive,0.7777777777777778
高山景行,1.0,positive,1.0
高山流水,0.5555555555555556,positive,0.5555555555555556
高峻,0.3333333333333333,positive,0.3333333333333333
高强,0.5555555555555556,positive,0.5555555555555556
高性能,0.3333333333333333,positive,0.3333333333333333
高情远意,1.0,positive,1.0
高情远致,1.0,positive,1.0
高情远韵,1.0,positive,1.0
高情逸兴,1.0,positive,1.0
高手,1.0,positive,1.0
高才,0.5555555555555556,positive,0.5555555555555556
高才卓识,0.7777777777777778,positive,0.7777777777777778
高才捷足,0.5555555555555556,positive,0.5555555555555556
高才生,0.5555555555555556,positive,0.5555555555555556
高才疾足,0.7777777777777778,positive,0.7777777777777778
高才绝学,0.7777777777777778,positive,0.7777777777777778
高才远识,0.5555555555555556,positive,0.5555555555555556
高扬,0.3333333333333333,positive,0.3333333333333333
高抬明镜,0.7777777777777778,positive,0.7777777777777778
高招,0.7777777777777778,positive,0.7777777777777778
高效,0.5555555555555556,positive,0.5555555555555556
高效益,0.1111111111111111,positive,0.1111111111111111
高效能,0.3333333333333333,positive,0.3333333333333333
高敞,0.3333333333333333,positive,0.3333333333333333
高斋学士,0.7777777777777778,positive,0.7777777777777778
高新,0.3333333333333333,positive,0.3333333333333333
高旷,0.3333333333333333,positive,0.3333333333333333
高明,0.7777777777777778,positive,0.7777777777777778
高朋满座,0.7777777777777778,positive,0.7777777777777778
高朗,0.3333333333333333,positive,0.3333333333333333
高材捷足,0.7777777777777778,positive,0.7777777777777778
高材疾足,0.7777777777777778,positive,0.7777777777777778
高枕勿忧,1.0,positive,1.0
高枕安卧,0.8888888888888888,positive,0.8888888888888888
高枕安寝,1.0,positive,1.0
高枕而卧,1.0,positive,1.0
高档,0.5555555555555556,positive,0.5555555555555556
高档化,0.3333333333333333,positive,0.3333333333333333
高歌猛进,0.5555555555555556,positive,0.5555555555555556
高步阔视,0.7777777777777778,positive,0.7777777777777778
高洁,0.5555555555555556,positive,0.5555555555555556
高涨,0.3333333333333333,positive,0.3333333333333333
高深,0.1111111111111111,positive,0.1111111111111111
高爽,0.5555555555555556,positive,0.5555555555555556
高着,0.7777777777777778,positive,0.7777777777777778
高瞻远瞩,0.7777777777777778,positive,0.7777777777777778
高矗,0.3333333333333333,positive,0.3333333333333333
高端,0.5555555555555556,positive,0.5555555555555556
高等,0.3333333333333333,positive,0.3333333333333333
高等级,0.3333333333333333,positive,0.3333333333333333
高精尖,0.7777777777777778,positive,0.7777777777777778
高精度,0.3333333333333333,positive,0.3333333333333333
高级,0.5555555555555556,positive,0.5555555555555556
高级化,0.1111111111111111,positive,0.1111111111111111
高纯,0.1111111111111111,positive,0.1111111111111111
高耸,0.3333333333333333,positive,0.3333333333333333
高自位置,0.5555555555555556,positive,0.5555555555555556
高自标树,0.5555555555555556,positive,0.5555555555555556
高节清风,1.0,positive,1.0
高行,1.0,positive,1.0
高见,0.5555555555555556,positive,0.5555555555555556
高见远识,0.7777777777777778,positive,0.7777777777777778
高论,0.7777777777777778,positive,0.7777777777777778
高识远见,0.7777777777777778,positive,0.7777777777777778
高谈雄辩,0.8888888888888888,positive,0.8888888888888888
高质量,0.3333333333333333,positive,0.3333333333333333
高贵,0.7777777777777778,positive,0.7777777777777778
高超,0.7777777777777778,positive,0.7777777777777778
高足,0.5555555555555556,positive,0.5555555555555556
高足弟子,0.3333333333333333,positive,0.3333333333333333
高迈,0.5555555555555556,positive,0.5555555555555556
高速,0.5555555555555556,positive,0.5555555555555556
高遏行云,0.5555555555555556,positive,0.5555555555555556
高门大屋,0.3333333333333333,positive,0.3333333333333333
高雅,0.5555555555555556,positive,0.5555555555555556
高雅简朴,0.5555555555555556,positive,0.5555555555555556
高顾遐视,1.0,positive,1.0
高风,0.7777777777777778,positive,0.7777777777777778
高风亮节,1.0,positive,1.0
高风劲节,1.0,positive,1.0
高飞远举,0.5555555555555556,positive,0.5555555555555556
高高兴兴,0.5555555555555556,positive,0.5555555555555556
鬼功神力,1.0,positive,1.0
鬼哭栗飞,1.0,positive,1.0
鬼工雷斧,1.0,positive,1.0
鬼斧神工,1.0,positive,1.0
鬼神不测,0.7777777777777778,positive,0.7777777777777778
鬼设神施,0.5555555555555556,positive,0.5555555555555556
魁伟,1.0,positive,1.0
魁岸,1.0,positive,1.0
魁梧,0.3333333333333333,positive,0.3333333333333333
魁梧奇伟,0.7777777777777778,positive,0.7777777777777778
魂飞目断,0.7777777777777778,positive,0.7777777777777778
魄力,0.5555555555555556,positive,0.5555555555555556
魏紫姚黄,0.7777777777777778,positive,0.7777777777777778
魏颗结草,1.0,positive,1.0
魔力,0.7777777777777778,positive,0.7777777777777778
鱼水和谐,0.7777777777777778,positive,0.7777777777777778
鱼水情深,1.0,positive,1.0
鱼水相懽,1.0,positive,1.0
鱼水相投,1.0,positive,1.0
鱼沉雁落,1.0,positive,1.0
鱼游濠上,0.5555555555555556,positive,0.5555555555555556
鱼米之乡,0.5555555555555556,positive,0.5555555555555556
鱼跃鸢飞,0.7777777777777778,positive,0.7777777777777778
鱼鱼雅雅,0.7777777777777778,positive,0.7777777777777778
鲁人回日,1.0,positive,1.0
鲁女忧国,1.0,positive,1.0
鲁戈回日,1.0,positive,1.0
鲁戈挥日,1.0,positive,1.0
鲁殿灵光,0.5555555555555556,positive,0.5555555555555556
鲁连蹈海,1.0,positive,1.0
鲁阳回日,1.0,positive,1.0
鲁阳指日,1.0,positive,1.0
鲁阳挥戈,1.0,positive,1.0
鲁阳挥日,1.0,positive,1.0
鲁阳麾戈,1.0,positive,1.0
鲜丽,0.5555555555555556,positive,0.5555555555555556
鲜妍,0.5555555555555556,positive,0.5555555555555556
鲜嫩,0.5555555555555556,positive,0.5555555555555556
鲜活,0.3333333333333333,positive,0.3333333333333333
鲜润,0.5555555555555556,positive,0.5555555555555556
鲜灵,0.5555555555555556,positive,0.5555555555555556
鲜眉亮眼,0.5555555555555556,positive,0.5555555555555556
鲜绿,0.5555555555555556,positive,0.5555555555555556
鲜美,0.1111111111111111,positive,0.1111111111111111
鲜花,0.5555555555555556,positive,0.5555555555555556
鲜车健马,0.5555555555555556,positive,0.5555555555555556
鲠直,0.3333333333333333,positive,0.3333333333333333
鲤鱼跳龙门,0.7777777777777778,positive,0.7777777777777778
鳌头独占,0.5555555555555556,positive,0.5555555555555556
鳌掷鲸吞,0.5555555555555556,positive,0.5555555555555556
鳌掷鲸呿,0.5555555555555556,positive,0.5555555555555556
鳌里夺尊,0.5555555555555556,positive,0.5555555555555556
鳏鱼渴凤,0.7777777777777778,positive,0.7777777777777778
鳞次栉比,0.5555555555555556,positive,0.5555555555555556
鳞集仰流,1.0,positive,1.0
鸟枪换炮,0.5555555555555556,positive,0.5555555555555556
鸡犬不宁,0.3333333333333333,positive,0.3333333333333333
鸡犬不惊,0.7777777777777778,positive,0.7777777777777778
鸡犬无惊,0.5555555555555556,positive,0.5555555555555556
鸡骨支床,0.7777777777777778,positive,0.7777777777777778
鸡鸣而起,0.5555555555555556,positive,0.5555555555555556
鸡鸣起舞,0.7777777777777778,positive,0.7777777777777778
鸢飞鱼跃,0.3333333333333333,positive,0.3333333333333333
鸣于乔木,0.5555555555555556,positive,0.5555555555555556
鸣凤朝阳,0.5555555555555556,positive,0.5555555555555556
鸣野食苹,0.5555555555555556,positive,0.5555555555555556
鸣雁直木,0.5555555555555556,positive,0.5555555555555556
鸣鹤之应,0.5555555555555556,positive,0.5555555555555556
鸱目虎吻,0.7777777777777778,positive,0.7777777777777778
鸳俦凤侣,0.7777777777777778,positive,0.7777777777777778
鸷鸟将击，卑飞敛翼,0.5555555555555556,positive,0.5555555555555556
鸷鸟累百，不如一鹗,0.5555555555555556,positive,0.5555555555555556
鸾交凤俦,0.3333333333333333,positive,0.3333333333333333
鸾交凤友,0.3333333333333333,positive,0.3333333333333333
鸾俦凤侣,0.7777777777777778,positive,0.7777777777777778
鸾停鹄峙,0.5555555555555556,positive,0.5555555555555556
鸾凤分飞,0.3333333333333333,positive,0.3333333333333333
鸾凤和鸣,0.5555555555555556,positive,0.5555555555555556
鸾吟凤唱,0.5555555555555556,positive,0.5555555555555556
鸾回凤翥,0.5555555555555556,positive,0.5555555555555556
鸾歌凤舞,0.7777777777777778,positive,0.7777777777777778
鸾翔凤翥,0.5555555555555556,positive,0.5555555555555556
鸾翔凤集,0.5555555555555556,positive,0.5555555555555556
鸾翱凤翥,0.7777777777777778,positive,0.7777777777777778
鸾舆凤驾,0.5555555555555556,positive,0.5555555555555556
鸾跂鸿惊,0.5555555555555556,positive,0.5555555555555556
鸾音鹤信,0.5555555555555556,positive,0.5555555555555556
鸾风和鸣,0.5555555555555556,positive,0.5555555555555556
鸾飘凤泊,0.7777777777777778,positive,0.7777777777777778
鸾飞凤翥,0.7777777777777778,positive,0.7777777777777778
鸾飞凤舞,0.3333333333333333,positive,0.3333333333333333
鸾鸣凤奏,0.7777777777777778,positive,0.7777777777777778
鸾鹄停峙,0.5555555555555556,positive,0.5555555555555556
鸾鹄在庭,0.5555555555555556,positive,0.5555555555555556
鸿业远图,0.7777777777777778,positive,0.7777777777777778
鸿俦鹤侣,0.7777777777777778,positive,0.7777777777777778
鸿儒,0.7777777777777778,positive,0.7777777777777778
鸿儒硕学,0.7777777777777778,positive,0.7777777777777778
鸿函钜椟,0.7777777777777778,positive,0.7777777777777778
鸿博,0.7777777777777778,positive,0.7777777777777778
鸿图华构,0.5555555555555556,positive,0.5555555555555556
鸿均之世,0.5555555555555556,positive,0.5555555555555556
鸿断鱼沈,0.5555555555555556,positive,0.5555555555555556
鸿案相庄,0.7777777777777778,positive,0.7777777777777778
鸿泥雪爪,0.5555555555555556,positive,0.5555555555555556
鸿渐之仪,0.7777777777777778,positive,0.7777777777777778
鸿渐之翼,0.7777777777777778,positive,0.7777777777777778
鸿渐於干,0.5555555555555556,positive,0.5555555555555556
鸿爪春泥,0.5555555555555556,positive,0.5555555555555556
鸿爪留泥,0.5555555555555556,positive,0.5555555555555556
鸿爪雪泥,0.5555555555555556,positive,0.5555555555555556
鸿福,0.7777777777777778,positive,0.7777777777777778
鸿章钜字,0.7777777777777778,positive,0.7777777777777778
鸿笔丽藻,0.7777777777777778,positive,0.7777777777777778
鸿篇巨制,0.5555555555555556,positive,0.5555555555555556
鸿篇巨著,1.0,positive,1.0
鸿篇钜制,0.7777777777777778,positive,0.7777777777777778
鸿翔鸾起,0.7777777777777778,positive,0.7777777777777778
鸿轩凤翥,0.7777777777777778,positive,0.7777777777777778
鸿运,0.5555555555555556,positive,0.5555555555555556
鸿飞冥冥,0.5555555555555556,positive,0.5555555555555556
鸿鶱凤立,0.7777777777777778,positive,0.7777777777777778
鸿鹄,0.7777777777777778,positive,0.7777777777777778
鸿鹄之志,0.7777777777777778,positive,0.7777777777777778
鹄峙鸾停,0.7777777777777778,positive,0.7777777777777778
鹄峙鸾翔,0.7777777777777778,positive,0.7777777777777778
鹊反鸾惊,0.7777777777777778,positive,0.7777777777777778
鹊桥相会,0.3333333333333333,positive,0.3333333333333333
鹊笑鸠舞,0.7777777777777778,positive,0.7777777777777778
鹊笑鸠舞　,0.7777777777777778,positive,0.7777777777777778
鹊返鸾回,0.5555555555555556,positive,0.5555555555555556
鹏程万里,0.5555555555555556,positive,0.5555555555555556
鹏霄万里,0.5555555555555556,positive,0.5555555555555556
鹘入鸦群,0.7777777777777778,positive,0.7777777777777778
鹡鸰在原,0.5555555555555556,positive,0.5555555555555556
鹣鲽,0.5555555555555556,positive,0.5555555555555556
鹤势螂形,0.5555555555555556,positive,0.5555555555555556
鹤发松姿,0.7777777777777778,positive,0.7777777777777778
鹤发童颜,0.1111111111111111,positive,0.1111111111111111
鹤处鸡群,0.7777777777777778,positive,0.7777777777777778
鹤立鸡群,1.0,positive,1.0
鹤行鸡群,0.7777777777777778,positive,0.7777777777777778
鹤骨松姿,0.5555555555555556,positive,0.5555555555555556
鹤骨松筋,0.5555555555555556,positive,0.5555555555555556
鹤骨龙筋,0.5555555555555556,positive,0.5555555555555556
鹤鸣之士,0.5555555555555556,positive,0.5555555555555556
鹤鸣九皋,0.7777777777777778,positive,0.7777777777777778
鹭朋鸥侣,0.1111111111111111,positive,0.1111111111111111
鹭约鸥盟,0.1111111111111111,positive,0.1111111111111111
鹰击长空,0.5555555555555556,positive,0.5555555555555556
鹰心雁爪,0.5555555555555556,positive,0.5555555555555556
鹰扬虎视,1.0,positive,1.0
鹰觑鹘望,0.5555555555555556,positive,0.5555555555555556
鹿裘不完,0.1111111111111111,positive,0.1111111111111111
鹿车共挽,0.3333333333333333,positive,0.3333333333333333
麈尾之诲,0.7777777777777778,positive,0.7777777777777778
麟凤龟龙,0.7777777777777778,positive,0.7777777777777778
麟子凤雏,1.0,positive,1.0
麟肝凤髓,0.7777777777777778,positive,0.7777777777777778
麟角凤嘴,0.7777777777777778,positive,0.7777777777777778
麟角凤毛,1.0,positive,1.0
麟角凤觜,1.0,positive,1.0
麟角虎翅,1.0,positive,1.0
麦丘之祝,0.7777777777777778,positive,0.7777777777777778
麦秀两岐,0.7777777777777778,positive,0.7777777777777778
麦秀两歧,0.7777777777777778,positive,0.7777777777777778
麦穗两岐,0.7777777777777778,positive,0.7777777777777778
麦穗两歧,0.7777777777777778,positive,0.7777777777777778
麻利,0.3333333333333333,positive,0.3333333333333333
麻姑献寿,0.3333333333333333,positive,0.3333333333333333
黄人守日,0.7777777777777778,positive,0.7777777777777778
黄人捧日,0.7777777777777778,positive,0.7777777777777778
黄河水清,0.7777777777777778,positive,0.7777777777777778
黄粱美梦,0.7777777777777778,positive,0.7777777777777778
黄花晚节,0.7777777777777778,positive,0.7777777777777778
黄道吉日,0.3333333333333333,positive,0.3333333333333333
黄金,0.5555555555555556,positive,0.5555555555555556
黄金世界,0.5555555555555556,positive,0.5555555555555556
黄金时代,0.5555555555555556,positive,0.5555555555555556
黄钟大吕,1.0,positive,1.0
黄雀衔环,0.7777777777777778,positive,0.7777777777777778
黄龙痛饮,1.0,positive,1.0
黑白分明,0.5555555555555556,positive,0.5555555555555556
默契,0.5555555555555556,positive,0.5555555555555556
默祷,0.5555555555555556,positive,0.5555555555555556
默默无言,1.0,positive,1.0
黜陟幽明,0.3333333333333333,positive,0.3333333333333333
黼国黻家,0.7777777777777778,positive,0.7777777777777778
黼蔀黻纪,0.7777777777777778,positive,0.7777777777777778
鼋鸣鳖应,0.3333333333333333,positive,0.3333333333333333
鼎力,0.5555555555555556,positive,0.5555555555555556
鼎助,0.5555555555555556,positive,0.5555555555555556
鼎新,0.3333333333333333,positive,0.3333333333333333
鼎新革故,0.3333333333333333,positive,0.3333333333333333
鼎盛,0.5555555555555556,positive,0.5555555555555556
鼎鼎,0.3333333333333333,positive,0.3333333333333333
鼎鼎大名,0.3333333333333333,positive,0.3333333333333333
鼎鼎有名,0.7777777777777778,positive,0.7777777777777778
鼓乐喧天,0.7777777777777778,positive,0.7777777777777778
鼓乐齐鸣,0.7777777777777778,positive,0.7777777777777778
鼓吹喧阗,0.5555555555555556,positive,0.5555555555555556
鼓歌载舞,0.5555555555555556,positive,0.5555555555555556
鼓腹击壤,0.5555555555555556,positive,0.5555555555555556
鼓腹含和,0.5555555555555556,positive,0.5555555555555556
鼓腹含哺,0.5555555555555556,positive,0.5555555555555556
鼓腹讴歌,0.5555555555555556,positive,0.5555555555555556
鼓舞,0.5555555555555556,positive,0.5555555555555556
鼓舞人心,0.3333333333333333,positive,0.3333333333333333
鼓舞欢忻,0.7777777777777778,positive,0.7777777777777778
鼓舞欢欣,0.7777777777777778,positive,0.7777777777777778
鼻祖,0.7777777777777778,positive,0.7777777777777778
齐天洪福,1.0,positive,1.0
齐心协力,0.5555555555555556,positive,0.5555555555555556
齐截,0.5555555555555556,positive,0.5555555555555556
齐整,0.3333333333333333,positive,0.3333333333333333
齿白唇红,0.7777777777777778,positive,0.7777777777777778
龙举云兴,0.7777777777777778,positive,0.7777777777777778
龙举云属,0.7777777777777778,positive,0.7777777777777778
龙伸蠖屈,0.7777777777777778,positive,0.7777777777777778
龙兴云属,0.7777777777777778,positive,0.7777777777777778
龙兴凤举,1.0,positive,1.0
龙凤呈祥,0.7777777777777778,positive,0.7777777777777778
龙去鼎湖,0.7777777777777778,positive,0.7777777777777778
龙吟虎啸,1.0,positive,1.0
龙姿凤采,0.7777777777777778,positive,0.7777777777777778
龙威燕颔,0.7777777777777778,positive,0.7777777777777778
龙威虎震,0.7777777777777778,positive,0.7777777777777778
龙德在田,0.3333333333333333,positive,0.3333333333333333
龙心凤肝,0.7777777777777778,positive,0.7777777777777778
龙战玄黄,0.3333333333333333,positive,0.3333333333333333
龙攀凤附,1.0,positive,1.0
龙盘凤翥,0.5555555555555556,positive,0.5555555555555556
龙盘凤舞,0.7777777777777778,positive,0.7777777777777778
龙盘虎拏,0.5555555555555556,positive,0.5555555555555556
龙眉凤目,0.5555555555555556,positive,0.5555555555555556
龙眉皓发,0.3333333333333333,positive,0.3333333333333333
龙眉豹颈,0.7777777777777778,positive,0.7777777777777778
龙神马壮,0.7777777777777778,positive,0.7777777777777778
龙章凤函,0.7777777777777778,positive,0.7777777777777778
龙章凤姿,0.7777777777777778,positive,0.7777777777777778
龙章凤彩,0.7777777777777778,positive,0.7777777777777778
龙章秀骨,0.7777777777777778,positive,0.7777777777777778
龙章麟角,0.7777777777777778,positive,0.7777777777777778
龙精虎猛,0.7777777777777778,positive,0.7777777777777778
龙翔凤翥,0.7777777777777778,positive,0.7777777777777778
龙翔凤舞,0.5555555555555556,positive,0.5555555555555556
龙翔凤跃,0.7777777777777778,positive,0.7777777777777778
龙翔虎跃,0.5555555555555556,positive,0.5555555555555556
龙翰凤翼,0.7777777777777778,positive,0.7777777777777778
龙翰凤雏,0.7777777777777778,positive,0.7777777777777778
龙肝凤髓,0.7777777777777778,positive,0.7777777777777778
龙肝豹胎,0.7777777777777778,positive,0.7777777777777778
龙腾凤集,0.7777777777777778,positive,0.7777777777777778
龙腾虎啸,0.7777777777777778,positive,0.7777777777777778
龙腾虎掷,0.7777777777777778,positive,0.7777777777777778
龙腾虎跃,0.7777777777777778,positive,0.7777777777777778
龙腾虎踞,0.5555555555555556,positive,0.5555555555555556
龙腾虎踯,0.7777777777777778,positive,0.7777777777777778
龙腾虎蹴,0.7777777777777778,positive,0.7777777777777778
龙腾豹变,0.7777777777777778,positive,0.7777777777777778
龙蛇飞动,0.5555555555555556,positive,0.5555555555555556
龙蛇飞舞,0.5555555555555556,positive,0.5555555555555556
龙蛰蠖屈,0.5555555555555556,positive,0.5555555555555556
龙蟠虎伏,0.5555555555555556,positive,0.5555555555555556
龙蟠虎绕,0.3333333333333333,positive,0.3333333333333333
龙血凤髓,0.3333333333333333,positive,0.3333333333333333
龙行虎变,0.7777777777777778,positive,0.7777777777777778
龙行虎步,0.5555555555555556,positive,0.5555555555555556
龙言凤语,0.7777777777777778,positive,0.7777777777777778
龙跃凤鸣,1.0,positive,1.0
龙跃虎踞,0.7777777777777778,positive,0.7777777777777778
龙跧虎卧,0.3333333333333333,positive,0.3333333333333333
龙跳虎伏,0.7777777777777778,positive,0.7777777777777778
龙跳虎卧,0.7777777777777778,positive,0.7777777777777778
龙雏凤种,0.5555555555555556,positive,0.5555555555555556
龙雕凤咀,0.7777777777777778,positive,0.7777777777777778
龙颜凤姿,0.5555555555555556,positive,0.5555555555555556
龙飞凤翔,0.5555555555555556,positive,0.5555555555555556
龙飞凤翥,0.5555555555555556,positive,0.5555555555555556
龙飞凤舞,0.5555555555555556,positive,0.5555555555555556
龙飞虎跳,0.5555555555555556,positive,0.5555555555555556
龙马精神,0.5555555555555556,positive,0.5555555555555556
龙驹凤雏,0.7777777777777778,positive,0.7777777777777778
龙骧虎啸,0.7777777777777778,positive,0.7777777777777778
龙骧虎步,0.7777777777777778,positive,0.7777777777777778
龙骧虎视,1.0,positive,1.0
龙骧虎跱,0.7777777777777778,positive,0.7777777777777778
龙骧麟振,0.7777777777777778,positive,0.7777777777777778
龟年鹤寿,0.7777777777777778,positive,0.7777777777777778
龟年鹤算,0.7777777777777778,positive,0.7777777777777778
龟鹤,0.3333333333333333,positive,0.3333333333333333
龟鹤遐龄,0.3333333333333333,positive,0.3333333333333333
龟龄鹤算,0.7777777777777778,positive,0.7777777777777778
