word,score,polarity,abs_score
2气斗狠,-1.0,negative,1.0
一丘之貉,-0.5555555555555556,negative,0.5555555555555556
一个心眼,-0.3333333333333333,negative,0.3333333333333333
一之谓甚,-0.5555555555555556,negative,0.5555555555555556
一事无成,-0.5555555555555556,negative,0.5555555555555556
一人得道，鸡犬升天,-0.5555555555555556,negative,0.5555555555555556
一偏,-0.3333333333333333,negative,0.3333333333333333
一傅众修,-0.3333333333333333,negative,0.3333333333333333
一刀两断,-0.5555555555555556,negative,0.5555555555555556
一刀两段,-0.5555555555555556,negative,0.5555555555555556
一则以喜，一则以惧,-0.7777777777777778,negative,0.7777777777777778
一口吃个胖子,-0.7777777777777778,negative,0.7777777777777778
一口吸尽西江水,-0.5555555555555556,negative,0.5555555555555556
一叶蔽目,-0.5555555555555556,negative,0.5555555555555556
一叶蔽目，不见泰山,-0.7777777777777778,negative,0.7777777777777778
一味,-0.5555555555555556,negative,0.5555555555555556
一哄而散,-0.3333333333333333,negative,0.3333333333333333
一哄而起,-0.3333333333333333,negative,0.3333333333333333
一唱一和,-0.3333333333333333,negative,0.3333333333333333
一国三公,-0.7777777777777778,negative,0.7777777777777778
一塌糊涂,-1.0,negative,1.0
一塌胡涂,-0.7777777777777778,negative,0.7777777777777778
一失足成千古恨,-0.5555555555555556,negative,0.5555555555555556
一头儿沉,-0.3333333333333333,negative,0.3333333333333333
一孔之见,-0.5555555555555556,negative,0.5555555555555556
一己之私,-0.7777777777777778,negative,0.7777777777777778
一帮,-0.3333333333333333,negative,0.3333333333333333
一年被蛇咬，三年怕草索,-0.8888888888888888,negative,0.8888888888888888
一座皆惊,-1.0,negative,1.0
一念之差,-0.3333333333333333,negative,0.3333333333333333
一意孤行,-0.7777777777777778,negative,0.7777777777777778
一成不变,-0.3333333333333333,negative,0.3333333333333333
一手包办,-0.5555555555555556,negative,0.5555555555555556
一手遮天,-0.5555555555555556,negative,0.5555555555555556
一把死拿,-0.5555555555555556,negative,0.5555555555555556
一推六二五,-0.5555555555555556,negative,0.5555555555555556
一掷千金,-1.0,negative,1.0
一掷百万,-1.0,negative,1.0
一文不值,-0.7777777777777778,negative,0.7777777777777778
一文如命,-0.7777777777777778,negative,0.7777777777777778
一无可取,-0.7777777777777778,negative,0.7777777777777778
一无所成,-0.7777777777777778,negative,0.7777777777777778
一无所能,-0.7777777777777778,negative,0.7777777777777778
一无所长,-1.0,negative,1.0
一无是处,-1.0,negative,1.0
一无长物,-0.5555555555555556,negative,0.5555555555555556
一暴十寒,-0.5555555555555556,negative,0.5555555555555556
一曝十寒,-0.5555555555555556,negative,0.5555555555555556
一朝之忿,-1.0,negative,1.0
一朝天子一朝臣,-0.7777777777777778,negative,0.7777777777777778
一朝权在手，便把令来行,-0.5555555555555556,negative,0.5555555555555556
一棍子打死,-0.7777777777777778,negative,0.7777777777777778
一步一鬼,-0.7777777777777778,negative,0.7777777777777778
一毛不拔,-0.7777777777777778,negative,0.7777777777777778
一波三折,-1.0,negative,1.0
一浆十饼,-0.3333333333333333,negative,0.3333333333333333
一潭死水,-0.7777777777777778,negative,0.7777777777777778
一物不知,-0.3333333333333333,negative,0.3333333333333333
一犬吠形，百犬吠声,-0.7777777777777778,negative,0.7777777777777778
一盘散沙,-0.5555555555555556,negative,0.5555555555555556
一着不慎，满盘皆输,-0.3333333333333333,negative,0.3333333333333333
一知半解,-0.5555555555555556,negative,0.5555555555555556
一知半解　,-0.5555555555555556,negative,0.5555555555555556
一窍不通,-0.5555555555555556,negative,0.5555555555555556
一窝蜂,-0.3333333333333333,negative,0.3333333333333333
一簧两舌,-0.5555555555555556,negative,0.5555555555555556
一纸空文,-0.5555555555555556,negative,0.5555555555555556
一脸横肉,-1.0,negative,1.0
一草一木,-0.5555555555555556,negative,0.5555555555555556
一蛇两头,-1.0,negative,1.0
一触即溃,-1.0,negative,1.0
一言堂,-0.5555555555555556,negative,0.5555555555555556
一误再误,-0.7777777777777778,negative,0.7777777777777778
一败如水,-0.7777777777777778,negative,0.7777777777777778
一败涂地,-0.7777777777777778,negative,0.7777777777777778
一蹶不振,-0.7777777777777778,negative,0.7777777777777778
一钱不值,-0.7777777777777778,negative,0.7777777777777778
一钱如命,-1.0,negative,1.0
一锹掘个井,-0.7777777777777778,negative,0.7777777777777778
一问三不知,-0.3333333333333333,negative,0.3333333333333333
一隅,-0.3333333333333333,negative,0.3333333333333333
一隅之见,-0.5555555555555556,negative,0.5555555555555556
一面之词,-0.1111111111111111,negative,0.1111111111111111
一鼻孔出气,-0.5555555555555556,negative,0.5555555555555556
七手八脚,-0.3333333333333333,negative,0.3333333333333333
七拼八凑,-0.3333333333333333,negative,0.3333333333333333
七捞八攘,-0.3333333333333333,negative,0.3333333333333333
七窍冒火,-1.0,negative,1.0
七舌八嘴,-0.5555555555555556,negative,0.5555555555555556
七零八落,-0.7777777777777778,negative,0.7777777777777778
七颠八倒,-0.3333333333333333,negative,0.3333333333333333
七首八脚,-0.5555555555555556,negative,0.5555555555555556
万不得已,-0.7777777777777778,negative,0.7777777777777778
万恶,-0.7777777777777778,negative,0.7777777777777778
万民涂炭,-1.0,negative,1.0
万箭攒心,-1.0,negative,1.0
万马齐喑,-0.5555555555555556,negative,0.5555555555555556
三人成虎,-0.5555555555555556,negative,0.5555555555555556
三从四德,-0.5555555555555556,negative,0.5555555555555556
三光政策,-0.7777777777777778,negative,0.7777777777777778
三分像人，七分像鬼,-0.5555555555555556,negative,0.5555555555555556
三分鼎足,-1.0,negative,1.0
三反四覆,-0.5555555555555556,negative,0.5555555555555556
三天打鱼两天晒网,-0.3333333333333333,negative,0.3333333333333333
三天打鱼，两天晒网,-0.5555555555555556,negative,0.5555555555555556
三头两日,-0.5555555555555556,negative,0.5555555555555556
三头两面,-0.3333333333333333,negative,0.3333333333333333
三头二面,-0.7777777777777778,negative,0.7777777777777778
三好两歉,-0.5555555555555556,negative,0.5555555555555556
三好两歹,-0.5555555555555556,negative,0.5555555555555556
三好二怯,-0.5555555555555556,negative,0.5555555555555556
三尸五鬼,-0.5555555555555556,negative,0.5555555555555556
三差两错,-0.5555555555555556,negative,0.5555555555555556
三心两意,-0.5555555555555556,negative,0.5555555555555556
三心二意,-0.3333333333333333,negative,0.3333333333333333
三日打鱼，两日晒网,-0.7777777777777778,negative,0.7777777777777778
三日新妇,-0.5555555555555556,negative,0.5555555555555556
三旨相公,-0.5555555555555556,negative,0.5555555555555556
三旬九食,-0.3333333333333333,negative,0.3333333333333333
三智五猜,-0.5555555555555556,negative,0.5555555555555556
三期贤佞,-0.5555555555555556,negative,0.5555555555555556
三灾八难,-0.5555555555555556,negative,0.5555555555555556
三灾六难,-0.5555555555555556,negative,0.5555555555555556
三纸无驴,-0.5555555555555556,negative,0.5555555555555556
三翻四复,-0.5555555555555556,negative,0.5555555555555556
三翻四覆,-0.5555555555555556,negative,0.5555555555555556
三般两样,-0.7777777777777778,negative,0.7777777777777778
三花脸,-0.5555555555555556,negative,0.5555555555555556
三言讹虎,-0.5555555555555556,negative,0.5555555555555556
三长四短,-0.5555555555555556,negative,0.5555555555555556
三风十愆,-0.7777777777777778,negative,0.7777777777777778
上下其手,-1.0,negative,1.0
上不得台盘,-0.5555555555555556,negative,0.5555555555555556
上之所好，下必甚焉,-0.5555555555555556,negative,0.5555555555555556
上刑,-0.5555555555555556,negative,0.5555555555555556
上吊,-0.7777777777777778,negative,0.7777777777777778
上天无路,-0.5555555555555556,negative,0.5555555555555556
上慢下暴,-0.7777777777777778,negative,0.7777777777777778
上援下推,-0.5555555555555556,negative,0.5555555555555556
"上无片瓦,下无插针之地",-0.5555555555555556,negative,0.5555555555555556
上梁不正下梁歪,-0.7777777777777778,negative,0.7777777777777778
上楼去梯,-0.7777777777777778,negative,0.7777777777777778
上窜下跳,-0.5555555555555556,negative,0.5555555555555556
上等轮胎－有气难出,-0.3333333333333333,negative,0.3333333333333333
上行下效,-0.3333333333333333,negative,0.3333333333333333
上赶,-0.7777777777777778,negative,0.7777777777777778
上赶着,-0.7777777777777778,negative,0.7777777777777778
下三滥,-1.0,negative,1.0
下三烂,-0.7777777777777778,negative,0.7777777777777778
下作,-0.7777777777777778,negative,0.7777777777777778
下品,-0.3333333333333333,negative,0.3333333333333333
下场,-0.5555555555555556,negative,0.5555555555555556
下气怡声,-0.1111111111111111,negative,0.1111111111111111
下流,-0.7777777777777778,negative,0.7777777777777778
下等,-0.3333333333333333,negative,0.3333333333333333
下脚货,-0.3333333333333333,negative,0.3333333333333333
下药,-0.5555555555555556,negative,0.5555555555555556
下贱,-1.0,negative,1.0
下车作威,-0.5555555555555556,negative,0.5555555555555556
下陵上替,-0.5555555555555556,negative,0.5555555555555556
不三不四,-0.7777777777777778,negative,0.7777777777777778
不中,-0.5555555555555556,negative,0.5555555555555556
不义,-0.7777777777777778,negative,0.7777777777777778
不义之财,-0.7777777777777778,negative,0.7777777777777778
不了不当,-0.5555555555555556,negative,0.5555555555555556
不了了之,-0.3333333333333333,negative,0.3333333333333333
不人道,-0.7777777777777778,negative,0.7777777777777778
不仁,-0.7777777777777778,negative,0.7777777777777778
不仁不义,-1.0,negative,1.0
不今不古,-0.3333333333333333,negative,0.3333333333333333
不以为意,-0.5555555555555556,negative,0.5555555555555556
不以为然,-0.7777777777777778,negative,0.7777777777777778
不以为耻,-0.7777777777777778,negative,0.7777777777777778
不伏烧埋,-0.5555555555555556,negative,0.5555555555555556
不伦不类,-0.7777777777777778,negative,0.7777777777777778
不佞,-0.5555555555555556,negative,0.5555555555555556
不修边幅,-0.3333333333333333,negative,0.3333333333333333
不值一哂,-0.5555555555555556,negative,0.5555555555555556
不值一提,-0.3333333333333333,negative,0.3333333333333333
不值一文,-1.0,negative,1.0
不值一笑,-0.5555555555555556,negative,0.5555555555555556
不值一钱,-0.7777777777777778,negative,0.7777777777777778
不值一顾,-0.5555555555555556,negative,0.5555555555555556
不像话,-1.0,negative,1.0
不僧不俗,-0.5555555555555556,negative,0.5555555555555556
不克,-0.3333333333333333,negative,0.3333333333333333
不入时宜,-0.5555555555555556,negative,0.5555555555555556
不公,-0.3333333333333333,negative,0.3333333333333333
不凉不酸,-0.5555555555555556,negative,0.5555555555555556
不分皁白,-0.5555555555555556,negative,0.5555555555555556
不分皂白,-0.5555555555555556,negative,0.5555555555555556
不分青白,-0.5555555555555556,negative,0.5555555555555556
不分青红皂白,-0.7777777777777778,negative,0.7777777777777778
不切实际,-0.7777777777777778,negative,0.7777777777777778
不利,-0.5555555555555556,negative,0.5555555555555556
不到黄河心不死,-0.5555555555555556,negative,0.5555555555555556
不力,-0.5555555555555556,negative,0.5555555555555556
不务正业,-0.5555555555555556,negative,0.5555555555555556
不劣方头,-0.5555555555555556,negative,0.5555555555555556
不劳而获,-0.5555555555555556,negative,0.5555555555555556
不及,-0.5555555555555556,negative,0.5555555555555556
不可,-0.5555555555555556,negative,0.5555555555555556
不可一世,-0.7777777777777778,negative,0.7777777777777778
不可企及,-0.7777777777777778,negative,0.7777777777777778
不可告人,-0.5555555555555556,negative,0.5555555555555556
不可挽回,-0.5555555555555556,negative,0.5555555555555556
不可救药,-0.5555555555555556,negative,0.5555555555555556
不可教训,-0.5555555555555556,negative,0.5555555555555556
不可理喻,-0.5555555555555556,negative,0.5555555555555556
不可究诘,-0.7777777777777778,negative,0.7777777777777778
不合时宜,-0.3333333333333333,negative,0.3333333333333333
不合理,-0.3333333333333333,negative,0.3333333333333333
不名一文,-0.5555555555555556,negative,0.5555555555555556
不名一钱,-0.1111111111111111,negative,0.1111111111111111
不名誉,-0.7777777777777778,negative,0.7777777777777778
不周,-0.3333333333333333,negative,0.3333333333333333
不咸不淡,-0.5555555555555556,negative,0.5555555555555556
不啻,-0.7777777777777778,negative,0.7777777777777778
不因人热,-0.5555555555555556,negative,0.5555555555555556
不在其位，不谋其政,-0.5555555555555556,negative,0.5555555555555556
不坚定,-0.5555555555555556,negative,0.5555555555555556
不堪,-1.0,negative,1.0
不堪一击,-0.5555555555555556,negative,0.5555555555555556
不堪入目,-1.0,negative,1.0
不堪入耳,-0.7777777777777778,negative,0.7777777777777778
不堪其忧,-0.7777777777777778,negative,0.7777777777777778
不堪回首,-0.7777777777777778,negative,0.7777777777777778
不堪设想,-0.7777777777777778,negative,0.7777777777777778
不堪造就,-1.0,negative,1.0
不外,-0.5555555555555556,negative,0.5555555555555556
不够,-0.5555555555555556,negative,0.5555555555555556
不好,-0.3333333333333333,negative,0.3333333333333333
不如意事常八九,-0.3333333333333333,negative,0.3333333333333333
不妥,-0.5555555555555556,negative,0.5555555555555556
不孝,-0.7777777777777778,negative,0.7777777777777778
不学无术,-0.7777777777777778,negative,0.7777777777777778
不学无识,-0.5555555555555556,negative,0.5555555555555556
不安于室,-0.5555555555555556,negative,0.5555555555555556
不宜,-0.3333333333333333,negative,0.3333333333333333
不容置喙,-0.7777777777777778,negative,0.7777777777777778
不对,-0.3333333333333333,negative,0.3333333333333333
不对茬儿,-0.5555555555555556,negative,0.5555555555555556
不屑于,-0.5555555555555556,negative,0.5555555555555556
不干不净,-0.3333333333333333,negative,0.3333333333333333
不平等条约,-0.7777777777777778,negative,0.7777777777777778
不廉,-0.7777777777777778,negative,0.7777777777777778
不开化,-0.7777777777777778,negative,0.7777777777777778
不当,-0.3333333333333333,negative,0.3333333333333333
不待见,-0.5555555555555556,negative,0.5555555555555556
不得人心,-0.7777777777777778,negative,0.7777777777777778
不得其死,-0.3333333333333333,negative,0.3333333333333333
不得劲,-0.5555555555555556,negative,0.5555555555555556
不得善终,-0.5555555555555556,negative,0.5555555555555556
不得已,-0.7777777777777778,negative,0.7777777777777778
不得要领,-0.3333333333333333,negative,0.3333333333333333
不忍,-0.5555555555555556,negative,0.5555555555555556
不快,-0.5555555555555556,negative,0.5555555555555556
不怀好意,-0.5555555555555556,negative,0.5555555555555556
不怎么样,-0.3333333333333333,negative,0.3333333333333333
不恤,-0.5555555555555556,negative,0.5555555555555556
不成体统,-0.7777777777777778,negative,0.7777777777777778
不成器,-0.5555555555555556,negative,0.5555555555555556
不成才,-0.5555555555555556,negative,0.5555555555555556
不成材,-0.5555555555555556,negative,0.5555555555555556
不成样子,-0.7777777777777778,negative,0.7777777777777778
不成话,-0.5555555555555556,negative,0.5555555555555556
不才,-0.7777777777777778,negative,0.7777777777777778
不扬,-0.3333333333333333,negative,0.3333333333333333
不护细行,-0.5555555555555556,negative,0.5555555555555556
不拔一毛,-0.5555555555555556,negative,0.5555555555555556
不拘小节,-0.1111111111111111,negative,0.1111111111111111
不择手段,-0.7777777777777778,negative,0.7777777777777778
不择生冷,-0.5555555555555556,negative,0.5555555555555556
不攻自破,-0.1111111111111111,negative,0.1111111111111111
不敏,-0.5555555555555556,negative,0.5555555555555556
不教而诛,-0.5555555555555556,negative,0.5555555555555556
不敢越雷池一步,-0.5555555555555556,negative,0.5555555555555556
不敬,-0.7777777777777778,negative,0.7777777777777778
不整齐,-0.3333333333333333,negative,0.3333333333333333
不敷,-0.5555555555555556,negative,0.5555555555555556
不文不武,-0.5555555555555556,negative,0.5555555555555556
不旋踵,-0.5555555555555556,negative,0.5555555555555556
不明不白,-0.5555555555555556,negative,0.5555555555555556
不是,-0.5555555555555556,negative,0.5555555555555556
不是滋味儿,-0.3333333333333333,negative,0.3333333333333333
不是话,-0.7777777777777778,negative,0.7777777777777778
不晓世务,-0.5555555555555556,negative,0.5555555555555556
不景气,-0.7777777777777778,negative,0.7777777777777778
不更事,-0.3333333333333333,negative,0.3333333333333333
不朗不秀,-0.5555555555555556,negative,0.5555555555555556
不期而然,-0.7777777777777778,negative,0.7777777777777778
不根之论,-0.5555555555555556,negative,0.5555555555555556
不死不活,-0.5555555555555556,negative,0.5555555555555556
不毛之地,-0.5555555555555556,negative,0.5555555555555556
不求甚解,-0.3333333333333333,negative,0.3333333333333333
不治之症,-0.5555555555555556,negative,0.5555555555555556
不法,-0.3333333333333333,negative,0.3333333333333333
不洁,-1.0,negative,1.0
不测,-0.7777777777777778,negative,0.7777777777777778
不测之罪,-0.5555555555555556,negative,0.5555555555555556
不济,-0.5555555555555556,negative,0.5555555555555556
不济事,-0.7777777777777778,negative,0.7777777777777778
不消,-0.7777777777777778,negative,0.7777777777777778
不清不楚,-0.5555555555555556,negative,0.5555555555555556
不清不白,-0.7777777777777778,negative,0.7777777777777778
不渝,-0.7777777777777778,negative,0.7777777777777778
不满,-0.3333333333333333,negative,0.3333333333333333
不由分说,-0.3333333333333333,negative,0.3333333333333333
不痛不痒,-0.5555555555555556,negative,0.5555555555555556
不登大雅,-0.5555555555555556,negative,0.5555555555555556
不直一文,-0.5555555555555556,negative,0.5555555555555556
不直一钱,-0.5555555555555556,negative,0.5555555555555556
不相闻问杜门谢客,-0.5555555555555556,negative,0.5555555555555556
不看了了,-0.3333333333333333,negative,0.3333333333333333
不着调,-0.5555555555555556,negative,0.5555555555555556
不着边际,-0.3333333333333333,negative,0.3333333333333333
不知利害,-0.5555555555555556,negative,0.5555555555555556
不知天高地厚,-0.5555555555555556,negative,0.5555555555555556
不知头脑,-0.5555555555555556,negative,0.5555555555555556
不知好歹,-0.5555555555555556,negative,0.5555555555555556
不知就里,-0.5555555555555556,negative,0.5555555555555556
不知所为,-0.5555555555555556,negative,0.5555555555555556
不知所云,-0.5555555555555556,negative,0.5555555555555556
不知所从,-0.5555555555555556,negative,0.5555555555555556
不知所以,-0.5555555555555556,negative,0.5555555555555556
不知所厝,-0.5555555555555556,negative,0.5555555555555556
不知所错,-0.5555555555555556,negative,0.5555555555555556
不知死活,-0.5555555555555556,negative,0.5555555555555556
不知深浅,-0.3333333333333333,negative,0.3333333333333333
不知甘苦,-0.7777777777777778,negative,0.7777777777777778
不知疼痒,-0.5555555555555556,negative,0.5555555555555556
不知痛痒,-0.5555555555555556,negative,0.5555555555555556
不知羞耻,-0.7777777777777778,negative,0.7777777777777778
不知薡蕫,-0.5555555555555556,negative,0.5555555555555556
不知轻重,-0.7777777777777778,negative,0.7777777777777778
不知进退,-0.5555555555555556,negative,0.5555555555555556
不知颠倒,-0.5555555555555556,negative,0.5555555555555556
不知高下,-0.5555555555555556,negative,0.5555555555555556
不知高低,-0.7777777777777778,negative,0.7777777777777778
不稂不莠,-0.7777777777777778,negative,0.7777777777777778
不稳平衡,-0.5555555555555556,negative,0.5555555555555556
不稼不穑,-0.5555555555555556,negative,0.5555555555555556
不端,-0.5555555555555556,negative,0.5555555555555556
不符,-0.5555555555555556,negative,0.5555555555555556
不管三七二十一,-0.3333333333333333,negative,0.3333333333333333
不管不顾,-0.3333333333333333,negative,0.3333333333333333
不经之语,-0.5555555555555556,negative,0.5555555555555556
不经之说,-0.5555555555555556,negative,0.5555555555555556
不经之谈,-0.3333333333333333,negative,0.3333333333333333
不置褒贬,-0.3333333333333333,negative,0.3333333333333333
不耕而食，不蚕而衣,-0.3333333333333333,negative,0.3333333333333333
不肖,-0.7777777777777778,negative,0.7777777777777778
不肖子孙,-0.5555555555555556,negative,0.5555555555555556
不胜衣,-0.1111111111111111,negative,0.1111111111111111
不脩边幅,-0.5555555555555556,negative,0.5555555555555556
不自量,-0.5555555555555556,negative,0.5555555555555556
不自量力,-0.5555555555555556,negative,0.5555555555555556
不舞之鹤,-0.5555555555555556,negative,0.5555555555555556
不良,-0.3333333333333333,negative,0.3333333333333333
不落边际,-0.5555555555555556,negative,0.5555555555555556
不行,-0.7777777777777778,negative,0.7777777777777778
不衫不履,-0.3333333333333333,negative,0.3333333333333333
不要脸,-0.7777777777777778,negative,0.7777777777777778
不见天日,-0.7777777777777778,negative,0.7777777777777778
不见得,-0.5555555555555556,negative,0.5555555555555556
不见棺材不落泪,-0.5555555555555556,negative,0.5555555555555556
不见经传,-0.1111111111111111,negative,0.1111111111111111
不觉技痒,-0.5555555555555556,negative,0.5555555555555556
不识一丁,-0.5555555555555556,negative,0.5555555555555556
不识东家,-0.5555555555555556,negative,0.5555555555555556
不识之无,-0.5555555555555556,negative,0.5555555555555556
不识人间有羞耻事,-0.7777777777777778,negative,0.7777777777777778
不识大体,-0.3333333333333333,negative,0.3333333333333333
不识好歹,-0.5555555555555556,negative,0.5555555555555556
不识局面,-0.5555555555555556,negative,0.5555555555555556
不识抬举,-0.5555555555555556,negative,0.5555555555555556
不识时务,-0.3333333333333333,negative,0.3333333333333333
不识时变,-0.3333333333333333,negative,0.3333333333333333
不识泰山,-0.5555555555555556,negative,0.5555555555555556
不识起倒,-0.5555555555555556,negative,0.5555555555555556
不识闲儿,-0.3333333333333333,negative,0.3333333333333333
不详,-0.5555555555555556,negative,0.5555555555555556
不起眼,-0.3333333333333333,negative,0.3333333333333333
不起眼儿,-0.3333333333333333,negative,0.3333333333333333
不足,-0.5555555555555556,negative,0.5555555555555556
不足为凭,-0.3333333333333333,negative,0.3333333333333333
不足为外人道,-0.3333333333333333,negative,0.3333333333333333
不足为据,-0.7777777777777778,negative,0.7777777777777778
不足取,-0.5555555555555556,negative,0.5555555555555556
不足挂齿,-0.3333333333333333,negative,0.3333333333333333
不足轻重,-1.0,negative,1.0
不足道,-0.1111111111111111,negative,0.1111111111111111
不足齿数,-0.5555555555555556,negative,0.5555555555555556
不轨,-0.3333333333333333,negative,0.3333333333333333
不辞而别,-0.3333333333333333,negative,0.3333333333333333
不辨菽粟,-0.5555555555555556,negative,0.5555555555555556
不辨菽麦,-0.7777777777777778,negative,0.7777777777777778
不辨龙蛇,-0.5555555555555556,negative,0.5555555555555556
不辩菽麦,-0.5555555555555556,negative,0.5555555555555556
不近人情,-0.3333333333333333,negative,0.3333333333333333
不近情理,-0.7777777777777778,negative,0.7777777777777778
不迭,-0.5555555555555556,negative,0.5555555555555556
不适,-0.5555555555555556,negative,0.5555555555555556
不逊,-0.5555555555555556,negative,0.5555555555555556
不透明,-0.3333333333333333,negative,0.3333333333333333
不通水火,-0.5555555555555556,negative,0.5555555555555556
不逞,-0.3333333333333333,negative,0.3333333333333333
不逞之徒,-0.5555555555555556,negative,0.5555555555555556
不遂,-0.5555555555555556,negative,0.5555555555555556
不遑,-0.7777777777777778,negative,0.7777777777777778
不道,-0.7777777777777778,negative,0.7777777777777778
不道德,-0.7777777777777778,negative,0.7777777777777778
不避斧钺,-0.5555555555555556,negative,0.5555555555555556
不避汤火,-0.5555555555555556,negative,0.5555555555555556
不郎不秀,-0.7777777777777778,negative,0.7777777777777778
不问是非情由,-0.7777777777777778,negative,0.7777777777777778
不问皁白,-0.5555555555555556,negative,0.5555555555555556
不问青红皂白,-0.7777777777777778,negative,0.7777777777777778
不闻不问,-0.1111111111111111,negative,0.1111111111111111
不阴不阳,-0.5555555555555556,negative,0.5555555555555556
不雅,-0.3333333333333333,negative,0.3333333333333333
不韪,-0.7777777777777778,negative,0.7777777777777778
不食之地,-0.5555555555555556,negative,0.5555555555555556
不齿,-0.3333333333333333,negative,0.3333333333333333
不齿于人,-0.5555555555555556,negative,0.5555555555555556
不手药,-0.5555555555555556,negative,0.5555555555555556
与世俯仰,-0.7777777777777778,negative,0.7777777777777778
与世沈浮,-0.5555555555555556,negative,0.5555555555555556
与世沉浮,-0.5555555555555556,negative,0.5555555555555556
与世浮沉,-0.5555555555555556,negative,0.5555555555555556
与时沉浮,-0.3333333333333333,negative,0.3333333333333333
与虎谋皮,-1.0,negative,1.0
丑事,-0.5555555555555556,negative,0.5555555555555556
丑八怪,-0.5555555555555556,negative,0.5555555555555556
丑剧,-0.1111111111111111,negative,0.1111111111111111
丑化,-0.3333333333333333,negative,0.3333333333333333
丑史,-0.5555555555555556,negative,0.5555555555555556
丑婆子,-0.7777777777777778,negative,0.7777777777777778
丑态,-0.3333333333333333,negative,0.3333333333333333
丑态毕露,-1.0,negative,1.0
丑态百出,-0.5555555555555556,negative,0.5555555555555556
丑恶,-0.5555555555555556,negative,0.5555555555555556
丑类,-0.5555555555555556,negative,0.5555555555555556
丑行,-0.5555555555555556,negative,0.5555555555555556
丑角,-0.3333333333333333,negative,0.3333333333333333
丑诋,-0.5555555555555556,negative,0.5555555555555556
丑话,-0.1111111111111111,negative,0.1111111111111111
丑闻,-0.3333333333333333,negative,0.3333333333333333
丑陋,-0.5555555555555556,negative,0.5555555555555556
专制,-0.5555555555555556,negative,0.5555555555555556
专擅,-0.5555555555555556,negative,0.5555555555555556
专断,-0.3333333333333333,negative,0.3333333333333333
专权,-0.5555555555555556,negative,0.5555555555555556
专横,-0.5555555555555556,negative,0.5555555555555556
专横跋扈,-0.5555555555555556,negative,0.5555555555555556
专欲难成,-0.5555555555555556,negative,0.5555555555555556
世事纷扰,-0.5555555555555556,negative,0.5555555555555556
世俗,-0.5555555555555556,negative,0.5555555555555556
世弊,-0.3333333333333333,negative,0.3333333333333333
世态炎凉,-1.0,negative,1.0
世故,-0.5555555555555556,negative,0.5555555555555556
世殊事异,-0.3333333333333333,negative,0.3333333333333333
世风日下,-0.7777777777777778,negative,0.7777777777777778
业障,-0.5555555555555556,negative,0.5555555555555556
东一榔头，西一棒杨,-0.5555555555555556,negative,0.5555555555555556
东一榔头，西一棒槌,-0.5555555555555556,negative,0.5555555555555556
东倒西歪,-0.5555555555555556,negative,0.5555555555555556
东偷西摸,-0.5555555555555556,negative,0.5555555555555556
东冲西撞,-0.5555555555555556,negative,0.5555555555555556
东家效颦,-0.5555555555555556,negative,0.5555555555555556
东张西望,-0.1111111111111111,negative,0.1111111111111111
东扯西拉,-0.5555555555555556,negative,0.5555555555555556
东扶西例,-0.5555555555555556,negative,0.5555555555555556
东扶西倒,-0.5555555555555556,negative,0.5555555555555556
东抄西袭,-0.5555555555555556,negative,0.5555555555555556
东拉西扯,-0.3333333333333333,negative,0.3333333333333333
东拼西凑,-0.3333333333333333,negative,0.3333333333333333
东捞西摸,-0.5555555555555556,negative,0.5555555555555556
东掩西遮,-0.3333333333333333,negative,0.3333333333333333
东摇西摆,-0.5555555555555556,negative,0.5555555555555556
东支西吾,-0.5555555555555556,negative,0.5555555555555556
东敲西逼,-0.5555555555555556,negative,0.5555555555555556
东施效颦,-0.5555555555555556,negative,0.5555555555555556
东横西倒,-0.5555555555555556,negative,0.5555555555555556
东涂西抹,-0.5555555555555556,negative,0.5555555555555556
东游西荡,-0.3333333333333333,negative,0.3333333333333333
东游西逛,-0.5555555555555556,negative,0.5555555555555556
东滚西爬,-0.5555555555555556,negative,0.5555555555555556
东烘先生,-0.3333333333333333,negative,0.3333333333333333
东猎西渔,-0.5555555555555556,negative,0.5555555555555556
东磕西撞,-0.5555555555555556,negative,0.5555555555555556
东窗事发,-0.7777777777777778,negative,0.7777777777777778
东窗事犯,-0.5555555555555556,negative,0.5555555555555556
东窗消息,-0.5555555555555556,negative,0.5555555555555556
东窗计,-0.5555555555555556,negative,0.5555555555555556
东诓西骗,-0.5555555555555556,negative,0.5555555555555556
东躲西藏,-0.3333333333333333,negative,0.3333333333333333
东闪西挪,-0.5555555555555556,negative,0.5555555555555556
东闪西躲,-0.5555555555555556,negative,0.5555555555555556
东闯西踱,-0.5555555555555556,negative,0.5555555555555556
东食西宿,-0.5555555555555556,negative,0.5555555555555556
东鳞西爪,-0.3333333333333333,negative,0.3333333333333333
丢三忘四,-0.5555555555555556,negative,0.5555555555555556
丢三拉四,-0.5555555555555556,negative,0.5555555555555556
丢三落四,-0.5555555555555556,negative,0.5555555555555556
丢丑,-1.0,negative,1.0
丢人,-0.7777777777777778,negative,0.7777777777777778
丢人现眼,-0.7777777777777778,negative,0.7777777777777778
丢份,-0.3333333333333333,negative,0.3333333333333333
丢盔卸甲,-0.5555555555555556,negative,0.5555555555555556
丢盔弃甲,-0.5555555555555556,negative,0.5555555555555556
丢盔抛甲,-0.5555555555555556,negative,0.5555555555555556
丢脸,-0.5555555555555556,negative,0.5555555555555556
丢面子,-0.7777777777777778,negative,0.7777777777777778
丢魂丢魄,-0.7777777777777778,negative,0.7777777777777778
丢魂丧胆,-0.7777777777777778,negative,0.7777777777777778
丢魂失魄,-0.7777777777777778,negative,0.7777777777777778
两两三三,-0.1111111111111111,negative,0.1111111111111111
两头三绪,-0.5555555555555556,negative,0.5555555555555556
两头三面,-0.5555555555555556,negative,0.5555555555555556
两头和番,-0.7777777777777778,negative,0.7777777777777778
两头白面,-0.3333333333333333,negative,0.3333333333333333
两意三心,-0.7777777777777778,negative,0.7777777777777778
两肩荷口,-0.7777777777777778,negative,0.7777777777777778
两脚书橱,-0.7777777777777778,negative,0.7777777777777778
两败俱伤,-0.3333333333333333,negative,0.3333333333333333
两道三科,-0.7777777777777778,negative,0.7777777777777778
两面三刀,-0.5555555555555556,negative,0.5555555555555556
两面二舌,-0.3333333333333333,negative,0.3333333333333333
两面光,-0.5555555555555556,negative,0.5555555555555556
严苛,-0.3333333333333333,negative,0.3333333333333333
严重,-0.3333333333333333,negative,0.3333333333333333
丧乱,-0.5555555555555556,negative,0.5555555555555556
丧事,-0.7777777777777778,negative,0.7777777777777778
丧偶,-0.7777777777777778,negative,0.7777777777777778
丧天害理,-0.5555555555555556,negative,0.5555555555555556
丧家,-0.7777777777777778,negative,0.7777777777777778
丧家之犬,-0.7777777777777778,negative,0.7777777777777778
丧家之狗,-0.5555555555555556,negative,0.5555555555555556
丧尽天良,-1.0,negative,1.0
丧师辱国,-0.7777777777777778,negative,0.7777777777777778
丧德,-0.7777777777777778,negative,0.7777777777777778
丧心病狂,-1.0,negative,1.0
丧明之痛,-1.0,negative,1.0
丧服,-0.7777777777777778,negative,0.7777777777777778
丧权辱国,-1.0,negative,1.0
丧礼,-0.7777777777777778,negative,0.7777777777777778
丧胆游魂,-0.5555555555555556,negative,0.5555555555555556
丧胆销魂,-1.0,negative,1.0
丧钟,-0.3333333333333333,negative,0.3333333333333333
丧魂失魄,-0.5555555555555556,negative,0.5555555555555556
中伤,-0.5555555555555556,negative,0.5555555555555556
中山狼,-0.5555555555555556,negative,0.5555555555555556
中心摇摇,-0.7777777777777778,negative,0.7777777777777778
中邪,-0.5555555555555556,negative,0.5555555555555556
中饱私囊,-1.0,negative,1.0
中魔,-0.5555555555555556,negative,0.5555555555555556
丰墙墝下,-0.5555555555555556,negative,0.5555555555555556
丰墙峭阯,-0.5555555555555556,negative,0.5555555555555556
串供,-0.3333333333333333,negative,0.3333333333333333
串通,-0.1111111111111111,negative,0.1111111111111111
串骗,-0.5555555555555556,negative,0.5555555555555556
临事而惧,-0.3333333333333333,negative,0.3333333333333333
临深履薄,-0.5555555555555556,negative,0.5555555555555556
临渴掘井,-0.3333333333333333,negative,0.3333333333333333
临阵磨枪,-0.3333333333333333,negative,0.3333333333333333
临阵脱逃,-0.5555555555555556,negative,0.5555555555555556
为丛驱雀,-1.0,negative,1.0
为人作嫁,-0.7777777777777778,negative,0.7777777777777778
为好成歉,-0.7777777777777778,negative,0.7777777777777778
为害,-0.7777777777777778,negative,0.7777777777777778
为富不仁,-0.7777777777777778,negative,0.7777777777777778
为山止篑,-1.0,negative,1.0
为德不卒,-1.0,negative,1.0
为德不终,-0.7777777777777778,negative,0.7777777777777778
为恶不悛,-1.0,negative,1.0
为所欲为,-0.5555555555555556,negative,0.5555555555555556
为法自弊,-0.7777777777777778,negative,0.7777777777777778
为渊驱鱼,-1.0,negative,1.0
为渊驱鱼，为丛驱爵,-1.0,negative,1.0
为渊驱鱼，为丛驱雀,-1.0,negative,1.0
为虎作伥,-0.7777777777777778,negative,0.7777777777777778
为虎作张,-0.7777777777777778,negative,0.7777777777777778
为虎添翼,-0.7777777777777778,negative,0.7777777777777778
为虺弗摧,-0.7777777777777778,negative,0.7777777777777778
为蛇添足,-0.7777777777777778,negative,0.7777777777777778
为蛇画足,-0.7777777777777778,negative,0.7777777777777778
为难,-0.5555555555555556,negative,0.5555555555555556
为非作恶,-0.7777777777777778,negative,0.7777777777777778
为非作歹,-0.5555555555555556,negative,0.5555555555555556
为鬼为蜮,-1.0,negative,1.0
主使,-0.7777777777777778,negative,0.7777777777777778
主少国疑,-0.5555555555555556,negative,0.5555555555555556
主文谲谏,-0.5555555555555556,negative,0.5555555555555556
主犯,-0.7777777777777778,negative,0.7777777777777778
主观,-0.1111111111111111,negative,0.1111111111111111
主谋,-0.7777777777777778,negative,0.7777777777777778
举一废百,-0.5555555555555556,negative,0.5555555555555556
举措失当,-0.3333333333333333,negative,0.3333333333333333
举鼎绝膑,-0.5555555555555556,negative,0.5555555555555556
久假不归,-0.5555555555555556,negative,0.5555555555555556
久束湿薪,-0.5555555555555556,negative,0.5555555555555556
义愤填膺,-0.5555555555555556,negative,0.5555555555555556
之乎者也,-0.3333333333333333,negative,0.3333333333333333
乌七八糟,-0.7777777777777778,negative,0.7777777777777778
乌压压,-1.0,negative,1.0
乌合之众,-0.5555555555555556,negative,0.5555555555555556
乌天黑地,-0.7777777777777778,negative,0.7777777777777778
乌有先生,-0.5555555555555556,negative,0.5555555555555556
乌烟瘴气,-0.3333333333333333,negative,0.3333333333333333
乌焉成马,-0.3333333333333333,negative,0.3333333333333333
乌踆兔走,-0.7777777777777778,negative,0.7777777777777778
乌集之交,-0.7777777777777778,negative,0.7777777777777778
乌集之众,-0.7777777777777778,negative,0.7777777777777778
乌飞兔走,-0.7777777777777778,negative,0.7777777777777778
乌龟,-0.7777777777777778,negative,0.7777777777777778
乏味,-0.3333333333333333,negative,0.3333333333333333
乏货,-0.3333333333333333,negative,0.3333333333333333
乐嗟苦咄,-0.7777777777777778,negative,0.7777777777777778
乐尽悲来,-0.5555555555555556,negative,0.5555555555555556
乐往哀来,-0.7777777777777778,negative,0.7777777777777778
乐新厌旧,-0.5555555555555556,negative,0.5555555555555556
乐昌分镜,-0.7777777777777778,negative,0.7777777777777778
乐昌破镜,-0.7777777777777778,negative,0.7777777777777778
乐极则悲,-0.5555555555555556,negative,0.5555555555555556
乐极悲来,-0.5555555555555556,negative,0.5555555555555556
乐极悲生,-0.5555555555555556,negative,0.5555555555555556
乐极生悲,-0.7777777777777778,negative,0.7777777777777778
乐祸幸灾,-0.7777777777777778,negative,0.7777777777777778
乔文假醋,-0.6666666666666666,negative,0.6666666666666666
乖僻,-0.5555555555555556,negative,0.5555555555555556
乖刺,-0.5555555555555556,negative,0.5555555555555556
乖剌,-0.7777777777777778,negative,0.7777777777777778
乖张,-0.5555555555555556,negative,0.5555555555555556
乖戾,-0.5555555555555556,negative,0.5555555555555556
乖脣蜜舌,-0.5555555555555556,negative,0.5555555555555556
乖谬,-0.7777777777777778,negative,0.7777777777777778
乘人之危,-0.5555555555555556,negative,0.5555555555555556
乘伪行诈,-0.7777777777777778,negative,0.7777777777777778
乘兴而来,-0.7777777777777778,negative,0.7777777777777778
乘兴而来，败兴而归,-0.1111111111111111,negative,0.1111111111111111
乘风转舵,-0.5555555555555556,negative,0.5555555555555556
乜斜缠帐,-0.5555555555555556,negative,0.5555555555555556
九世之仇,-1.0,negative,1.0
九仞一篑,-0.7777777777777778,negative,0.7777777777777778
九关虎豹,-0.5555555555555556,negative,0.5555555555555556
九尾狐,-0.5555555555555556,negative,0.5555555555555556
九阍虎豹,-0.5555555555555556,negative,0.5555555555555556
九霄云外,-0.5555555555555556,negative,0.5555555555555556
乞穷俭相,-0.3333333333333333,negative,0.3333333333333333
乞降,-0.5555555555555556,negative,0.5555555555555556
习染,-0.7777777777777778,negative,0.7777777777777778
习气,-0.1111111111111111,negative,0.1111111111111111
乡利倍义,-0.5555555555555556,negative,0.5555555555555556
乡壁虚造,-0.5555555555555556,negative,0.5555555555555556
乡愿,-0.5555555555555556,negative,0.5555555555555556
书生之见,-0.5555555555555556,negative,0.5555555555555556
书生气十足,-0.5555555555555556,negative,0.5555555555555556
买上告下,-0.7777777777777778,negative,0.7777777777777778
买上嘱下,-0.7777777777777778,negative,0.7777777777777778
买好,-0.3333333333333333,negative,0.3333333333333333
买椟还珠,-0.5555555555555556,negative,0.5555555555555556
买爵贩官,-0.7777777777777778,negative,0.7777777777777778
买王得羊,-0.5555555555555556,negative,0.5555555555555556
买空卖空,-0.5555555555555556,negative,0.5555555555555556
买笑寻欢,-0.7777777777777778,negative,0.7777777777777778
买笑迎欢,-0.7777777777777778,negative,0.7777777777777778
买笑追欢,-0.7777777777777778,negative,0.7777777777777778
买菜求益,-0.3333333333333333,negative,0.3333333333333333
买通,-0.7777777777777778,negative,0.7777777777777778
买铁思金,-0.7777777777777778,negative,0.7777777777777778
买静求安,-0.3333333333333333,negative,0.3333333333333333
乱七八糟,-0.3333333333333333,negative,0.3333333333333333
乱七八遭,-0.7777777777777778,negative,0.7777777777777778
乱乎,-0.7777777777777778,negative,0.7777777777777778
乱了营,-0.7777777777777778,negative,0.7777777777777778
乱伦,-0.5555555555555556,negative,0.5555555555555556
乱作一团,-0.7777777777777778,negative,0.7777777777777778
乱作胡为,-0.7777777777777778,negative,0.7777777777777778
乱兵,-0.1111111111111111,negative,0.1111111111111111
乱哄哄,-0.3333333333333333,negative,0.3333333333333333
乱坟岗,-0.4444444444444444,negative,0.4444444444444444
乱坠天花,-0.3333333333333333,negative,0.3333333333333333
乱头粗服,-0.3333333333333333,negative,0.3333333333333333
乱套,-0.5555555555555556,negative,0.5555555555555556
乱子,-0.5555555555555556,negative,0.5555555555555556
乱杂,-0.1111111111111111,negative,0.1111111111111111
乱来,-0.5555555555555556,negative,0.5555555555555556
乱民,-0.3333333333333333,negative,0.3333333333333333
乱烘烘,-0.7777777777777778,negative,0.7777777777777778
乱离,-0.5555555555555556,negative,0.5555555555555556
乱糟糟,-0.5555555555555556,negative,0.5555555555555556
乱纷纷,-0.7777777777777778,negative,0.7777777777777778
乱腾腾,-0.5555555555555556,negative,0.5555555555555556
乱臣,-0.3333333333333333,negative,0.3333333333333333
乱臣贼子,-1.0,negative,1.0
乱葬岗子,-0.4444444444444444,negative,0.4444444444444444
乱蓬蓬,-0.5555555555555556,negative,0.5555555555555556
乱虐并生,-1.0,negative,1.0
乱语胡言,-0.7777777777777778,negative,0.7777777777777778
乱首垢面,-0.7777777777777778,negative,0.7777777777777778
乱麻麻,-0.5555555555555556,negative,0.5555555555555556
乳声乳气,-0.5555555555555556,negative,0.5555555555555556
乳臭,-0.5555555555555556,negative,0.5555555555555556
乳臭未乾,-0.5555555555555556,negative,0.5555555555555556
乳臭未干,-1.0,negative,1.0
乳臭未除,-0.5555555555555556,negative,0.5555555555555556
乳臭末干,-0.5555555555555556,negative,0.5555555555555556
了不得,-0.7777777777777778,negative,0.7777777777777778
了不长进,-0.5555555555555556,negative,0.5555555555555556
予取予夺,-0.5555555555555556,negative,0.5555555555555556
予取予携,-0.5555555555555556,negative,0.5555555555555556
予取予求,-0.5555555555555556,negative,0.5555555555555556
予取于求,-0.5555555555555556,negative,0.5555555555555556
予智予雄,-0.7777777777777778,negative,0.7777777777777778
争名于朝，夺利于世,-0.7777777777777778,negative,0.7777777777777778
争名夺利,-0.5555555555555556,negative,0.5555555555555556
争吵,-0.5555555555555556,negative,0.5555555555555556
争嘴,-0.3333333333333333,negative,0.3333333333333333
争多论少,-0.3333333333333333,negative,0.3333333333333333
争宠,-0.5555555555555556,negative,0.5555555555555556
争权夺利,-0.5555555555555556,negative,0.5555555555555556
争长论短,-0.8888888888888888,negative,0.8888888888888888
事不关己,-0.1111111111111111,negative,0.1111111111111111
事不关己，高高挂起,-0.3333333333333333,negative,0.3333333333333333
事与原违,-0.5555555555555556,negative,0.5555555555555556
事务主义,-0.5555555555555556,negative,0.5555555555555556
事大主义,-0.5555555555555556,negative,0.5555555555555556
事故,-0.5555555555555556,negative,0.5555555555555556
事端,-0.7777777777777778,negative,0.7777777777777778
二三其德,-0.3333333333333333,negative,0.3333333333333333
二五眼,-0.7777777777777778,negative,0.7777777777777778
二奶,-0.3333333333333333,negative,0.3333333333333333
二心,-0.7777777777777778,negative,0.7777777777777778
二心两意,-0.5555555555555556,negative,0.5555555555555556
二流,-0.3333333333333333,negative,0.3333333333333333
二竖之顽,-0.5555555555555556,negative,0.5555555555555556
二缶锺惑,-0.5555555555555556,negative,0.5555555555555556
于今为烈,-0.5555555555555556,negative,0.5555555555555556
于心何忍,-0.5555555555555556,negative,0.5555555555555556
亏待,-0.3333333333333333,negative,0.3333333333333333
亏心,-0.5555555555555556,negative,0.5555555555555556
亏欠,-0.7777777777777778,negative,0.7777777777777778
亏空,-0.7777777777777778,negative,0.7777777777777778
亏负,-0.3333333333333333,negative,0.3333333333333333
云心水性,-0.5555555555555556,negative,0.5555555555555556
云泥之别,-0.5555555555555556,negative,0.5555555555555556
云泥殊路,-0.5555555555555556,negative,0.5555555555555556
云翳,-0.5555555555555556,negative,0.5555555555555556
互相推诿,-0.5555555555555556,negative,0.5555555555555556
互相残杀,-0.7777777777777778,negative,0.7777777777777778
五内俱焚,-1.0,negative,1.0
五内如焚,-1.0,negative,1.0
五斗折腰,-0.7777777777777778,negative,0.7777777777777778
五毒惧全,-1.0,negative,1.0
五谷不分,-0.5555555555555556,negative,0.5555555555555556
五马分尸,-0.5555555555555556,negative,0.5555555555555556
五鬼闹判　,-0.5555555555555556,negative,0.5555555555555556
井中视星,-0.3333333333333333,negative,0.3333333333333333
井底之蛙,-0.5555555555555556,negative,0.5555555555555556
井底捞月,-0.5555555555555556,negative,0.5555555555555556
井底虾蟆,-0.7777777777777778,negative,0.7777777777777778
井底鸣蛙,-0.5555555555555556,negative,0.5555555555555556
井管拘墟,-0.5555555555555556,negative,0.5555555555555556
亟疾苛察,-0.7777777777777778,negative,0.7777777777777778
亡不旋跬,-0.7777777777777778,negative,0.7777777777777778
亡不旋踵,-0.7777777777777778,negative,0.7777777777777778
亡可奈何,-0.7777777777777778,negative,0.7777777777777778
亡命,-0.7777777777777778,negative,0.7777777777777778
亡命之徒,-0.7777777777777778,negative,0.7777777777777778
亡国,-0.5555555555555556,negative,0.5555555555555556
亡国之器,-0.7777777777777778,negative,0.7777777777777778
亡国之声,-0.7777777777777778,negative,0.7777777777777778
亡国之社,-0.7777777777777778,negative,0.7777777777777778
亡国之音,-0.7777777777777778,negative,0.7777777777777778
亡国大夫,-0.7777777777777778,negative,0.7777777777777778
亡国奴,-0.5555555555555556,negative,0.5555555555555556
亡国灭种,-1.0,negative,1.0
亡猿灾木,-0.7777777777777778,negative,0.7777777777777778
亡猿祸木,-0.7777777777777778,negative,0.7777777777777778
亡魂失魄,-1.0,negative,1.0
亢心憍气,-0.3333333333333333,negative,0.3333333333333333
交头接耳,-0.3333333333333333,negative,0.3333333333333333
交恶,-0.5555555555555556,negative,0.5555555555555556
交臂失之,-0.5555555555555556,negative,0.5555555555555556
交臂相失,-0.5555555555555556,negative,0.5555555555555556
交詈聚唾,-0.5555555555555556,negative,0.5555555555555556
交际花,-0.7777777777777778,negative,0.7777777777777778
亥豕相望,-0.5555555555555556,negative,0.5555555555555556
亦步亦趋,-0.3333333333333333,negative,0.3333333333333333
产褥感染,-0.7777777777777778,negative,0.7777777777777778
享乐,-0.3333333333333333,negative,0.3333333333333333
亲痛仇快,-0.7777777777777778,negative,0.7777777777777778
亵渎,-0.7777777777777778,negative,0.7777777777777778
人为刀俎，我为鱼肉,-0.5555555555555556,negative,0.5555555555555556
人为刀组,-0.5555555555555556,negative,0.5555555555555556
人为财死，鸟为食亡,-0.7777777777777778,negative,0.7777777777777778
人事,-0.5555555555555556,negative,0.5555555555555556
人云亦云,-0.5555555555555556,negative,0.5555555555555556
人亡家破,-0.5555555555555556,negative,0.5555555555555556
人亡物在,-0.7777777777777778,negative,0.7777777777777778
人人得而诛之,-1.0,negative,1.0
人人自危,-0.3333333333333333,negative,0.3333333333333333
人前背后,-0.7777777777777778,negative,0.7777777777777778
人去楼空,-0.7777777777777778,negative,0.7777777777777778
人命危浅,-0.5555555555555556,negative,0.5555555555555556
人地生疏　,-0.5555555555555556,negative,0.5555555555555556
人多势众,-0.3333333333333333,negative,0.3333333333333333
人头畜鸣,-0.5555555555555556,negative,0.5555555555555556
人弃我取,-0.5555555555555556,negative,0.5555555555555556
人心不古,-0.8888888888888888,negative,0.8888888888888888
人心不足蛇吞象,-1.0,negative,1.0
人心似铁,-0.7777777777777778,negative,0.7777777777777778
人心叵测,-0.7777777777777778,negative,0.7777777777777778
人心惟危,-0.7777777777777778,negative,0.7777777777777778
人心惶惶,-0.7777777777777778,negative,0.7777777777777778
人情冷暖,-0.5555555555555556,negative,0.5555555555555556
人情恟恟,-0.5555555555555556,negative,0.5555555555555556
人模人样,-0.5555555555555556,negative,0.5555555555555556
人欲横流,-0.7777777777777778,negative,0.7777777777777778
人民城郭,-0.5555555555555556,negative,0.5555555555555556
人浮于事,-0.7777777777777778,negative,0.7777777777777778
人渣,-1.0,negative,1.0
人生若寄,-0.3333333333333333,negative,0.3333333333333333
人百其身,-1.0,negative,1.0
人神共愤,-1.0,negative,1.0
人祸,-0.5555555555555556,negative,0.5555555555555556
人穷志短,-0.3333333333333333,negative,0.3333333333333333
人穷智短,-0.5555555555555556,negative,0.5555555555555556
人老珠黄,-0.3333333333333333,negative,0.3333333333333333
人莫予毒,-0.5555555555555556,negative,0.5555555555555556
人言啧啧,-0.5555555555555556,negative,0.5555555555555556
人言籍籍,-0.7777777777777778,negative,0.7777777777777778
人贩子,-0.7777777777777778,negative,0.7777777777777778
人身攻击,-0.5555555555555556,negative,0.5555555555555556
人间地狱,-0.5555555555555556,negative,0.5555555555555556
人面兽心,-1.0,negative,1.0
人面狗心,-0.5555555555555556,negative,0.5555555555555556
仁柔寡断,-0.5555555555555556,negative,0.5555555555555556
仇人相见，分外眼红,-0.8888888888888888,negative,0.8888888888888888
仇外,-0.7777777777777778,negative,0.7777777777777778
仇敌,-0.5555555555555556,negative,0.5555555555555556
仇视,-0.7777777777777778,negative,0.7777777777777778
仇隙,-0.5555555555555556,negative,0.5555555555555556
今仇古恨,-0.5555555555555556,negative,0.5555555555555556
今是昨非,-0.3333333333333333,negative,0.3333333333333333
今月古月,-0.5555555555555556,negative,0.5555555555555556
今朝有酒今朝醉,-0.3333333333333333,negative,0.3333333333333333
从井救人,-0.5555555555555556,negative,0.5555555555555556
从权,-0.1111111111111111,negative,0.1111111111111111
从犯,-0.7777777777777778,negative,0.7777777777777778
从风而服,-0.3333333333333333,negative,0.3333333333333333
仓卒从事,-0.5555555555555556,negative,0.5555555555555556
仓卒应战,-1.0,negative,1.0
仓皇失措,-0.7777777777777778,negative,0.7777777777777778
仗势,-0.5555555555555556,negative,0.5555555555555556
仗势欺人,-0.7777777777777778,negative,0.7777777777777778
仗恃,-0.5555555555555556,negative,0.5555555555555556
仗气使酒,-0.3333333333333333,negative,0.3333333333333333
仗马寒蝉,-0.5555555555555556,negative,0.5555555555555556
付诸东流,-0.7777777777777778,negative,0.7777777777777778
仙山琼阁,-0.7777777777777778,negative,0.7777777777777778
代越庖俎,-0.5555555555555556,negative,0.5555555555555556
令人不安,-0.7777777777777778,negative,0.7777777777777778
令人作呕,-1.0,negative,1.0
令人厌倦,-0.7777777777777778,negative,0.7777777777777778
令人厌恶,-1.0,negative,1.0
令人发指,-1.0,negative,1.0
令人困倦,-0.5555555555555556,negative,0.5555555555555556
令人恶心,-1.0,negative,1.0
令人毛骨悚然,-1.0,negative,1.0
令人生厌,-0.7777777777777778,negative,0.7777777777777778
令人生气,-0.5555555555555556,negative,0.5555555555555556
令人疲倦,-0.7777777777777778,negative,0.7777777777777778
令人窒息,-1.0,negative,1.0
令人讨厌,-0.7777777777777778,negative,0.7777777777777778
令人费解,-0.7777777777777778,negative,0.7777777777777778
以人废言,-0.5555555555555556,negative,0.5555555555555556
以偏概全,-0.3333333333333333,negative,0.3333333333333333
以其昏昏，使人昭昭,-0.5555555555555556,negative,0.5555555555555556
以冰致蝇,-0.5555555555555556,negative,0.5555555555555556
以力服人,-0.5555555555555556,negative,0.5555555555555556
以升量石,-0.5555555555555556,negative,0.5555555555555556
以古非今,-0.5555555555555556,negative,0.5555555555555556
以售其奸,-0.7777777777777778,negative,0.7777777777777778
以小人之心，度君子之腹,-0.5555555555555556,negative,0.5555555555555556
以己度人,-0.5555555555555556,negative,0.5555555555555556
以强凌弱,-0.7777777777777778,negative,0.7777777777777778
以怨报德,-0.7777777777777778,negative,0.7777777777777778
以意为之,-0.5555555555555556,negative,0.5555555555555556
以指挠沸,-0.5555555555555556,negative,0.5555555555555556
以指浇沸,-0.5555555555555556,negative,0.5555555555555556
以暴易暴,-0.7777777777777778,negative,0.7777777777777778
以水救水,-0.5555555555555556,negative,0.5555555555555556
以汤止沸,-0.5555555555555556,negative,0.5555555555555556
以火救火,-0.3333333333333333,negative,0.3333333333333333
以狸饵鼠,-0.5555555555555556,negative,0.5555555555555556
以白为黑,-0.7777777777777778,negative,0.7777777777777778
以眼还眼，以牙还牙,-0.7777777777777778,negative,0.7777777777777778
以管窥天,-0.5555555555555556,negative,0.5555555555555556
以耳为目,-0.3333333333333333,negative,0.3333333333333333
以耳代目,-0.5555555555555556,negative,0.5555555555555556
以致,-0.3333333333333333,negative,0.3333333333333333
以蠡测海,-0.5555555555555556,negative,0.5555555555555556
以蠡测海　,-0.7777777777777778,negative,0.7777777777777778
以血洗血,-0.7777777777777778,negative,0.7777777777777778
以规为瑱,-0.3333333333333333,negative,0.3333333333333333
以貌取人,-0.5555555555555556,negative,0.5555555555555556
以身试法,-0.5555555555555556,negative,0.5555555555555556
以邻为壑,-0.7777777777777778,negative,0.7777777777777778
仰人鼻息,-0.5555555555555556,negative,0.5555555555555556
仰攀,-0.5555555555555556,negative,0.5555555555555556
任人宰割,-0.5555555555555556,negative,0.5555555555555556
任其自便,-0.3333333333333333,negative,0.3333333333333333
任性,-0.3333333333333333,negative,0.3333333333333333
任情,-0.1111111111111111,negative,0.1111111111111111
任纵,-0.7777777777777778,negative,0.7777777777777778
仿冒,-0.1111111111111111,negative,0.1111111111111111
企图,-0.3333333333333333,negative,0.3333333333333333
伈伈睍睍,-0.8888888888888888,negative,0.8888888888888888
伎俩,-0.3333333333333333,negative,0.3333333333333333
伏低做小,-0.3333333333333333,negative,0.3333333333333333
伐功矜能,-0.5555555555555556,negative,0.5555555555555556
伐异党同,-0.7777777777777778,negative,0.7777777777777778
伐性之斧,-1.0,negative,1.0
众叛亲离,-1.0,negative,1.0
众寡不敌,-0.5555555555555556,negative,0.5555555555555556
众寡悬殊,-0.5555555555555556,negative,0.5555555555555556
众盲摸象,-0.5555555555555556,negative,0.5555555555555556
众矢之的,-0.5555555555555556,negative,0.5555555555555556
优患余生,-0.5555555555555556,negative,0.5555555555555556
优柔,-0.3333333333333333,negative,0.3333333333333333
优柔寡断,-0.5555555555555556,negative,0.5555555555555556
伤亡,-0.5555555555555556,negative,0.5555555555555556
伤兵,-0.3333333333333333,negative,0.3333333333333333
伤化败俗,-0.5555555555555556,negative,0.5555555555555556
伤口,-0.3333333333333333,negative,0.3333333333333333
伤员,-0.3333333333333333,negative,0.3333333333333333
伤天害理,-1.0,negative,1.0
伤害,-0.3333333333333333,negative,0.3333333333333333
伤弓之鸟,-0.5555555555555556,negative,0.5555555555555556
伤心疾首,-0.5555555555555556,negative,0.5555555555555556
伤心蒿目,-0.5555555555555556,negative,0.5555555555555556
伤教败俗,-0.7777777777777778,negative,0.7777777777777778
伤生,-0.5555555555555556,negative,0.5555555555555556
伤神,-0.5555555555555556,negative,0.5555555555555556
伤言扎语,-0.5555555555555556,negative,0.5555555555555556
伤逝,-0.5555555555555556,negative,0.5555555555555556
伤风,-0.3333333333333333,negative,0.3333333333333333
伤风败俗,-0.7777777777777778,negative,0.7777777777777778
伤风败化,-0.5555555555555556,negative,0.5555555555555556
伥鬼,-0.7777777777777778,negative,0.7777777777777778
伧俗,-0.5555555555555556,negative,0.5555555555555556
伪书,-0.5555555555555556,negative,0.5555555555555556
伪军,-0.7777777777777778,negative,0.7777777777777778
伪劣,-0.3333333333333333,negative,0.3333333333333333
伪君子,-0.7777777777777778,negative,0.7777777777777778
伪善,-0.5555555555555556,negative,0.5555555555555556
伪政权,-0.7777777777777778,negative,0.7777777777777778
伪造,-0.3333333333333333,negative,0.3333333333333333
伴食中书,-0.5555555555555556,negative,0.5555555555555556
伴食宰相,-0.5555555555555556,negative,0.5555555555555556
伶仃孤苦,-1.0,negative,1.0
伺瑕导蠙,-0.5555555555555556,negative,0.5555555555555556
伺瑕抵蠙,-0.5555555555555556,negative,0.5555555555555556
似是而非,-0.7777777777777778,negative,0.7777777777777778
位卑言高,-0.5555555555555556,negative,0.5555555555555556
低三下四,-0.7777777777777778,negative,0.7777777777777778
低下,-0.7777777777777778,negative,0.7777777777777778
低人一等,-0.7777777777777778,negative,0.7777777777777778
低估,-0.3333333333333333,negative,0.3333333333333333
低俗,-0.7777777777777778,negative,0.7777777777777778
低劣,-0.5555555555555556,negative,0.5555555555555556
低卑,-0.7777777777777778,negative,0.7777777777777778
低头哈腰,-0.5555555555555556,negative,0.5555555555555556
低微,-0.3333333333333333,negative,0.3333333333333333
低效,-0.3333333333333333,negative,0.3333333333333333
低智,-0.3333333333333333,negative,0.3333333333333333
低档,-0.3333333333333333,negative,0.3333333333333333
低沉,-0.3333333333333333,negative,0.3333333333333333
低潮,-0.3333333333333333,negative,0.3333333333333333
低眉折腰,-0.3333333333333333,negative,0.3333333333333333
低眉顺眼,-0.3333333333333333,negative,0.3333333333333333
低级,-0.7777777777777778,negative,0.7777777777777778
低能,-0.5555555555555556,negative,0.5555555555555556
低能儿,-0.7777777777777778,negative,0.7777777777777778
低质,-0.3333333333333333,negative,0.3333333333333333
低贱,-0.5555555555555556,negative,0.5555555555555556
低首下心,-0.3333333333333333,negative,0.3333333333333333
体力不支,-0.7777777777777778,negative,0.7777777777777778
体无完皮,-0.7777777777777778,negative,0.7777777777777778
体无完肤,-0.7777777777777778,negative,0.7777777777777778
体罚,-0.5555555555555556,negative,0.5555555555555556
体规画圆,-0.7777777777777778,negative,0.7777777777777778
何去何从,-0.7777777777777778,negative,0.7777777777777778
何所不为,-0.5555555555555556,negative,0.5555555555555556
何所不至,-0.7777777777777778,negative,0.7777777777777778
余党,-0.5555555555555556,negative,0.5555555555555556
余子碌碌,-0.5555555555555556,negative,0.5555555555555556
余孽,-1.0,negative,1.0
余桃啖君,-0.5555555555555556,negative,0.5555555555555556
余毒,-1.0,negative,1.0
余食赘行,-0.5555555555555556,negative,0.5555555555555556
佛口蛇心,-0.7777777777777778,negative,0.7777777777777778
作乱,-0.7777777777777778,negative,0.7777777777777778
作伪,-0.7777777777777778,negative,0.7777777777777778
作俑,-0.7777777777777778,negative,0.7777777777777778
作假,-0.3333333333333333,negative,0.3333333333333333
作呕,-0.5555555555555556,negative,0.5555555555555556
作壁上观,-0.5555555555555556,negative,0.5555555555555556
作奸犯科,-0.7777777777777778,negative,0.7777777777777778
作奸犯罪,-0.7777777777777778,negative,0.7777777777777778
作威作福,-0.7777777777777778,negative,0.7777777777777778
作对,-0.3333333333333333,negative,0.3333333333333333
作弊,-0.7777777777777778,negative,0.7777777777777778
作态,-0.5555555555555556,negative,0.5555555555555556
作怪,-0.5555555555555556,negative,0.5555555555555556
作恶多端,-1.0,negative,1.0
作歹为非,-0.5555555555555556,negative,0.5555555555555556
作死,-1.0,negative,1.0
作法自弊,-0.7777777777777778,negative,0.7777777777777778
作法自毙,-0.7777777777777778,negative,0.7777777777777778
作浪兴风,-0.5555555555555556,negative,0.5555555555555556
作舍道边,-0.5555555555555556,negative,0.5555555555555556
作茧自缚,-0.7777777777777778,negative,0.7777777777777778
作言造语,-0.5555555555555556,negative,0.5555555555555556
作贼心虚,-0.5555555555555556,negative,0.5555555555555556
作践,-1.0,negative,1.0
作辍无常,-0.5555555555555556,negative,0.5555555555555556
佞人,-0.5555555555555556,negative,0.5555555555555556
佞幸,-0.7777777777777778,negative,0.7777777777777778
佞笑,-0.5555555555555556,negative,0.5555555555555556
你丫,-0.5555555555555556,negative,0.5555555555555556
佯为不知,-0.5555555555555556,negative,0.5555555555555556
佶屈聱牙,-0.3333333333333333,negative,0.3333333333333333
佹形僪状,-0.5555555555555556,negative,0.5555555555555556
佻巧,-0.3333333333333333,negative,0.3333333333333333
佻薄,-0.5555555555555556,negative,0.5555555555555556
佻达,-0.5555555555555556,negative,0.5555555555555556
使乖弄巧,-0.5555555555555556,negative,0.5555555555555556
使嘴使舌,-0.5555555555555556,negative,0.5555555555555556
使坏,-0.5555555555555556,negative,0.5555555555555556
使心作倖,-0.5555555555555556,negative,0.5555555555555556
使心彆气,-0.5555555555555556,negative,0.5555555555555556
使心用腹,-0.5555555555555556,negative,0.5555555555555556
使性傍气,-0.5555555555555556,negative,0.5555555555555556
使性子,-0.3333333333333333,negative,0.3333333333333333
使性摜气,-0.5555555555555556,negative,0.5555555555555556
使性谤气,-0.5555555555555556,negative,0.5555555555555556
使羊将狼,-0.5555555555555556,negative,0.5555555555555556
使酒骂坐,-0.5555555555555556,negative,0.5555555555555556
使酒骂座,-0.5555555555555556,negative,0.5555555555555556
侈糜,-1.0,negative,1.0
侈谈,-0.5555555555555556,negative,0.5555555555555556
例行公事,-0.5555555555555556,negative,0.5555555555555556
侏儒观戏,-0.7777777777777778,negative,0.7777777777777778
侜张为幻,-0.7777777777777778,negative,0.7777777777777778
依仗,-0.7777777777777778,negative,0.7777777777777778
依样画葫芦,-0.5555555555555556,negative,0.5555555555555556
依流平进,-0.5555555555555556,negative,0.5555555555555556
依草附木,-0.5555555555555556,negative,0.5555555555555556
依违两可,-0.3333333333333333,negative,0.3333333333333333
依附,-0.5555555555555556,negative,0.5555555555555556
侧足,-0.3333333333333333,negative,0.3333333333333333
侧足而立,-0.5555555555555556,negative,0.5555555555555556
侮慢,-0.5555555555555556,negative,0.5555555555555556
侮蔑,-0.7777777777777778,negative,0.7777777777777778
侯服玉食,-0.5555555555555556,negative,0.5555555555555556
侯门似海,-0.5555555555555556,negative,0.5555555555555556
侵入,-0.3333333333333333,negative,0.3333333333333333
侵凌,-0.7777777777777778,negative,0.7777777777777778
侵占,-0.5555555555555556,negative,0.5555555555555556
侵吞,-0.5555555555555556,negative,0.5555555555555556
侵夺,-0.5555555555555556,negative,0.5555555555555556
侵害,-0.5555555555555556,negative,0.5555555555555556
侵扰,-0.3333333333333333,negative,0.3333333333333333
侵权,-0.5555555555555556,negative,0.5555555555555556
侵渔,-0.7777777777777778,negative,0.7777777777777778
侵犯,-0.5555555555555556,negative,0.5555555555555556
侵略,-0.3333333333333333,negative,0.3333333333333333
侵略战争,-0.7777777777777778,negative,0.7777777777777778
侵袭,-0.5555555555555556,negative,0.5555555555555556
侵越,-0.5555555555555556,negative,0.5555555555555556
便便,-0.3333333333333333,negative,0.3333333333333333
便宜行事,-0.3333333333333333,negative,0.3333333333333333
便秘,-0.5555555555555556,negative,0.5555555555555556
便血,-0.5555555555555556,negative,0.5555555555555556
促狭,-0.3333333333333333,negative,0.3333333333333333
俏皮话,-0.5555555555555556,negative,0.5555555555555556
俗下文字,-0.5555555555555556,negative,0.5555555555555556
俗不可医,-0.7777777777777778,negative,0.7777777777777778
俗不可耐,-0.7777777777777778,negative,0.7777777777777778
俗套,-0.5555555555555556,negative,0.5555555555555556
俗气,-0.5555555555555556,negative,0.5555555555555556
俚俗,-0.5555555555555556,negative,0.5555555555555556
俛首帖耳,-0.3333333333333333,negative,0.3333333333333333
保守,-0.1111111111111111,negative,0.1111111111111111
保护伞,-0.1111111111111111,negative,0.1111111111111111
保残守缺,-0.7777777777777778,negative,0.7777777777777778
俟河之清,-1.0,negative,1.0
信口开河,-0.3333333333333333,negative,0.3333333333333333
信口胡言,-0.3333333333333333,negative,0.3333333333333333
信口雌黄,-1.0,negative,1.0
俨乎其然,-0.5555555555555556,negative,0.5555555555555556
俭不中礼,-0.5555555555555556,negative,0.5555555555555556
俯仰由人,-0.3333333333333333,negative,0.3333333333333333
俯仰随人,-0.7777777777777778,negative,0.7777777777777778
俯首听命,-0.5555555555555556,negative,0.5555555555555556
俯首帖耳,-0.3333333333333333,negative,0.3333333333333333
俾昼作夜,-0.5555555555555556,negative,0.5555555555555556
倒三颠四,-0.5555555555555556,negative,0.5555555555555556
倒因为果,-0.5555555555555556,negative,0.5555555555555556
倒彩,-0.5555555555555556,negative,0.5555555555555556
倒戈卸甲,-0.7777777777777778,negative,0.7777777777777778
倒打一瓦,-0.5555555555555556,negative,0.5555555555555556
倒打一耙,-0.5555555555555556,negative,0.5555555555555556
倒持太阿,-0.5555555555555556,negative,0.5555555555555556
倒持干戈,-0.5555555555555556,negative,0.5555555555555556
倒持戈矛,-0.5555555555555556,negative,0.5555555555555556
倒持泰阿,-1.0,negative,1.0
倒果为因,-0.7777777777777778,negative,0.7777777777777778
倒灶,-0.5555555555555556,negative,0.5555555555555556
倒爷,-0.3333333333333333,negative,0.3333333333333333
倒胃口,-0.5555555555555556,negative,0.5555555555555556
倒行逆施,-1.0,negative,1.0
倒运,-0.5555555555555556,negative,0.5555555555555556
倔头倔脑,-0.5555555555555556,negative,0.5555555555555556
倔头强脑,-0.3333333333333333,negative,0.3333333333333333
倔强倨傲,-0.5555555555555556,negative,0.5555555555555556
倖灾乐祸,-0.5555555555555556,negative,0.5555555555555556
倚仗,-0.1111111111111111,negative,0.1111111111111111
倚势凌人,-0.7777777777777778,negative,0.7777777777777778
倚势挟权,-0.5555555555555556,negative,0.5555555555555556
倚官仗势,-0.5555555555555556,negative,0.5555555555555556
倚强凌弱,-0.5555555555555556,negative,0.5555555555555556
倚老卖老,-0.5555555555555556,negative,0.5555555555555556
倚财仗势,-0.5555555555555556,negative,0.5555555555555556
倚酒三分醉,-0.3333333333333333,negative,0.3333333333333333
倚门傍户,-0.3333333333333333,negative,0.3333333333333333
倚门卖笑,-0.3333333333333333,negative,0.3333333333333333
借交报仇,-0.5555555555555556,negative,0.5555555555555556
借公行私,-0.5555555555555556,negative,0.5555555555555556
借刀杀人,-0.3333333333333333,negative,0.3333333333333333
借口,-0.5555555555555556,negative,0.5555555555555556
借故,-0.5555555555555556,negative,0.5555555555555556
借端,-0.5555555555555556,negative,0.5555555555555556
借面吊丧,-0.5555555555555556,negative,0.5555555555555556
借题发挥,-0.5555555555555556,negative,0.5555555555555556
倡情冶思,-0.5555555555555556,negative,0.5555555555555556
倦尾赤色,-1.0,negative,1.0
倦怠,-0.3333333333333333,negative,0.3333333333333333
倨傲,-0.7777777777777778,negative,0.7777777777777778
倭寇,-0.5555555555555556,negative,0.5555555555555556
债台高筑,-0.7777777777777778,negative,0.7777777777777778
倾覆,-0.5555555555555556,negative,0.5555555555555556
倾轧,-0.5555555555555556,negative,0.5555555555555556
假仁假义,-1.0,negative,1.0
假充,-0.3333333333333333,negative,0.3333333333333333
假公济私,-0.7777777777777778,negative,0.7777777777777778
假公营私,-0.5555555555555556,negative,0.5555555555555556
假冒,-0.5555555555555556,negative,0.5555555555555556
假冒伪劣,-0.3333333333333333,negative,0.3333333333333333
假劣,-0.3333333333333333,negative,0.3333333333333333
假大空,-1.0,negative,1.0
假惺惺,-0.5555555555555556,negative,0.5555555555555556
假意,-0.5555555555555556,negative,0.5555555555555556
假手,-0.3333333333333333,negative,0.3333333333333333
假托,-0.3333333333333333,negative,0.3333333333333333
假撇清,-0.5555555555555556,negative,0.5555555555555556
假模假式,-0.7777777777777778,negative,0.7777777777777778
假正经,-0.7777777777777778,negative,0.7777777777777778
假球,-0.1111111111111111,negative,0.1111111111111111
假相,-0.3333333333333333,negative,0.3333333333333333
假眉三道,-0.5555555555555556,negative,0.5555555555555556
假虎张威,-0.5555555555555556,negative,0.5555555555555556
假装神圣,-1.0,negative,1.0
假誉驰声,-0.5555555555555556,negative,0.5555555555555556
假造,-0.3333333333333333,negative,0.3333333333333333
假道学,-0.7777777777777778,negative,0.7777777777777778
假门假事,-0.5555555555555556,negative,0.5555555555555556
假门假氏,-0.5555555555555556,negative,0.5555555555555556
假面具,-0.7777777777777778,negative,0.7777777777777778
偎慵堕懒,-0.7777777777777778,negative,0.7777777777777778
偎红倚翠,-0.7777777777777778,negative,0.7777777777777778
偏乡僻壤,-0.5555555555555556,negative,0.5555555555555556
偏信则暗,-0.5555555555555556,negative,0.5555555555555556
偏僻,-0.1111111111111111,negative,0.1111111111111111
偏向,-0.6666666666666666,negative,0.6666666666666666
偏听偏信,-0.3333333333333333,negative,0.3333333333333333
偏失,-0.3333333333333333,negative,0.3333333333333333
偏安,-0.5555555555555556,negative,0.5555555555555556
偏差,-0.3333333333333333,negative,0.3333333333333333
偏废,-0.3333333333333333,negative,0.3333333333333333
偏心,-0.3333333333333333,negative,0.3333333333333333
偏心眼,-0.7777777777777778,negative,0.7777777777777778
偏执,-0.5555555555555556,negative,0.5555555555555556
偏护,-0.3333333333333333,negative,0.3333333333333333
偏斜,-0.5555555555555556,negative,0.5555555555555556
偏枯,-0.3333333333333333,negative,0.3333333333333333
偏激,-0.5555555555555556,negative,0.5555555555555556
偏狭,-0.5555555555555556,negative,0.5555555555555556
偏疼,-0.3333333333333333,negative,0.3333333333333333
偏私,-0.3333333333333333,negative,0.3333333333333333
偏袒,-0.5555555555555556,negative,0.5555555555555556
偏颇,-0.5555555555555556,negative,0.5555555555555556
偏食,-0.5555555555555556,negative,0.5555555555555556
做作,-0.5555555555555556,negative,0.5555555555555556
做假,-0.3333333333333333,negative,0.3333333333333333
做戏,-0.7777777777777778,negative,0.7777777777777778
做手脚,-0.7777777777777778,negative,0.7777777777777778
做神做鬼,-0.5555555555555556,negative,0.5555555555555556
做鬼,-0.3333333333333333,negative,0.3333333333333333
做鬼做神,-0.5555555555555556,negative,0.5555555555555556
停业,-0.5555555555555556,negative,0.5555555555555556
停云落月,-0.7777777777777778,negative,0.7777777777777778
停学,-0.5555555555555556,negative,0.5555555555555556
停滞,-0.3333333333333333,negative,0.3333333333333333
停闭,-0.5555555555555556,negative,0.5555555555555556
偷东摸西,-0.7777777777777778,negative,0.7777777777777778
偷偷,-1.0,negative,1.0
偷偷摸摸,-0.5555555555555556,negative,0.5555555555555556
偷合苟从,-0.7777777777777778,negative,0.7777777777777778
偷合苟容,-0.5555555555555556,negative,0.5555555555555556
偷嘴,-0.7777777777777778,negative,0.7777777777777778
偷声细气,-0.7777777777777778,negative,0.7777777777777778
偷天换日,-0.5555555555555556,negative,0.5555555555555556
偷媚取容,-0.7777777777777778,negative,0.7777777777777778
偷安,-0.5555555555555556,negative,0.5555555555555556
偷安旦夕,-0.7777777777777778,negative,0.7777777777777778
偷工减料,-0.5555555555555556,negative,0.5555555555555556
偷情,-1.0,negative,1.0
偷懒,-0.3333333333333333,negative,0.3333333333333333
偷摸,-0.7777777777777778,negative,0.7777777777777778
偷梁换柱,-0.7777777777777778,negative,0.7777777777777778
偷生,-0.5555555555555556,negative,0.5555555555555556
偷盗,-0.7777777777777778,negative,0.7777777777777778
偷税,-0.5555555555555556,negative,0.5555555555555556
偷窃,-0.7777777777777778,negative,0.7777777777777778
偷袭,-0.7777777777777778,negative,0.7777777777777778
偷闲,-0.5555555555555556,negative,0.5555555555555556
偷闲躲静,-0.5555555555555556,negative,0.5555555555555556
偷香窃玉,-0.7777777777777778,negative,0.7777777777777778
偷鸡摸狗,-0.7777777777777778,negative,0.7777777777777778
偷鸡盗狗,-0.7777777777777778,negative,0.7777777777777778
偾事,-0.3333333333333333,negative,0.3333333333333333
傍人篱壁,-0.3333333333333333,negative,0.3333333333333333
傍人篱落,-0.5555555555555556,negative,0.5555555555555556
傍人门户,-0.3333333333333333,negative,0.3333333333333333
傥荡,-0.5555555555555556,negative,0.5555555555555556
催命,-1.0,negative,1.0
催迫,-0.5555555555555556,negative,0.5555555555555556
催逼,-0.3333333333333333,negative,0.3333333333333333
傲一天和尚撞一天钟,-0.5555555555555556,negative,0.5555555555555556
傲世轻物,-0.5555555555555556,negative,0.5555555555555556
傲头傲脑,-0.5555555555555556,negative,0.5555555555555556
傲岸,-0.5555555555555556,negative,0.5555555555555556
傲慢,-0.7777777777777778,negative,0.7777777777777778
傲慢不逊,-0.5555555555555556,negative,0.5555555555555556
傲慢少礼,-0.5555555555555556,negative,0.5555555555555556
傲慢无礼,-0.7777777777777778,negative,0.7777777777777778
傲气,-0.5555555555555556,negative,0.5555555555555556
傲物,-0.5555555555555556,negative,0.5555555555555556
傲睨一世,-0.5555555555555556,negative,0.5555555555555556
傲睨一切,-0.5555555555555556,negative,0.5555555555555556
傲睨万物,-0.5555555555555556,negative,0.5555555555555556
傲睨得志,-0.5555555555555556,negative,0.5555555555555556
傲睨自若,-0.5555555555555556,negative,0.5555555555555556
傲视,-0.1111111111111111,negative,0.1111111111111111
傲视轻物,-0.5555555555555556,negative,0.5555555555555556
傲贤慢士,-0.5555555555555556,negative,0.5555555555555556
傻B,-0.7777777777777778,negative,0.7777777777777778
傻劲儿,-0.3333333333333333,negative,0.3333333333333333
傻叉,-0.3333333333333333,negative,0.3333333333333333
傻头傻脑,-0.5555555555555556,negative,0.5555555555555556
傻子,-0.3333333333333333,negative,0.3333333333333333
傻比,-0.7777777777777778,negative,0.7777777777777778
傻笑,-0.1111111111111111,negative,0.1111111111111111
傻里傻气,-0.5555555555555556,negative,0.5555555555555556
傻里瓜唧,-0.5555555555555556,negative,0.5555555555555556
像煞有介事,-0.5555555555555556,negative,0.5555555555555556
僬侥,-0.5555555555555556,negative,0.5555555555555556
僵化,-0.3333333333333333,negative,0.3333333333333333
僻陋,-0.3333333333333333,negative,0.3333333333333333
儇薄,-0.5555555555555556,negative,0.5555555555555556
儿女情长,-0.3333333333333333,negative,0.3333333333333333
儿戏,-0.7777777777777778,negative,0.7777777777777778
儿皇帝,-1.0,negative,1.0
兀傲,-0.5555555555555556,negative,0.5555555555555556
元凶,-0.3333333333333333,negative,0.3333333333333333
元奸巨恶,-1.0,negative,1.0
元恶,-0.5555555555555556,negative,0.5555555555555556
元恶大奸,-1.0,negative,1.0
元恶大憝,-1.0,negative,1.0
元龙高卧,-0.5555555555555556,negative,0.5555555555555556
兄弟阋墙,-0.7777777777777778,negative,0.7777777777777778
充数,-0.3333333333333333,negative,0.3333333333333333
充耳不闻,-0.5555555555555556,negative,0.5555555555555556
先入为主,-0.1111111111111111,negative,0.1111111111111111
先入之见,-0.1111111111111111,negative,0.1111111111111111
先天不足,-0.1111111111111111,negative,0.1111111111111111
先意承志,-0.5555555555555556,negative,0.5555555555555556
先意承指,-0.7777777777777778,negative,0.7777777777777778
先意承旨,-0.5555555555555556,negative,0.5555555555555556
先意承颜,-0.7777777777777778,negative,0.7777777777777778
先睹为快,-0.7777777777777778,negative,0.7777777777777778
光棍,-0.7777777777777778,negative,0.7777777777777778
光秃秃,-0.1111111111111111,negative,0.1111111111111111
光蛋,-0.3333333333333333,negative,0.3333333333333333
克伐怨欲,-0.3333333333333333,negative,0.3333333333333333
克扣,-0.3333333333333333,negative,0.3333333333333333
免开尊口,-0.8888888888888888,negative,0.8888888888888888
兔丝燕麦,-0.5555555555555556,negative,0.5555555555555556
兔头麞脑,-0.7777777777777778,negative,0.7777777777777778
兔子尾巴长不了,-0.5555555555555556,negative,0.5555555555555556
兔崽子,-0.5555555555555556,negative,0.5555555555555556
兔死犬饥,-0.7777777777777778,negative,0.7777777777777778
兔死狐悲,-0.3333333333333333,negative,0.3333333333333333
兔死狗烹,-0.7777777777777778,negative,0.7777777777777778
兔角牛翼,-0.5555555555555556,negative,0.5555555555555556
兔角龟毛,-0.5555555555555556,negative,0.5555555555555556
党同伐异,-0.5555555555555556,negative,0.5555555555555556
党同妒异,-0.5555555555555556,negative,0.5555555555555556
党徒,-0.3333333333333333,negative,0.3333333333333333
党恶佑奸,-0.5555555555555556,negative,0.5555555555555556
党棍,-0.7777777777777778,negative,0.7777777777777778
党羽,-0.3333333333333333,negative,0.3333333333333333
党邪丑1,-0.5555555555555556,negative,0.5555555555555556
党邪丑正,-0.5555555555555556,negative,0.5555555555555556
党邪陷正,-0.5555555555555556,negative,0.5555555555555556
党阀,-0.7777777777777778,negative,0.7777777777777778
兜兜搭搭,-0.3333333333333333,negative,0.3333333333333333
兜售,-0.1111111111111111,negative,0.1111111111111111
入主出奴,-0.5555555555555556,negative,0.5555555555555556
入侵,-0.3333333333333333,negative,0.3333333333333333
入地无门,-0.5555555555555556,negative,0.5555555555555556
入垄,-0.5555555555555556,negative,0.5555555555555556
入室操戈,-0.7777777777777778,negative,0.7777777777777778
入寇,-0.3333333333333333,negative,0.3333333333333333
入海算沙,-0.5555555555555556,negative,0.5555555555555556
全军覆没,-1.0,negative,1.0
全无心肝,-0.7777777777777778,negative,0.7777777777777778
八卦,-0.5555555555555556,negative,0.5555555555555556
八婆,-0.3333333333333333,negative,0.3333333333333333
八砖学士,-0.5555555555555556,negative,0.5555555555555556
八股,-0.3333333333333333,negative,0.3333333333333333
八面光,-0.5555555555555556,negative,0.5555555555555556
八面圆通,-0.3333333333333333,negative,0.3333333333333333
八面见光,-0.3333333333333333,negative,0.3333333333333333
公子哥儿,-0.3333333333333333,negative,0.3333333333333333
公报私仇,-0.5555555555555556,negative,0.5555555555555556
公报私雠,-0.5555555555555556,negative,0.5555555555555556
公敌,-1.0,negative,1.0
公然,-0.5555555555555556,negative,0.5555555555555556
六亲不认,-1.0,negative,1.0
六朝金粉,-1.0,negative,1.0
六神不安,-1.0,negative,1.0
兰因絮果,-0.5555555555555556,negative,0.5555555555555556
关碍,-0.3333333333333333,negative,0.3333333333333333
兴味素然,-0.5555555555555556,negative,0.5555555555555556
兴如嚼蜡,-0.7777777777777778,negative,0.7777777777777778
兴妖作乱,-0.7777777777777778,negative,0.7777777777777778
兴妖作怪,-0.7777777777777778,negative,0.7777777777777778
兴师动众,-0.5555555555555556,negative,0.5555555555555556
兴讹造讪,-1.0,negative,1.0
兴风作浪,-0.7777777777777778,negative,0.7777777777777778
兵临城下,-0.5555555555555556,negative,0.5555555555555556
兵乱,-0.7777777777777778,negative,0.7777777777777778
兵变,-0.5555555555555556,negative,0.5555555555555556
兵器,-0.3333333333333333,negative,0.3333333333333333
兵火,-0.5555555555555556,negative,0.5555555555555556
兵痞,-0.7777777777777778,negative,0.7777777777777778
兵荒马乱,-0.5555555555555556,negative,0.5555555555555556
兵败如山倒,-0.5555555555555556,negative,0.5555555555555556
兵败将亡,-0.5555555555555556,negative,0.5555555555555556
兵连祸结,-0.7777777777777778,negative,0.7777777777777778
其势汹汹,-0.5555555555555556,negative,0.5555555555555556
养尊处优,-1.0,negative,1.0
养痈贻患,-0.3333333333333333,negative,0.3333333333333333
养痈遗患,-0.7777777777777778,negative,0.7777777777777778
养虎为患,-1.0,negative,1.0
兽困则噬,-0.5555555555555556,negative,0.5555555555555556
兽心人面,-0.5555555555555556,negative,0.5555555555555556
兽性,-0.7777777777777778,negative,0.7777777777777778
兽行,-0.7777777777777778,negative,0.7777777777777778
内乱,-0.5555555555555556,negative,0.5555555555555556
内忧,-0.5555555555555556,negative,0.5555555555555556
内视反听,-0.7777777777777778,negative,0.7777777777777778
内讧,-0.7777777777777778,negative,0.7777777777777778
内难,-0.5555555555555556,negative,0.5555555555555556
内顾之忧,-0.3333333333333333,negative,0.3333333333333333
再三再四,-0.5555555555555556,negative,0.5555555555555556
再犯,-0.7777777777777778,negative,0.7777777777777778
再衰三竭,-0.3333333333333333,negative,0.3333333333333333
冒充,-0.1111111111111111,negative,0.1111111111111111
冒功,-0.5555555555555556,negative,0.5555555555555556
冒名接脚,-0.7777777777777778,negative,0.7777777777777778
冒名顶替,-0.5555555555555556,negative,0.5555555555555556
冒名项替,-0.7777777777777778,negative,0.7777777777777778
冒失,-0.3333333333333333,negative,0.3333333333333333
冒昧,-0.5555555555555556,negative,0.5555555555555556
冒渎,-0.3333333333333333,negative,0.3333333333333333
冒牌,-0.5555555555555556,negative,0.5555555555555556
冒进,-0.1111111111111111,negative,0.1111111111111111
冗员,-0.3333333333333333,negative,0.3333333333333333
冗杂,-0.5555555555555556,negative,0.5555555555555556
冗词赘句,-0.3333333333333333,negative,0.3333333333333333
冗长,-0.3333333333333333,negative,0.3333333333333333
冠上加冠,-0.5555555555555556,negative,0.5555555555555556
冠冕堂皇,-0.5555555555555556,negative,0.5555555555555556
冠履倒易,-0.5555555555555556,negative,0.5555555555555556
冠履倒置,-0.5555555555555556,negative,0.5555555555555556
冠屦倒施,-0.5555555555555556,negative,0.5555555555555556
冢中枯骨,-0.5555555555555556,negative,0.5555555555555556
冤大头,-0.3333333333333333,negative,0.3333333333333333
冤头,-0.5555555555555556,negative,0.5555555555555556
冤孽,-0.5555555555555556,negative,0.5555555555555556
冤家路窄,-0.8888888888888888,negative,0.8888888888888888
冤抑,-0.7777777777777778,negative,0.7777777777777778
冤有头，债有主,-1.0,negative,1.0
冤枉路,-0.5555555555555556,negative,0.5555555555555556
冤死,-0.7777777777777778,negative,0.7777777777777778
冤狱,-0.7777777777777778,negative,0.7777777777777778
冤结,-0.5555555555555556,negative,0.5555555555555556
冤苦,-0.5555555555555556,negative,0.5555555555555556
冤钱,-0.3333333333333333,negative,0.3333333333333333
冥室椟棺,-0.7777777777777778,negative,0.7777777777777778
冥顽,-0.5555555555555556,negative,0.5555555555555556
冥顽不化,-1.0,negative,1.0
冥顽不灵,-1.0,negative,1.0
冬扇夏炉,-0.5555555555555556,negative,0.5555555555555556
冬烘,-0.5555555555555556,negative,0.5555555555555556
冬箑夏裘,-0.5555555555555556,negative,0.5555555555555556
冰凉,-0.5555555555555556,negative,0.5555555555555556
冰山难靠,-0.5555555555555556,negative,0.5555555555555556
冰炭,-0.7777777777777778,negative,0.7777777777777778
冰窖,-0.3333333333333333,negative,0.3333333333333333
冰雹,-0.5555555555555556,negative,0.5555555555555556
冲撞,-0.1111111111111111,negative,0.1111111111111111
冲杀,-0.3333333333333333,negative,0.3333333333333333
冲犯,-0.3333333333333333,negative,0.3333333333333333
决一死战,-0.3333333333333333,negative,0.3333333333333333
决一雌雄,-0.1111111111111111,negative,0.1111111111111111
决疣溃痈,-1.0,negative,1.0
冶容诲淫,-0.5555555555555556,negative,0.5555555555555556
冷冰冰,-0.5555555555555556,negative,0.5555555555555556
冷冷,-0.3333333333333333,negative,0.3333333333333333
冷嘲热讽,-0.3333333333333333,negative,0.3333333333333333
冷宫,-0.5555555555555556,negative,0.5555555555555556
冷害,-0.3333333333333333,negative,0.3333333333333333
冷峻,-0.5555555555555556,negative,0.5555555555555556
冷板凳,-0.5555555555555556,negative,0.5555555555555556
冷淡,-0.5555555555555556,negative,0.5555555555555556
冷漠,-0.3333333333333333,negative,0.3333333333333333
冷眼,-0.3333333333333333,negative,0.3333333333333333
冷眼旁观,-0.5555555555555556,negative,0.5555555555555556
冷窗冻壁,-0.3333333333333333,negative,0.3333333333333333
冷笑,-0.5555555555555556,negative,0.5555555555555556
冷箭,-0.5555555555555556,negative,0.5555555555555556
冷若冰霜,-0.1111111111111111,negative,0.1111111111111111
冷落,-0.5555555555555556,negative,0.5555555555555556
冷血动物,-0.7777777777777778,negative,0.7777777777777778
冷言冷语,-0.5555555555555556,negative,0.5555555555555556
冷言热语,-0.5555555555555556,negative,0.5555555555555556
冷语冰人,-0.5555555555555556,negative,0.5555555555555556
冷谈,-0.5555555555555556,negative,0.5555555555555556
冷遇,-0.3333333333333333,negative,0.3333333333333333
冷酷,-0.3333333333333333,negative,0.3333333333333333
冷酷无情,-0.5555555555555556,negative,0.5555555555555556
冻伤,-0.7777777777777778,negative,0.7777777777777778
凄切,-0.3333333333333333,negative,0.3333333333333333
凄惶,-0.3333333333333333,negative,0.3333333333333333
凋敝,-0.5555555555555556,negative,0.5555555555555556
凋落,-0.3333333333333333,negative,0.3333333333333333
凋败,-0.3333333333333333,negative,0.3333333333333333
凌上虐下,-0.7777777777777778,negative,0.7777777777777778
凌乱,-0.7777777777777778,negative,0.7777777777777778
凌侮,-0.5555555555555556,negative,0.5555555555555556
凌夷,-0.3333333333333333,negative,0.3333333333333333
凌弱暴寡,-0.7777777777777778,negative,0.7777777777777778
凌杂,-0.3333333333333333,negative,0.3333333333333333
凌虐,-0.6666666666666667,negative,0.6666666666666667
凌轹,-0.5555555555555556,negative,0.5555555555555556
凌辱,-0.7777777777777778,negative,0.7777777777777778
减师半德,-0.5555555555555556,negative,0.5555555555555556
凑和,-0.1111111111111111,negative,0.1111111111111111
凑热闹儿,-0.5555555555555556,negative,0.5555555555555556
凛如霜雪,-0.5555555555555556,negative,0.5555555555555556
凛若冰霜,-0.5555555555555556,negative,0.5555555555555556
凛若秋霜,-0.5555555555555556,negative,0.5555555555555556
凝滞,-0.1111111111111111,negative,0.1111111111111111
几不欲生,-1.0,negative,1.0
凡俗,-0.7777777777777778,negative,0.7777777777777778
凡偶近器,-0.5555555555555556,negative,0.5555555555555556
凡夫俗子,-0.3333333333333333,negative,0.3333333333333333
凡才浅识,-0.5555555555555556,negative,0.5555555555555556
凤毛鸡胆,-0.7777777777777778,negative,0.7777777777777778
凭几据杖,-0.7777777777777778,negative,0.7777777777777778
凭白无故,-0.5555555555555556,negative,0.5555555555555556
凭空,-0.5555555555555556,negative,0.5555555555555556
凭陵,-0.7777777777777778,negative,0.7777777777777778
凶兆,-0.5555555555555556,negative,0.5555555555555556
凶器,-0.5555555555555556,negative,0.5555555555555556
凶多吉少,-1.0,negative,1.0
凶宅,-0.5555555555555556,negative,0.5555555555555556
凶年,-0.5555555555555556,negative,0.5555555555555556
凶年恶岁,-0.3333333333333333,negative,0.3333333333333333
凶恶,-0.3333333333333333,negative,0.3333333333333333
凶悍,-0.3333333333333333,negative,0.3333333333333333
凶手,-0.5555555555555556,negative,0.5555555555555556
凶暴,-0.7777777777777778,negative,0.7777777777777778
凶杀,-0.5555555555555556,negative,0.5555555555555556
凶横,-0.3333333333333333,negative,0.3333333333333333
凶残,-0.7777777777777778,negative,0.7777777777777778
凶毒,-0.3333333333333333,negative,0.3333333333333333
凶气,-0.5555555555555556,negative,0.5555555555555556
凶焰,-0.5555555555555556,negative,0.5555555555555556
凶煞,-0.7777777777777778,negative,0.7777777777777778
凶犯,-0.5555555555555556,negative,0.5555555555555556
凶狂,-0.3333333333333333,negative,0.3333333333333333
凶狠,-0.5555555555555556,negative,0.5555555555555556
凶相,-0.5555555555555556,negative,0.5555555555555556
凶相毕露,-0.5555555555555556,negative,0.5555555555555556
凶神恶煞,-0.7777777777777778,negative,0.7777777777777778
凶虐,-0.3333333333333333,negative,0.3333333333333333
凶蛮,-1.0,negative,1.0
凶险,-0.6666666666666667,negative,0.6666666666666667
出丑,-0.3333333333333333,negative,0.3333333333333333
出乖露丑,-0.5555555555555556,negative,0.5555555555555556
出人意表,-0.7777777777777778,negative,0.7777777777777778
出口伤人,-0.5555555555555556,negative,0.5555555555555556
出圈儿,-0.5555555555555556,negative,0.5555555555555556
出尔反尔,-0.5555555555555556,negative,0.5555555555555556
出局,-0.1111111111111111,negative,0.1111111111111111
出格,-0.3333333333333333,negative,0.3333333333333333
出毛病,-0.5555555555555556,negative,0.5555555555555556
出疆载质,-1.0,negative,1.0
出言不逊,-0.5555555555555556,negative,0.5555555555555556
出言无状,-0.7777777777777778,negative,0.7777777777777778
出轨,-0.3333333333333333,negative,0.3333333333333333
出逃,-0.3333333333333333,negative,0.3333333333333333
击排冒没,-0.5555555555555556,negative,0.5555555555555556
函矢相攻,-0.5555555555555556,negative,0.5555555555555556
凿空之论,-0.5555555555555556,negative,0.5555555555555556
凿空取办,-0.5555555555555556,negative,0.5555555555555556
凿空投隙,-0.5555555555555556,negative,0.5555555555555556
凿骨捣髓,-0.7777777777777778,negative,0.7777777777777778
刀俎,-0.5555555555555556,negative,0.5555555555555556
刀光血影,-0.5555555555555556,negative,0.5555555555555556
刀头舔蜜,-0.5555555555555556,negative,0.5555555555555556
刁恶,-0.7777777777777778,negative,0.7777777777777778
刁悍,-0.7777777777777778,negative,0.7777777777777778
刁滑,-0.5555555555555556,negative,0.5555555555555556
刁蛮,-0.7777777777777778,negative,0.7777777777777778
刁诈,-0.7777777777777778,negative,0.7777777777777778
刁赖,-0.7777777777777778,negative,0.7777777777777778
刁钻,-0.3333333333333333,negative,0.3333333333333333
刁钻古怪,-0.7777777777777778,negative,0.7777777777777778
刁顽,-0.7777777777777778,negative,0.7777777777777778
分化瓦解,-0.5555555555555556,negative,0.5555555555555556
分崩离析,-0.5555555555555556,negative,0.5555555555555556
分情破爱,-0.5555555555555556,negative,0.5555555555555556
分文不值,-0.5555555555555556,negative,0.5555555555555556
分文不名,-0.1111111111111111,negative,0.1111111111111111
分文不直,-1.0,negative,1.0
分斤拨两,-0.5555555555555556,negative,0.5555555555555556
分斤掰两,-0.5555555555555556,negative,0.5555555555555556
分星拨两,-0.5555555555555556,negative,0.5555555555555556
分毫不值,-1.0,negative,1.0
分赃,-0.5555555555555556,negative,0.5555555555555556
分金掰两,-0.5555555555555556,negative,0.5555555555555556
切骨之寒,-0.7777777777777778,negative,0.7777777777777778
切齿腐心,-1.0,negative,1.0
刑辱,-0.7777777777777778,negative,0.7777777777777778
划一不二,-0.5555555555555556,negative,0.5555555555555556
刓方为圆,-0.7777777777777778,negative,0.7777777777777778
刖趾適屦,-0.5555555555555556,negative,0.5555555555555556
列强,-0.7777777777777778,negative,0.7777777777777778
列风淫雨,-0.7777777777777778,negative,0.7777777777777778
刚愎,-0.5555555555555556,negative,0.5555555555555556
刚愎自用,-0.7777777777777778,negative,0.7777777777777778
刚戾自用,-1.0,negative,1.0
判若云泥,-0.7777777777777778,negative,0.7777777777777778
利令志惛,-0.7777777777777778,negative,0.7777777777777778
利令智昏,-0.5555555555555556,negative,0.5555555555555556
利己,-0.7777777777777778,negative,0.7777777777777778
利己主义,-0.3333333333333333,negative,0.3333333333333333
利已,-0.3333333333333333,negative,0.3333333333333333
利欲熏心,-0.5555555555555556,negative,0.5555555555555556
利灾乐祸,-0.7777777777777778,negative,0.7777777777777778
利诱,-0.5555555555555556,negative,0.5555555555555556
利锁名缰,-0.7777777777777778,negative,0.7777777777777778
别别扭扭,-0.5555555555555556,negative,0.5555555555555556
别嘴,-0.1111111111111111,negative,0.1111111111111111
别是,-0.5555555555555556,negative,0.5555555555555556
别有用心,-0.5555555555555556,negative,0.5555555555555556
别生枝节,-0.5555555555555556,negative,0.5555555555555556
别风淮雨,-0.5555555555555556,negative,0.5555555555555556
别鹤孤鸾,-0.5555555555555556,negative,0.5555555555555556
刮地皮,-0.3333333333333333,negative,0.3333333333333333
刮垢磨光,-0.5555555555555556,negative,0.5555555555555556
刮野扫地,-0.5555555555555556,negative,0.5555555555555556
刳胎杀夭,-0.7777777777777778,negative,0.7777777777777778
刳胎焚夭,-1.0,negative,1.0
刳脂剔膏,-1.0,negative,1.0
刺儿头,-0.3333333333333333,negative,0.3333333333333333
刺儿话,-0.3333333333333333,negative,0.3333333333333333
刺刺不休,-0.3333333333333333,negative,0.3333333333333333
刺杀,-0.7777777777777778,negative,0.7777777777777778
刺激,-0.5555555555555556,negative,0.5555555555555556
刺激性毒剂,-0.7777777777777778,negative,0.7777777777777778
刺目,-0.3333333333333333,negative,0.3333333333333333
刺眼,-0.1111111111111111,negative,0.1111111111111111
刺耳,-0.3333333333333333,negative,0.3333333333333333
刻木为吏,-0.7777777777777778,negative,0.7777777777777778
刻板,-0.3333333333333333,negative,0.3333333333333333
刻毒,-0.5555555555555556,negative,0.5555555555555556
刻舟求剑,-0.3333333333333333,negative,0.3333333333333333
刻薄,-0.7777777777777778,negative,0.7777777777777778
刻骨仇很,-1.0,negative,1.0
刻骨崩心,-1.0,negative,1.0
刿心刳肺,-0.7777777777777778,negative,0.7777777777777778
刿心刳腹,-0.7777777777777778,negative,0.7777777777777778
刿心鉥肾,-1.0,negative,1.0
刿鉥心腑,-1.0,negative,1.0
刿鉥肝肾,-1.0,negative,1.0
削木为吏,-1.0,negative,1.0
削足适履,-0.7777777777777778,negative,0.7777777777777778
剌戾,-0.5555555555555556,negative,0.5555555555555556
前不巴村，后不巴店,-0.5555555555555556,negative,0.5555555555555556
前倨后恭,-1.0,negative,1.0
前怕狼后怕虎,-0.5555555555555556,negative,0.5555555555555556
前怕狼，后怕虎,-0.5555555555555556,negative,0.5555555555555556
前愆,-0.3333333333333333,negative,0.3333333333333333
前挽后推,-0.5555555555555556,negative,0.5555555555555556
前瞻后顾,-1.0,negative,1.0
前科,-0.3333333333333333,negative,0.3333333333333333
前言不搭后语,-0.3333333333333333,negative,0.3333333333333333
前门进虎，后门进狼,-0.3333333333333333,negative,0.3333333333333333
剑戟森森,-0.5555555555555556,negative,0.5555555555555556
剔蝎撩蜂,-0.7777777777777778,negative,0.7777777777777778
剖腹藏珠,-1.0,negative,1.0
剜肉做疮,-0.7777777777777778,negative,0.7777777777777778
剜肉医疮,-0.7777777777777778,negative,0.7777777777777778
剜肉成疮,-0.7777777777777778,negative,0.7777777777777778
剜肉生疮,-0.7777777777777778,negative,0.7777777777777778
剜肉补疮,-0.7777777777777778,negative,0.7777777777777778
剥削,-0.3333333333333333,negative,0.3333333333333333
剥皮抽筋,-1.0,negative,1.0
剥肤及髓,-0.5555555555555556,negative,0.5555555555555556
剧毒,-0.7777777777777778,negative,0.7777777777777778
剩菜残羹,-0.5555555555555556,negative,0.5555555555555556
割裂,-0.3333333333333333,negative,0.3333333333333333
剽取,-0.5555555555555556,negative,0.5555555555555556
剽悍,-0.3333333333333333,negative,0.3333333333333333
剽窃,-0.5555555555555556,negative,0.5555555555555556
剽袭,-0.5555555555555556,negative,0.5555555555555556
剿袭,-0.7777777777777778,negative,0.7777777777777778
剿说,-0.3333333333333333,negative,0.3333333333333333
劈两分星,-0.3333333333333333,negative,0.3333333333333333
劈脸,-0.7777777777777778,negative,0.7777777777777778
力不从心,-0.3333333333333333,negative,0.3333333333333333
力不胜任,-0.5555555555555556,negative,0.5555555555555556
力竭声嘶,-1.0,negative,1.0
劝百讽一,-1.0,negative,1.0
劝诱,-0.7777777777777778,negative,0.7777777777777778
功亏一篑,-0.7777777777777778,negative,0.7777777777777778
功成骨枯,-0.7777777777777778,negative,0.7777777777777778
加塞儿,-0.7777777777777778,negative,0.7777777777777778
加油加醋,-0.3333333333333333,negative,0.3333333333333333
加膝坠泉,-0.5555555555555556,negative,0.5555555555555556
加膝坠渊,-0.5555555555555556,negative,0.5555555555555556
劣中之劣,-1.0,negative,1.0
劣势,-0.3333333333333333,negative,0.3333333333333333
劣株,-0.5555555555555556,negative,0.5555555555555556
劣根性,-0.7777777777777778,negative,0.7777777777777778
劣种,-0.5555555555555556,negative,0.5555555555555556
劣等,-0.5555555555555556,negative,0.5555555555555556
劣质,-0.3333333333333333,negative,0.3333333333333333
劣迹,-0.5555555555555556,negative,0.5555555555555556
劣迹昭著,-1.0,negative,1.0
劣马,-0.5555555555555556,negative,0.5555555555555556
动乱,-0.7777777777777778,negative,0.7777777777777778
动作迟顿,-0.3333333333333333,negative,0.3333333333333333
动荡不安,-0.3333333333333333,negative,0.3333333333333333
动辄得咎,-0.5555555555555556,negative,0.5555555555555556
助人下石,-0.5555555555555556,negative,0.5555555555555556
助天为虐,-1.0,negative,1.0
助桀为恶,-0.7777777777777778,negative,0.7777777777777778
助桀为暴,-0.7777777777777778,negative,0.7777777777777778
助桀为虐,-1.0,negative,1.0
助纣为虐,-0.7777777777777778,negative,0.7777777777777778
助长,-0.5555555555555556,negative,0.5555555555555556
努牙突嘴,-0.5555555555555556,negative,0.5555555555555556
劫夺,-0.7777777777777778,negative,0.7777777777777778
劫持,-0.5555555555555556,negative,0.5555555555555556
劫掠,-0.7777777777777778,negative,0.7777777777777778
劳师动众,-0.5555555555555556,negative,0.5555555555555556
劳师糜饷,-0.3333333333333333,negative,0.3333333333333333
劳形苦心,-0.3333333333333333,negative,0.3333333333333333
劳役,-0.5555555555555556,negative,0.5555555555555556
劳心焦思,-0.7777777777777778,negative,0.7777777777777778
劳民伤财,-0.7777777777777778,negative,0.7777777777777778
劳民费财,-0.7777777777777778,negative,0.7777777777777778
劳筋苦骨,-0.5555555555555556,negative,0.5555555555555556
劳而无功,-0.5555555555555556,negative,0.5555555555555556
劳身焦思,-0.3333333333333333,negative,0.3333333333333333
势不两立,-0.5555555555555556,negative,0.5555555555555556
势不俱栖,-0.5555555555555556,negative,0.5555555555555556
势利,-0.7777777777777778,negative,0.7777777777777778
势利眼,-0.7777777777777778,negative,0.7777777777777778
势如冰炭,-0.5555555555555556,negative,0.5555555555555556
势成骑虎,-0.5555555555555556,negative,0.5555555555555556
势治,-0.5555555555555556,negative,0.5555555555555556
势焰,-0.7777777777777778,negative,0.7777777777777778
势穷力屈,-0.5555555555555556,negative,0.5555555555555556
势穷力蹙,-0.5555555555555556,negative,0.5555555555555556
勃然,-1.0,negative,1.0
勇略,-0.7777777777777778,negative,0.7777777777777778
勇而无谋,-0.5555555555555556,negative,0.5555555555555556
勒抑,-0.5555555555555556,negative,0.5555555555555556
勒派,-0.5555555555555556,negative,0.5555555555555556
勒索,-0.3333333333333333,negative,0.3333333333333333
勒诈,-0.7777777777777778,negative,0.7777777777777778
勒逼,-0.5555555555555556,negative,0.5555555555555556
勾引,-0.1111111111111111,negative,0.1111111111111111
勾当,-0.5555555555555556,negative,0.5555555555555556
勾心斗角,-0.7777777777777778,negative,0.7777777777777778
勾搭,-0.3333333333333333,negative,0.3333333333333333
勾结,-0.3333333333333333,negative,0.3333333333333333
勾连,-0.3333333333333333,negative,0.3333333333333333
勾通,-0.3333333333333333,negative,0.3333333333333333
包办代替,-0.5555555555555556,negative,0.5555555555555556
包子,-0.5555555555555556,negative,0.5555555555555556
包庇,-0.3333333333333333,negative,0.3333333333333333
包打听,-0.5555555555555556,negative,0.5555555555555556
包打天下,-0.5555555555555556,negative,0.5555555555555556
包藏奸心,-0.5555555555555556,negative,0.5555555555555556
包藏祸心,-0.5555555555555556,negative,0.5555555555555556
匕首,-0.5555555555555556,negative,0.5555555555555556
化公为私,-0.7777777777777778,negative,0.7777777777777778
北辕适楚,-0.3333333333333333,negative,0.3333333333333333
匪帮,-0.5555555555555556,negative,0.5555555555555556
匪徒,-0.7777777777777778,negative,0.7777777777777778
匪患,-0.5555555555555556,negative,0.5555555555555556
匪盗,-0.7777777777777778,negative,0.7777777777777778
匪祸,-0.5555555555555556,negative,0.5555555555555556
匪穴,-0.5555555555555556,negative,0.5555555555555556
匪首,-0.7777777777777778,negative,0.7777777777777778
匹夫,-0.7777777777777778,negative,0.7777777777777778
匹夫之勇,-0.5555555555555556,negative,0.5555555555555556
区区,-0.1111111111111111,negative,0.1111111111111111
区闻陬见,-0.5555555555555556,negative,0.5555555555555556
十室九匮,-0.5555555555555556,negative,0.5555555555555556
十恶不赦,-1.0,negative,1.0
十恶五逆,-0.5555555555555556,negative,0.5555555555555556
十步九回头,-0.7777777777777778,negative,0.7777777777777778
十死不问,-0.5555555555555556,negative,0.5555555555555556
十生九死,-0.5555555555555556,negative,0.5555555555555556
十病九痛,-0.5555555555555556,negative,0.5555555555555556
十眠九坐,-0.5555555555555556,negative,0.5555555555555556
十米九糠,-0.5555555555555556,negative,0.5555555555555556
十羊九牧,-0.5555555555555556,negative,0.5555555555555556
十转九空,-0.5555555555555556,negative,0.5555555555555556
千人一面,-0.5555555555555556,negative,0.5555555555555556
千人所指,-1.0,negative,1.0
千仇万恨,-1.0,negative,1.0
千刀万剁,-0.7777777777777778,negative,0.7777777777777778
千刀万剐,-0.7777777777777778,negative,0.7777777777777778
千呼万唤　,-0.5555555555555556,negative,0.5555555555555556
千回百折,-0.7777777777777778,negative,0.7777777777777778
千回百转,-0.5555555555555556,negative,0.5555555555555556
千夫所指,-1.0,negative,1.0
千夫诺诺，不如一士谔谔,-0.5555555555555556,negative,0.5555555555555556
千头百绪,-0.7777777777777778,negative,0.7777777777777778
千山万水,-0.7777777777777778,negative,0.7777777777777778
千方百计,-0.7777777777777778,negative,0.7777777777777778
千灾百难,-1.0,negative,1.0
千疮百孔,-0.7777777777777778,negative,0.7777777777777778
千篇一律,-0.5555555555555556,negative,0.5555555555555556
千虑一失,-0.5555555555555556,negative,0.5555555555555556
千里之隄，溃于蚁穴,-0.7777777777777778,negative,0.7777777777777778
千里迢迢,-0.7777777777777778,negative,0.7777777777777778
千里馈粮,-0.7777777777777778,negative,0.7777777777777778
千金一掷,-0.7777777777777778,negative,0.7777777777777778
升天,-0.7777777777777778,negative,0.7777777777777778
半上落下,-0.5555555555555556,negative,0.5555555555555556
半半拉拉,-0.5555555555555556,negative,0.5555555555555556
半吊子,-0.5555555555555556,negative,0.5555555555555556
半封建,-0.3333333333333333,negative,0.3333333333333333
半推半就,-0.5555555555555556,negative,0.5555555555555556
半文盲,-0.5555555555555556,negative,0.5555555555555556
半死半生,-0.5555555555555556,negative,0.5555555555555556
半涂而废,-0.7777777777777778,negative,0.7777777777777778
半疯儿,-0.1111111111111111,negative,0.1111111111111111
半痴不癫,-0.3333333333333333,negative,0.3333333333333333
半衰期,-0.5555555555555556,negative,0.5555555555555556
半路出家,-0.3333333333333333,negative,0.3333333333333333
半身不遂,-0.5555555555555556,negative,0.5555555555555556
半途而废,-0.5555555555555556,negative,0.5555555555555556
半间不界,-0.5555555555555556,negative,0.5555555555555556
华而不实,-0.7777777777777778,negative,0.7777777777777778
协私罔上,-1.0,negative,1.0
卑下,-0.7777777777777778,negative,0.7777777777777778
卑俗,-0.5555555555555556,negative,0.5555555555555556
卑劣,-1.0,negative,1.0
卑微,-0.1111111111111111,negative,0.1111111111111111
卑污,-0.7777777777777778,negative,0.7777777777777778
卑猥,-1.0,negative,1.0
卑琐,-1.0,negative,1.0
卑谄足恭,-0.5555555555555556,negative,0.5555555555555556
卑贱,-1.0,negative,1.0
卑躬屈膝,-1.0,negative,1.0
卑躬屈节,-0.7777777777777778,negative,0.7777777777777778
卑鄙,-1.0,negative,1.0
卑鄙无耻,-1.0,negative,1.0
卑鄙龌龊,-0.5555555555555556,negative,0.5555555555555556
卑陋,-1.0,negative,1.0
单弱,-0.3333333333333333,negative,0.3333333333333333
单文孤证,-0.5555555555555556,negative,0.5555555555555556
单见浅闻,-0.5555555555555556,negative,0.5555555555555556
单调,-0.3333333333333333,negative,0.3333333333333333
单鹄寡凫,-0.3333333333333333,negative,0.3333333333333333
卖不掉,-0.5555555555555556,negative,0.5555555555555556
卖主求荣,-0.7777777777777778,negative,0.7777777777777778
卖乖,-0.5555555555555556,negative,0.5555555555555556
卖乖弄俏,-0.5555555555555556,negative,0.5555555555555556
卖人情,-0.2222222222222222,negative,0.2222222222222222
卖俏,-0.5555555555555556,negative,0.5555555555555556
卖俏行奸,-0.7777777777777778,negative,0.7777777777777778
卖俏迎奸,-0.7777777777777778,negative,0.7777777777777778
卖兒贴妇,-0.7777777777777778,negative,0.7777777777777778
卖兒鬻女,-0.7777777777777778,negative,0.7777777777777778
卖友,-0.5555555555555556,negative,0.5555555555555556
卖友求荣,-1.0,negative,1.0
卖嘴,-0.3333333333333333,negative,0.3333333333333333
卖国求利,-1.0,negative,1.0
卖国求荣,-1.0,negative,1.0
卖国贼,-1.0,negative,1.0
卖好,-0.3333333333333333,negative,0.3333333333333333
卖妻鬻子,-0.7777777777777778,negative,0.7777777777777778
卖官卖爵,-0.7777777777777778,negative,0.7777777777777778
卖官贩爵,-0.7777777777777778,negative,0.7777777777777778
卖官鬻爵,-1.0,negative,1.0
卖官鬻狱,-1.0,negative,1.0
卖富差贫,-0.7777777777777778,negative,0.7777777777777778
卖弄,-0.5555555555555556,negative,0.5555555555555556
卖李钻核,-1.0,negative,1.0
卖法市恩,-1.0,negative,1.0
卖狗悬羊,-0.5555555555555556,negative,0.5555555555555556
卖狗皮膏药,-0.5555555555555556,negative,0.5555555555555556
卖男鬻女,-0.7777777777777778,negative,0.7777777777777778
卖空买空,-0.3333333333333333,negative,0.3333333333333333
卖笑追欢,-0.7777777777777778,negative,0.7777777777777778
卖身投靠,-0.7777777777777778,negative,0.7777777777777778
南柯一梦,-0.7777777777777778,negative,0.7777777777777778
南箕北斗,-1.0,negative,1.0
南腔北调,-0.6666666666666666,negative,0.6666666666666666
南辕北辙,-0.5555555555555556,negative,0.5555555555555556
南郭先生,-0.6666666666666666,negative,0.6666666666666666
南郭处士,-0.6666666666666666,negative,0.6666666666666666
博土买驴,-0.6666666666666666,negative,0.6666666666666666
博士买驴,-0.3333333333333333,negative,0.3333333333333333
博而不精,-0.3333333333333333,negative,0.3333333333333333
卜昼卜夜,-0.5555555555555556,negative,0.5555555555555556
卤莽灭裂,-0.7777777777777778,negative,0.7777777777777778
卧不安席,-1.0,negative,1.0
卧榻之侧，岂容他人鼾睡,-0.7777777777777778,negative,0.7777777777777778
危在旦夕,-1.0,negative,1.0
危如累卵,-1.0,negative,1.0
危机,-0.5555555555555556,negative,0.5555555555555556
危机四伏,-1.0,negative,1.0
危机重重,-1.0,negative,1.0
危殆,-0.7777777777777778,negative,0.7777777777777778
危言竦论,-0.7777777777777778,negative,0.7777777777777778
危言耸听,-0.3333333333333333,negative,0.3333333333333333
即即世世,-0.3333333333333333,negative,0.3333333333333333
即鹿无虞,-0.5555555555555556,negative,0.5555555555555556
却步,-0.5555555555555556,negative,0.5555555555555556
卷土重来,-0.3333333333333333,negative,0.3333333333333333
卷席而居,-0.7777777777777778,negative,0.7777777777777778
卷席而葬,-0.7777777777777778,negative,0.7777777777777778
卷逃,-0.5555555555555556,negative,0.5555555555555556
卸任,-0.5555555555555556,negative,0.5555555555555556
卸磨杀驴,-0.5555555555555556,negative,0.5555555555555556
卸责,-0.5555555555555556,negative,0.5555555555555556
厄运,-0.3333333333333333,negative,0.3333333333333333
历历落落,-0.3333333333333333,negative,0.3333333333333333
厉鬼,-0.7777777777777778,negative,0.7777777777777778
压制,-0.7777777777777778,negative,0.7777777777777778
压榨,-0.7777777777777778,negative,0.7777777777777778
压良为贱,-0.5555555555555556,negative,0.5555555555555556
厌倦,-0.5555555555555556,negative,0.5555555555555556
厌恨,-0.5555555555555556,negative,0.5555555555555556
厌恶,-0.7777777777777778,negative,0.7777777777777778
厌腻,-0.5555555555555556,negative,0.5555555555555556
厚古薄今,-0.5555555555555556,negative,0.5555555555555556
厚味腊毒,-0.7777777777777778,negative,0.7777777777777778
厚此薄彼,-0.3333333333333333,negative,0.3333333333333333
厚脸皮,-0.1111111111111111,negative,0.1111111111111111
厚貌深情,-0.3333333333333333,negative,0.3333333333333333
厚颜,-0.5555555555555556,negative,0.5555555555555556
厚颜无耻,-1.0,negative,1.0
原子武器,-0.7777777777777778,negative,0.7777777777777778
原子炸弹,-0.7777777777777778,negative,0.7777777777777778
原形,-0.5555555555555556,negative,0.5555555555555556
原形毕露,-0.7777777777777778,negative,0.7777777777777778
厥词,-0.3333333333333333,negative,0.3333333333333333
厭齑暮盐,-0.5555555555555556,negative,0.5555555555555556
厮混,-0.5555555555555556,negative,0.5555555555555556
参差不齐,-0.5555555555555556,negative,0.5555555555555556
参错,-0.3333333333333333,negative,0.3333333333333333
又哭又闹,-0.3333333333333333,negative,0.3333333333333333
及宾有鱼,-0.5555555555555556,negative,0.5555555555555556
及时行乐,-0.5555555555555556,negative,0.5555555555555556
双凫一雁,-0.5555555555555556,negative,0.5555555555555556
反侧,-0.3333333333333333,negative,0.3333333333333333
反动,-0.5555555555555556,negative,0.5555555555555556
反咬,-0.5555555555555556,negative,0.5555555555555556
反唇相稽,-0.6666666666666666,negative,0.6666666666666666
反唇相讥,-0.3333333333333333,negative,0.3333333333333333
反复无常,-0.3333333333333333,negative,0.3333333333333333
反常,-0.1111111111111111,negative,0.1111111111111111
反悔,-0.1111111111111111,negative,0.1111111111111111
反感,-0.3333333333333333,negative,0.3333333333333333
反派,-0.3333333333333333,negative,0.3333333333333333
反目,-0.3333333333333333,negative,0.3333333333333333
反目无情,-0.7777777777777778,negative,0.7777777777777778
反眼不识,-0.7777777777777778,negative,0.7777777777777778
反社会,-1.0,negative,1.0
反裘伤皮,-0.5555555555555556,negative,0.5555555555555556
反裘负刍,-0.5555555555555556,negative,0.5555555555555556
反裘负当,-0.5555555555555556,negative,0.5555555555555556
反裘负薪,-0.5555555555555556,negative,0.5555555555555556
反诬,-0.5555555555555556,negative,0.5555555555555556
反躬自省,-0.7777777777777778,negative,0.7777777777777778
反面无情,-0.5555555555555556,negative,0.5555555555555556
反革命,-0.5555555555555556,negative,0.5555555555555556
发傻,-0.3333333333333333,negative,0.3333333333333333
发怔,-0.3333333333333333,negative,0.3333333333333333
发怵,-0.5555555555555556,negative,0.5555555555555556
发指,-0.7777777777777778,negative,0.7777777777777778
发指眦裂,-1.0,negative,1.0
发横,-0.3333333333333333,negative,0.3333333333333333
发牢骚,-0.3333333333333333,negative,0.3333333333333333
发狂,-0.3333333333333333,negative,0.3333333333333333
发疯,-0.3333333333333333,negative,0.3333333333333333
发痴,-0.3333333333333333,negative,0.3333333333333333
发腻,-0.3333333333333333,negative,0.3333333333333333
发飙,-0.5555555555555556,negative,0.5555555555555556
取巧,-0.5555555555555556,negative,0.5555555555555556
取悦,-0.3333333333333333,negative,0.3333333333333333
取笑,-0.5555555555555556,negative,0.5555555555555556
取闹,-0.5555555555555556,negative,0.5555555555555556
受制,-0.5555555555555556,negative,0.5555555555555556
受害,-0.7777777777777778,negative,0.7777777777777778
受屈,-0.5555555555555556,negative,0.5555555555555556
受挫,-0.5555555555555556,negative,0.5555555555555556
受气,-0.5555555555555556,negative,0.5555555555555556
受穷,-0.5555555555555556,negative,0.5555555555555556
受窘,-0.1111111111111111,negative,0.1111111111111111
受罚,-0.5555555555555556,negative,0.5555555555555556
受贿,-0.5555555555555556,negative,0.5555555555555556
受辱,-0.5555555555555556,negative,0.5555555555555556
受过,-0.5555555555555556,negative,0.5555555555555556
受骗,-0.5555555555555556,negative,0.5555555555555556
变乱,-0.3333333333333333,negative,0.3333333333333333
变动,-0.5555555555555556,negative,0.5555555555555556
变卦,-0.5555555555555556,negative,0.5555555555555556
变天,-0.5555555555555556,negative,0.5555555555555556
变心,-0.3333333333333333,negative,0.3333333333333333
变态,-0.7777777777777778,negative,0.7777777777777778
变性,-0.5555555555555556,negative,0.5555555555555556
变相,-0.5555555555555556,negative,0.5555555555555556
变种,-0.3333333333333333,negative,0.3333333333333333
变脸,-0.5555555555555556,negative,0.5555555555555556
变色,-0.3333333333333333,negative,0.3333333333333333
变色龙,-0.5555555555555556,negative,0.5555555555555556
变节,-0.5555555555555556,negative,0.5555555555555556
变质,-0.5555555555555556,negative,0.5555555555555556
叛乱,-0.7777777777777778,negative,0.7777777777777778
叛卖,-0.7777777777777778,negative,0.7777777777777778
叛变,-0.7777777777777778,negative,0.7777777777777778
叛国,-0.7777777777777778,negative,0.7777777777777778
叛徒,-0.5555555555555556,negative,0.5555555555555556
叛离,-0.7777777777777778,negative,0.7777777777777778
叛逃,-0.7777777777777778,negative,0.7777777777777778
叛逆,-0.5555555555555556,negative,0.5555555555555556
叠床架屋,-0.5555555555555556,negative,0.5555555555555556
口不应心,-0.5555555555555556,negative,0.5555555555555556
口不择言,-0.5555555555555556,negative,0.5555555555555556
口中雌黄,-0.5555555555555556,negative,0.5555555555555556
口似悬河,-0.3333333333333333,negative,0.3333333333333333
口口声声,-0.7777777777777778,negative,0.7777777777777778
口呆目钝,-1.0,negative,1.0
口坠天花,-0.5555555555555556,negative,0.5555555555555556
口头上,-0.3333333333333333,negative,0.3333333333333333
口头禅,-0.3333333333333333,negative,0.3333333333333333
口如悬河,-0.3333333333333333,negative,0.3333333333333333
口尚乳臭,-0.3333333333333333,negative,0.3333333333333333
口惠,-0.5555555555555556,negative,0.5555555555555556
口惠而实不至,-0.5555555555555556,negative,0.5555555555555556
口是心非,-0.5555555555555556,negative,0.5555555555555556
口燥唇干,-0.7777777777777778,negative,0.7777777777777778
口耳之学,-0.3333333333333333,negative,0.3333333333333333
口耳相传,-0.5555555555555556,negative,0.5555555555555556
口耳相承,-0.3333333333333333,negative,0.3333333333333333
口舌,-0.3333333333333333,negative,0.3333333333333333
口蜜腹剑,-0.7777777777777778,negative,0.7777777777777778
口血未干,-0.7777777777777778,negative,0.7777777777777778
口角,-0.3333333333333333,negative,0.3333333333333333
口角春风,-0.5555555555555556,negative,0.5555555555555556
口诛笔伐,-0.5555555555555556,negative,0.5555555555555556
口说无凭,-0.3333333333333333,negative,0.3333333333333333
口轻舌薄,-0.7777777777777778,negative,0.7777777777777778
古奥,-0.3333333333333333,negative,0.3333333333333333
古怪,-0.3333333333333333,negative,0.3333333333333333
古板,-0.3333333333333333,negative,0.3333333333333333
古董,-0.5555555555555556,negative,0.5555555555555556
古里古怪,-0.3333333333333333,negative,0.3333333333333333
另楚寒巫,-0.3333333333333333,negative,0.3333333333333333
另眼看待,-0.3333333333333333,negative,0.3333333333333333
另眼看戏,-0.3333333333333333,negative,0.3333333333333333
另起炉灶,-0.1111111111111111,negative,0.1111111111111111
叨叨,-0.3333333333333333,negative,0.3333333333333333
叨在知己,-0.7777777777777778,negative,0.7777777777777778
叨教,-0.5555555555555556,negative,0.5555555555555556
叩心泣血,-1.0,negative,1.0
只字不提,-0.3333333333333333,negative,0.3333333333333333
只看见树木，不看见森林,-0.5555555555555556,negative,0.5555555555555556
只见树木，不见森林,-0.5555555555555556,negative,0.5555555555555556
只许州官放火，不许百姓点灯,-0.7777777777777778,negative,0.7777777777777778
只顾自身利益,-1.0,negative,1.0
只鸡絮酒,-0.7777777777777778,negative,0.7777777777777778
叫化子过瘾－讨厌,-0.3333333333333333,negative,0.3333333333333333
叫嚣,-0.1111111111111111,negative,0.1111111111111111
召之即来，挥之即去,-0.5555555555555556,negative,0.5555555555555556
可乘之机,-0.3333333333333333,negative,0.3333333333333333
可同患，难处安,-0.5555555555555556,negative,0.5555555555555556
可怖,-0.7777777777777778,negative,0.7777777777777778
可恨,-0.3333333333333333,negative,0.3333333333333333
可恶,-0.7777777777777778,negative,0.7777777777777778
可憎,-0.7777777777777778,negative,0.7777777777777778
可气,-0.3333333333333333,negative,0.3333333333333333
可笑,-0.1111111111111111,negative,0.1111111111111111
可耻,-0.5555555555555556,negative,0.5555555555555556
可鄙,-0.7777777777777778,negative,0.7777777777777778
可骇,-1.0,negative,1.0
叱呵,-0.5555555555555556,negative,0.5555555555555556
叱问,-0.3333333333333333,negative,0.3333333333333333
叱骂,-1.0,negative,1.0
史弟阋于墙,-0.7777777777777778,negative,0.7777777777777778
右倾,-0.5555555555555556,negative,0.5555555555555556
右倾机会主义,-0.5555555555555556,negative,0.5555555555555556
右军习气,-0.5555555555555556,negative,0.5555555555555556
右军習气,-0.5555555555555556,negative,0.5555555555555556
右派,-0.7777777777777778,negative,0.7777777777777778
叵测,-0.5555555555555556,negative,0.5555555555555556
叶公好龙,-0.7777777777777778,negative,0.7777777777777778
司马昭之心,-0.5555555555555556,negative,0.5555555555555556
司马青衫,-0.5555555555555556,negative,0.5555555555555556
叹老嗟卑,-0.7777777777777778,negative,0.7777777777777778
吃不上,-0.7777777777777778,negative,0.7777777777777778
吃不住,-0.5555555555555556,negative,0.5555555555555556
吃不准,-0.3333333333333333,negative,0.3333333333333333
吃不开,-0.7777777777777778,negative,0.7777777777777778
吃不服,-0.7777777777777778,negative,0.7777777777777778
吃不来,-0.5555555555555556,negative,0.5555555555555556
吃不消,-0.5555555555555556,negative,0.5555555555555556
吃亏,-0.5555555555555556,negative,0.5555555555555556
吃偏饭,-0.3333333333333333,negative,0.3333333333333333
吃劲,-0.5555555555555556,negative,0.5555555555555556
吃后悔药,-0.3333333333333333,negative,0.3333333333333333
吃嘴,-0.3333333333333333,negative,0.3333333333333333
吃大锅饭,-0.5555555555555556,negative,0.5555555555555556
吃寡醋,-0.5555555555555556,negative,0.5555555555555556
吃心,-0.3333333333333333,negative,0.3333333333333333
吃教,-0.5555555555555556,negative,0.5555555555555556
吃无名醋,-0.5555555555555556,negative,0.5555555555555556
吃独食,-0.3333333333333333,negative,0.3333333333333333
吃瘪,-0.3333333333333333,negative,0.3333333333333333
吃紧,-0.5555555555555556,negative,0.5555555555555556
吃老本,-0.5555555555555556,negative,0.5555555555555556
吃货,-0.7777777777777778,negative,0.7777777777777778
吃里爬外　,-0.7777777777777778,negative,0.7777777777777778
吃错药,-0.5555555555555556,negative,0.5555555555555556
各不相谋,-0.5555555555555556,negative,0.5555555555555556
各为其主,-0.5555555555555556,negative,0.5555555555555556
各人自扫门前雪，莫管他人瓦上霜,-0.5555555555555556,negative,0.5555555555555556
各人自扫门前雪，莫管他家瓦上霜,-0.5555555555555556,negative,0.5555555555555556
各从其志,-0.3333333333333333,negative,0.3333333333333333
各持己见,-0.5555555555555556,negative,0.5555555555555556
各自为政,-0.5555555555555556,negative,0.5555555555555556
各行其是,-0.5555555555555556,negative,0.5555555555555556
吆三喝四,-1.0,negative,1.0
吆五喝六,-1.0,negative,1.0
合眼摸象,-0.5555555555555556,negative,0.5555555555555556
吉网罗钳,-0.5555555555555556,negative,0.5555555555555556
吊儿郎当,-0.5555555555555556,negative,0.5555555555555556
同业相仇,-0.7777777777777778,negative,0.7777777777777778
同伙,-0.3333333333333333,negative,0.3333333333333333
同室操戈,-0.7777777777777778,negative,0.7777777777777778
同尘合汙,-0.7777777777777778,negative,0.7777777777777778
同床各梦,-0.7777777777777778,negative,0.7777777777777778
同床异梦,-0.5555555555555556,negative,0.5555555555555556
同归于尽,-0.1111111111111111,negative,0.1111111111111111
同恶共济,-0.7777777777777778,negative,0.7777777777777778
同恶相党,-0.7777777777777778,negative,0.7777777777777778
同恶相恤,-0.7777777777777778,negative,0.7777777777777778
同恶相求,-0.7777777777777778,negative,0.7777777777777778
同恶相济,-0.7777777777777778,negative,0.7777777777777778
同敝相济,-0.7777777777777778,negative,0.7777777777777778
同气相求,-1.0,negative,1.0
同流合汙,-0.7777777777777778,negative,0.7777777777777778
同流合污,-0.7777777777777778,negative,0.7777777777777778
同类相妒,-0.7777777777777778,negative,0.7777777777777778
同美相妒,-0.5555555555555556,negative,0.5555555555555556
同谋,-0.5555555555555556,negative,0.5555555555555556
名不副实,-0.5555555555555556,negative,0.5555555555555556
名不符实,-0.3333333333333333,negative,0.3333333333333333
名义上,-0.5555555555555556,negative,0.5555555555555556
名存实亡,-0.1111111111111111,negative,0.1111111111111111
名缰利锁,-0.7777777777777778,negative,0.7777777777777778
名誉扫地,-1.0,negative,1.0
名过其实,-0.1111111111111111,negative,0.1111111111111111
名重识暗,-0.7777777777777778,negative,0.7777777777777778
名高难副,-0.5555555555555556,negative,0.5555555555555556
后台,-0.5555555555555556,negative,0.5555555555555556
后悔莫及,-1.0,negative,1.0
后患,-0.1111111111111111,negative,0.1111111111111111
后患无穷,-0.5555555555555556,negative,0.5555555555555556
后果,-0.1111111111111111,negative,0.1111111111111111
后门,-0.1111111111111111,negative,0.1111111111111111
吐丝自缚,-0.7777777777777778,negative,0.7777777777777778
吐刚茹柔,-0.7777777777777778,negative,0.7777777777777778
吐珠於泽，谁能不含,-0.5555555555555556,negative,0.5555555555555556
向壁虚造,-0.5555555555555556,negative,0.5555555555555556
向火乞儿,-0.5555555555555556,negative,0.5555555555555556
向着,-0.5555555555555556,negative,0.5555555555555556
吓人,-0.3333333333333333,negative,0.3333333333333333
吕安题凤,-0.3333333333333333,negative,0.3333333333333333
吕武操莽,-0.7777777777777778,negative,0.7777777777777778
吝啬,-0.7777777777777778,negative,0.7777777777777778
吝啬鬼,-0.5555555555555556,negative,0.5555555555555556
吝惜,-0.5555555555555556,negative,0.5555555555555556
吞云吐雾,-0.3333333333333333,negative,0.3333333333333333
吞剥,-0.7777777777777778,negative,0.7777777777777778
吞吞吐吐,-0.3333333333333333,negative,0.3333333333333333
吞声忍气,-0.7777777777777778,negative,0.7777777777777778
吞声饮恨,-0.7777777777777778,negative,0.7777777777777778
吞声饮气,-0.7777777777777778,negative,0.7777777777777778
吞声饮泣,-0.7777777777777778,negative,0.7777777777777778
吞没,-0.5555555555555556,negative,0.5555555555555556
吞舟是漏,-1.0,negative,1.0
吞舟漏网,-1.0,negative,1.0
吞言咽理,-0.7777777777777778,negative,0.7777777777777778
吞风饮雨,-0.7777777777777778,negative,0.7777777777777778
吠形吠声,-0.3333333333333333,negative,0.3333333333333333
吠影吠声,-0.5555555555555556,negative,0.5555555555555556
含冤,-0.5555555555555556,negative,0.5555555555555556
含冤受屈,-0.7777777777777778,negative,0.7777777777777778
含含混混,-0.5555555555555556,negative,0.5555555555555556
含含糊糊,-0.5555555555555556,negative,0.5555555555555556
含垢弃瑕,-0.7777777777777778,negative,0.7777777777777778
含垢纳污,-0.7777777777777778,negative,0.7777777777777778
含垢藏瑕,-0.7777777777777778,negative,0.7777777777777778
含垢藏疾,-0.7777777777777778,negative,0.7777777777777778
含悲,-0.3333333333333333,negative,0.3333333333333333
含沙射影,-0.1111111111111111,negative,0.1111111111111111
含混,-0.3333333333333333,negative,0.3333333333333333
含混不清,-0.5555555555555556,negative,0.5555555555555556
含牙带角,-0.5555555555555556,negative,0.5555555555555556
含牙戴角,-0.5555555555555556,negative,0.5555555555555556
含糊不清,-0.5555555555555556,negative,0.5555555555555556
含糊其词,-0.5555555555555556,negative,0.5555555555555556
含糊其辞,-0.5555555555555556,negative,0.5555555555555556
含血喷人,-0.8888888888888888,negative,0.8888888888888888
含血噀人,-0.7777777777777778,negative,0.7777777777777778
含血潠人,-1.0,negative,1.0
听之任之,-0.5555555555555556,negative,0.5555555555555556
听人穿鼻,-0.5555555555555556,negative,0.5555555555555556
听任,-0.5555555555555556,negative,0.5555555555555556
听信,-0.5555555555555556,negative,0.5555555555555556
听天任命,-0.5555555555555556,negative,0.5555555555555556
听天由命,-0.1111111111111111,negative,0.1111111111111111
听而不闻,-0.5555555555555556,negative,0.5555555555555556
听风是雨,-0.3333333333333333,negative,0.3333333333333333
吭哧,-0.5555555555555556,negative,0.5555555555555556
吮痈舐痔,-0.7777777777777778,negative,0.7777777777777778
启人疑窦,-0.7777777777777778,negative,0.7777777777777778
启宠纳侮,-0.7777777777777778,negative,0.7777777777777778
启瞶振聋,-0.7777777777777778,negative,0.7777777777777778
启衅,-0.5555555555555556,negative,0.5555555555555556
吴下阿蒙,-0.5555555555555556,negative,0.5555555555555556
吴市吹箫,-0.3333333333333333,negative,0.3333333333333333
吴牛喘月,-0.7777777777777778,negative,0.7777777777777778
吵人,-0.5555555555555556,negative,0.5555555555555556
吵吵,-0.3333333333333333,negative,0.3333333333333333
吵嘴,-0.5555555555555556,negative,0.5555555555555556
吵嚷,-0.3333333333333333,negative,0.3333333333333333
吵子,-0.3333333333333333,negative,0.3333333333333333
吵扰,-0.3333333333333333,negative,0.3333333333333333
吵架,-0.3333333333333333,negative,0.3333333333333333
吵闹,-0.7777777777777778,negative,0.7777777777777778
吸毒,-0.5555555555555556,negative,0.5555555555555556
吸血鬼,-0.7777777777777778,negative,0.7777777777777778
吹嘘,-0.3333333333333333,negative,0.3333333333333333
吹大气,-0.7777777777777778,negative,0.7777777777777778
吹大法螺,-0.8888888888888888,negative,0.8888888888888888
吹拍,-0.5555555555555556,negative,0.5555555555555556
吹擂,-0.5555555555555556,negative,0.5555555555555556
吹毛求疵,-0.5555555555555556,negative,0.5555555555555556
吹求,-0.5555555555555556,negative,0.5555555555555556
吹牛,-0.3333333333333333,negative,0.3333333333333333
吹箫乞食,-0.5555555555555556,negative,0.5555555555555556
吹篪乞食,-0.1111111111111111,negative,0.1111111111111111
吹胡子瞪眼,-0.5555555555555556,negative,0.5555555555555556
呆似木鸡,-0.5555555555555556,negative,0.5555555555555556
呆住,-0.3333333333333333,negative,0.3333333333333333
呆傻,-0.7777777777777778,negative,0.7777777777777778
呆头呆脑,-0.5555555555555556,negative,0.5555555555555556
呆如木鸡,-0.5555555555555556,negative,0.5555555555555556
呆子,-0.3333333333333333,negative,0.3333333333333333
呆小症,-0.7777777777777778,negative,0.7777777777777778
呆怔,-0.3333333333333333,negative,0.3333333333333333
呆愣愣,-0.3333333333333333,negative,0.3333333333333333
呆板,-0.3333333333333333,negative,0.3333333333333333
呆气,-0.5555555555555556,negative,0.5555555555555556
呆笨,-0.7777777777777778,negative,0.7777777777777778
呆若木鸡,-0.5555555555555556,negative,0.5555555555555556
呆钝,-0.5555555555555556,negative,0.5555555555555556
告吹,-0.5555555555555556,negative,0.5555555555555556
告密,-0.5555555555555556,negative,0.5555555555555556
告朔饩羊,-0.5555555555555556,negative,0.5555555555555556
告负,-0.5555555555555556,negative,0.5555555555555556
呕像,-0.3333333333333333,negative,0.3333333333333333
呕心抽肠,-0.8888888888888888,negative,0.8888888888888888
呜呼哀哉,-0.3333333333333333,negative,0.3333333333333333
呜呼噫嘻,-0.7777777777777778,negative,0.7777777777777778
呜鼓而攻攻之,-0.6666666666666666,negative,0.6666666666666666
周折,-0.5555555555555556,negative,0.5555555555555556
周规折矩,-0.5555555555555556,negative,0.5555555555555556
呱哒,-0.3333333333333333,negative,0.3333333333333333
呱嗒,-0.3333333333333333,negative,0.3333333333333333
味同嚼蜡,-0.3333333333333333,negative,0.3333333333333333
味如嚼蜡,-0.7777777777777778,negative,0.7777777777777778
味道不好,-1.0,negative,1.0
呵佛骂祖,-0.7777777777777778,negative,0.7777777777777778
呵叱,-0.5555555555555556,negative,0.5555555555555556
呵斥,-0.3333333333333333,negative,0.3333333333333333
呶呶,-0.3333333333333333,negative,0.3333333333333333
呶呶不休,-0.5555555555555556,negative,0.5555555555555556
呼么喝六,-1.0,negative,1.0
呼天叫地,-1.0,negative,1.0
呼天号地,-1.0,negative,1.0
呼天唤地,-1.0,negative,1.0
呼昼作夜,-0.5555555555555556,negative,0.5555555555555556
呼朋引类,-0.5555555555555556,negative,0.5555555555555556
呼牛作马,-0.7777777777777778,negative,0.7777777777777778
呼牛呼马,-0.7777777777777778,negative,0.7777777777777778
呼群结党,-0.5555555555555556,negative,0.5555555555555556
命薄缘慳,-0.6666666666666666,negative,0.6666666666666666
命蹇时乖,-0.6666666666666666,negative,0.6666666666666666
咂嘴弄舌,-0.5555555555555556,negative,0.5555555555555556
咄咄逼人,-1.0,negative,1.0
咎由自取,-0.7777777777777778,negative,0.7777777777777778
咏月嘲风,-0.3333333333333333,negative,0.3333333333333333
咒骂,-0.7777777777777778,negative,0.7777777777777778
咫尺之功,-0.3333333333333333,negative,0.3333333333333333
咫尺千里,-0.7777777777777778,negative,0.7777777777777778
咬人狗儿不露齿,-1.0,negative,1.0
咬文嚼字,-0.6666666666666666,negative,0.6666666666666666
咬牙恨齿,-1.0,negative,1.0
咳声叹气,-0.5555555555555556,negative,0.5555555555555556
哀哀切切,-1.0,negative,1.0
哀嚎,-1.0,negative,1.0
哀婉,-0.1111111111111111,negative,0.1111111111111111
哀怨,-0.5555555555555556,negative,0.5555555555555556
哀悯,-0.5555555555555556,negative,0.5555555555555556
哀梨蒸食,-0.7777777777777778,negative,0.7777777777777778
哀莫大于心死,-1.0,negative,1.0
哀鸿遍野,-0.7777777777777778,negative,0.7777777777777778
哄弄,-0.3333333333333333,negative,0.3333333333333333
哄抢,-0.1111111111111111,negative,0.1111111111111111
哄抬,-0.1111111111111111,negative,0.1111111111111111
哄然,-0.1111111111111111,negative,0.1111111111111111
哄笑,-0.5555555555555556,negative,0.5555555555555556
哄骗,-0.5555555555555556,negative,0.5555555555555556
哈哈儿,-0.3333333333333333,negative,0.3333333333333333
哈巴狗,-0.7777777777777778,negative,0.7777777777777778
响马,-0.5555555555555556,negative,0.5555555555555556
哑口无言,-0.7777777777777778,negative,0.7777777777777778
哑子吃黄连,-0.7777777777777778,negative,0.7777777777777778
哓哓,-0.5555555555555556,negative,0.5555555555555556
哓哓不休,-0.7777777777777778,negative,0.7777777777777778
哗世动俗,-0.7777777777777778,negative,0.7777777777777778
哗世取名,-0.7777777777777778,negative,0.7777777777777778
哗世取宠,-0.7777777777777778,negative,0.7777777777777778
哗众取宠,-0.7777777777777778,negative,0.7777777777777778
哜哜嘈嘈,-0.5555555555555556,negative,0.5555555555555556
哩哩啦啦,-0.3333333333333333,negative,0.3333333333333333
哩哩罗罗,-0.3333333333333333,negative,0.3333333333333333
哩溜歪斜,-0.5555555555555556,negative,0.5555555555555556
哭丧着脸,-0.5555555555555556,negative,0.5555555555555556
哭哭啼啼,-0.7777777777777778,negative,0.7777777777777778
哭穷,-0.5555555555555556,negative,0.5555555555555556
哭笑不得,-0.3333333333333333,negative,0.3333333333333333
哭闹,-0.3333333333333333,negative,0.3333333333333333
唇干口燥,-0.7777777777777778,negative,0.7777777777777778
唇枪舌剑,-0.6666666666666666,negative,0.6666666666666666
唇焦舌敝,-0.8888888888888888,negative,0.8888888888888888
唉声叹气,-0.5555555555555556,negative,0.5555555555555556
唐突,-0.3333333333333333,negative,0.3333333333333333
唠叨,-0.3333333333333333,negative,0.3333333333333333
唠唠叨叨,-0.3333333333333333,negative,0.3333333333333333
唯利是图,-0.7777777777777778,negative,0.7777777777777778
唯利是求,-0.7777777777777778,negative,0.7777777777777778
唯利是视,-0.7777777777777778,negative,0.7777777777777778
唯吾独尊,-1.0,negative,1.0
唯命是从,-0.7777777777777778,negative,0.7777777777777778
唯命是听,-0.7777777777777778,negative,0.7777777777777778
唯唯否否,-0.3333333333333333,negative,0.3333333333333333
唯唯诺诺,-0.5555555555555556,negative,0.5555555555555556
唯唯连声,-0.5555555555555556,negative,0.5555555555555556
唯我独尊,-1.0,negative,1.0
唯所欲为,-0.7777777777777778,negative,0.7777777777777778
唱反调,-0.7777777777777778,negative,0.7777777777777778
唱对台戏,-0.5555555555555556,negative,0.5555555555555556
唱独角戏,-0.5555555555555556,negative,0.5555555555555556
唱筹量沙,-0.1111111111111111,negative,0.1111111111111111
唱高调,-0.5555555555555556,negative,0.5555555555555556
唾壶击缺,-0.7777777777777778,negative,0.7777777777777778
唾壶敲缺,-0.7777777777777778,negative,0.7777777777777778
唾弃,-0.7777777777777778,negative,0.7777777777777778
唾面自乾,-0.7777777777777778,negative,0.7777777777777778
唾面自干,-0.5555555555555556,negative,0.5555555555555556
唾骂,-0.7777777777777778,negative,0.7777777777777778
啁哳,-0.3333333333333333,negative,0.3333333333333333
啜菽饮水,-0.1111111111111111,negative,0.1111111111111111
啥也不说了,-0.7777777777777778,negative,0.7777777777777778
啧有烦言,-0.5555555555555556,negative,0.5555555555555556
啬刻,-0.3333333333333333,negative,0.3333333333333333
啮噬,-0.7777777777777778,negative,0.7777777777777778
啰唆,-0.3333333333333333,negative,0.3333333333333333
啰啰唆唆,-0.5555555555555556,negative,0.5555555555555556
啰啰嗦嗦,-0.5555555555555556,negative,0.5555555555555556
啰里啰唆,-0.5555555555555556,negative,0.5555555555555556
啰里啰嗦,-0.5555555555555556,negative,0.5555555555555556
啼天哭地,-1.0,negative,1.0
喉长气短,-0.7777777777777778,negative,0.7777777777777778
喋喋,-0.5555555555555556,negative,0.5555555555555556
喋喋不休,-0.3333333333333333,negative,0.3333333333333333
喋血,-0.7777777777777778,negative,0.7777777777777778
喏喏连声,-0.5555555555555556,negative,0.5555555555555556
喑恶叱咤,-1.0,negative,1.0
喙长三尺,-0.5555555555555556,negative,0.5555555555555556
喜怒无常,-0.1111111111111111,negative,0.1111111111111111
喜新厌故,-0.5555555555555556,negative,0.5555555555555556
喜新厌旧,-0.5555555555555556,negative,0.5555555555555556
喝斥,-0.5555555555555556,negative,0.5555555555555556
喟然,-0.3333333333333333,negative,0.3333333333333333
喧噪,-1.0,negative,1.0
喧嚣一时,-0.3333333333333333,negative,0.3333333333333333
喧天,-1.0,negative,1.0
喧宾夺主,-0.5555555555555556,negative,0.5555555555555556
喧扰,-0.5555555555555556,negative,0.5555555555555556
喧杂,-1.0,negative,1.0
喷粪,-0.5555555555555556,negative,0.5555555555555556
喽啰,-0.5555555555555556,negative,0.5555555555555556
喽罗,-0.5555555555555556,negative,0.5555555555555556
嗒丧,-0.5555555555555556,negative,0.5555555555555556
嗜杀成性,-1.0,negative,1.0
嗜血,-1.0,negative,1.0
嗜血成性,-1.0,negative,1.0
嗟悔无及,-0.7777777777777778,negative,0.7777777777777778
嗟来之食,-0.5555555555555556,negative,0.5555555555555556
嗤之以鼻,-1.0,negative,1.0
嗤笑,-0.5555555555555556,negative,0.5555555555555556
嗫嚅小兒,-0.5555555555555556,negative,0.5555555555555556
嗲声嗲气,-0.3333333333333333,negative,0.3333333333333333
嗾使,-0.7777777777777778,negative,0.7777777777777778
嘀咕,-0.3333333333333333,negative,0.3333333333333333
嘀里嘟噜,-1.0,negative,1.0
嘈杂,-0.1111111111111111,negative,0.1111111111111111
嘟嘟囔囔,-0.3333333333333333,negative,0.3333333333333333
嘲笑,-0.5555555555555556,negative,0.5555555555555556
嘲谑,-0.5555555555555556,negative,0.5555555555555556
嘴尖,-0.5555555555555556,negative,0.5555555555555556
嘴快,-0.5555555555555556,negative,0.5555555555555556
嘴快舌长,-0.5555555555555556,negative,0.5555555555555556
嘴敞,-0.5555555555555556,negative,0.5555555555555556
嘴甜心苦,-0.5555555555555556,negative,0.5555555555555556
嘴皮子,-0.5555555555555556,negative,0.5555555555555556
嘴硬,-0.5555555555555556,negative,0.5555555555555556
嘴笨,-0.3333333333333333,negative,0.3333333333333333
嘴脸,-0.7777777777777778,negative,0.7777777777777778
嘴贫,-0.5555555555555556,negative,0.5555555555555556
嘴长,-0.5555555555555556,negative,0.5555555555555556
嘻皮涎脸,-0.7777777777777778,negative,0.7777777777777778
嘻皮笑脸,-0.7777777777777778,negative,0.7777777777777778
嘻笑怒骂,-0.7777777777777778,negative,0.7777777777777778
器小易盈,-0.3333333333333333,negative,0.3333333333333333
噩梦,-0.5555555555555556,negative,0.5555555555555556
噩耗,-1.0,negative,1.0
噩运,-0.3333333333333333,negative,0.3333333333333333
噪嚷,-0.3333333333333333,negative,0.3333333333333333
噪聒,-0.5555555555555556,negative,0.5555555555555556
噪音,-0.3333333333333333,negative,0.3333333333333333
噬脐何及,-0.7777777777777778,negative,0.7777777777777778
嚣张,-0.7777777777777778,negative,0.7777777777777778
嚣杂,-0.3333333333333333,negative,0.3333333333333333
嚣浮,-0.5555555555555556,negative,0.5555555555555556
嚣闹,-0.3333333333333333,negative,0.3333333333333333
嚼穿龈血,-1.0,negative,1.0
嚼舌,-0.3333333333333333,negative,0.3333333333333333
囊中羞涩,-0.7777777777777778,negative,0.7777777777777778
囊空如洗,-0.7777777777777778,negative,0.7777777777777778
囚徒,-0.3333333333333333,negative,0.3333333333333333
囚犯,-0.3333333333333333,negative,0.3333333333333333
囚首丧面,-0.5555555555555556,negative,0.5555555555555556
囚首垢面,-1.0,negative,1.0
四体不勤，五谷不分,-0.7777777777777778,negative,0.7777777777777778
四分五裂,-0.1111111111111111,negative,0.1111111111111111
四壁萧然,-0.5555555555555556,negative,0.5555555555555556
四海鼎沸,-0.7777777777777778,negative,0.7777777777777778
四郊多垒,-0.7777777777777778,negative,0.7777777777777778
四面楚歌,-1.0,negative,1.0
回光反照,-0.5555555555555556,negative,0.5555555555555556
回天乏术,-1.0,negative,1.0
回寒倒冷,-0.5555555555555556,negative,0.5555555555555556
回护,-0.3333333333333333,negative,0.3333333333333333
回肠九转,-1.0,negative,1.0
回黄转绿,-0.3333333333333333,negative,0.3333333333333333
因公假私,-0.5555555555555556,negative,0.5555555555555556
因公行私,-0.5555555555555556,negative,0.5555555555555556
因噎废食,-0.5555555555555556,negative,0.5555555555555556
因小失大,-0.5555555555555556,negative,0.5555555555555556
因循坐误,-0.5555555555555556,negative,0.5555555555555556
因循守旧,-0.5555555555555556,negative,0.5555555555555556
因缘为市,-0.7777777777777778,negative,0.7777777777777778
因袭陈规,-0.3333333333333333,negative,0.3333333333333333
因陋守旧,-0.5555555555555556,negative,0.5555555555555556
因陋就寡,-0.5555555555555556,negative,0.5555555555555556
团伙,-0.5555555555555556,negative,0.5555555555555556
团团转,-0.7777777777777778,negative,0.7777777777777778
囤积居奇,-0.5555555555555556,negative,0.5555555555555556
囫囵吞枣,-0.5555555555555556,negative,0.5555555555555556
困兽犹斗,-0.5555555555555556,negative,0.5555555555555556
困境,-0.7777777777777778,negative,0.7777777777777778
困处,-0.7777777777777778,negative,0.7777777777777778
困心衡虑,-0.5555555555555556,negative,0.5555555555555556
固守,-0.1111111111111111,negative,0.1111111111111111
固执,-0.5555555555555556,negative,0.5555555555555556
固执己见,-0.5555555555555556,negative,0.5555555555555556
固执已见,-0.5555555555555556,negative,0.5555555555555556
固执成见,-0.5555555555555556,negative,0.5555555555555556
固步自封,-0.5555555555555556,negative,0.5555555555555556
国步艰难,-0.7777777777777778,negative,0.7777777777777778
国耻,-1.0,negative,1.0
国贼,-1.0,negative,1.0
图作不轨,-0.7777777777777778,negative,0.7777777777777778
图穷匕见,-0.3333333333333333,negative,0.3333333333333333
图谋,-0.7777777777777778,negative,0.7777777777777778
图谋不轨,-0.5555555555555556,negative,0.5555555555555556
图财害命,-1.0,negative,1.0
圆滑,-0.1111111111111111,negative,0.1111111111111111
圆谎,-0.7777777777777778,negative,0.7777777777777778
圈套,-0.7777777777777778,negative,0.7777777777777778
圈拢,-0.5555555555555556,negative,0.5555555555555556
土专家,-0.5555555555555556,negative,0.5555555555555556
土偶蒙金,-0.7777777777777778,negative,0.7777777777777778
土包子,-0.7777777777777778,negative,0.7777777777777778
土匪,-0.5555555555555556,negative,0.5555555555555556
土司制度,-1.0,negative,1.0
土崩瓦解,-0.7777777777777778,negative,0.7777777777777778
土得掉渣,-1.0,negative,1.0
土棍,-0.5555555555555556,negative,0.5555555555555556
土气,-0.5555555555555556,negative,0.5555555555555556
土牛木马,-0.5555555555555556,negative,0.5555555555555556
土牛石田,-0.5555555555555556,negative,0.5555555555555556
土狗子,-0.5555555555555556,negative,0.5555555555555556
土皇帝,-1.0,negative,1.0
土石方,-0.7777777777777778,negative,0.7777777777777778
土蚕,-1.0,negative,1.0
土豪,-0.5555555555555556,negative,0.5555555555555556
土豪劣绅,-0.7777777777777778,negative,0.7777777777777778
土里土气,-0.3333333333333333,negative,0.3333333333333333
土阶茅屋,-0.3333333333333333,negative,0.3333333333333333
土鳖,-0.5555555555555556,negative,0.5555555555555556
土鸡瓦犬,-0.5555555555555556,negative,0.5555555555555556
土鸡瓦狗,-0.7777777777777778,negative,0.7777777777777778
土龙刍狗,-0.5555555555555556,negative,0.5555555555555556
土龙沐猴,-0.7777777777777778,negative,0.7777777777777778
在劫难逃,-0.5555555555555556,negative,0.5555555555555556
地主,-0.3333333333333333,negative,0.3333333333333333
地主阶级,-0.5555555555555556,negative,0.5555555555555556
地保,-0.5555555555555556,negative,0.5555555555555556
地区霸权主义,-0.7777777777777778,negative,0.7777777777777778
地头蛇,-0.5555555555555556,negative,0.5555555555555556
地方主义,-0.7777777777777778,negative,0.7777777777777778
地方民族主义,-0.7777777777777778,negative,0.7777777777777778
地煞,-0.7777777777777778,negative,0.7777777777777778
地狱,-0.5555555555555556,negative,0.5555555555555556
地狱变相,-0.5555555555555556,negative,0.5555555555555556
地痞,-0.5555555555555556,negative,0.5555555555555556
坍台,-0.7777777777777778,negative,0.7777777777777778
坎井之蛙,-0.5555555555555556,negative,0.5555555555555556
坏东西,-0.5555555555555556,negative,0.5555555555555556
坏事,-0.7777777777777778,negative,0.7777777777777778
坏人,-0.5555555555555556,negative,0.5555555555555556
坏人当道,-0.7777777777777778,negative,0.7777777777777778
坏分子,-0.5555555555555556,negative,0.5555555555555556
坏处,-0.3333333333333333,negative,0.3333333333333333
坏水,-0.3333333333333333,negative,0.3333333333333333
坏法乱纪,-0.7777777777777778,negative,0.7777777777777778
坏蛋,-0.7777777777777778,negative,0.7777777777777778
坏话,-0.1111111111111111,negative,0.1111111111111111
坐于涂炭,-0.3333333333333333,negative,0.3333333333333333
坐井窥天,-0.5555555555555556,negative,0.5555555555555556
坐井观天,-0.7777777777777778,negative,0.7777777777777778
坐享其成,-1.0,negative,1.0
坐以待毙,-0.5555555555555556,negative,0.5555555555555556
坐冷板凳,-0.5555555555555556,negative,0.5555555555555556
坐吃山崩,-0.5555555555555556,negative,0.5555555555555556
坐吃山空,-0.5555555555555556,negative,0.5555555555555556
坐地分脏,-0.3333333333333333,negative,0.3333333333333333
坐地自划,-0.5555555555555556,negative,0.5555555555555556
坐地虎,-0.7777777777777778,negative,0.7777777777777778
坐失事机,-0.5555555555555556,negative,0.5555555555555556
坐失机宜,-0.5555555555555556,negative,0.5555555555555556
坐失良机,-0.5555555555555556,negative,0.5555555555555556
坐守,-0.5555555555555556,negative,0.5555555555555556
坐待,-0.5555555555555556,negative,0.5555555555555556
坐收渔利,-0.5555555555555556,negative,0.5555555555555556
坐监,-0.7777777777777778,negative,0.7777777777777778
坐而待弊,-0.5555555555555556,negative,0.5555555555555556
坐而待毙,-0.5555555555555556,negative,0.5555555555555556
坐而论道,-0.5555555555555556,negative,0.5555555555555556
坐观成败,-0.3333333333333333,negative,0.3333333333333333
坐视不救,-0.5555555555555556,negative,0.5555555555555556
坐视成败,-0.5555555555555556,negative,0.5555555555555556
坐误,-0.7777777777777778,negative,0.7777777777777778
坐食,-0.5555555555555556,negative,0.5555555555555556
坐食山空,-0.5555555555555556,negative,0.5555555555555556
坑坑洼洼,-0.1111111111111111,negative,0.1111111111111111
坑害,-0.3333333333333333,negative,0.3333333333333333
坑蒙,-0.3333333333333333,negative,0.3333333333333333
坚额健舌,-0.5555555555555556,negative,0.5555555555555556
坟头上的乌鸦－人人憎,-0.5555555555555556,negative,0.5555555555555556
坠毁,-0.5555555555555556,negative,0.5555555555555556
坠溷飘茵,-0.5555555555555556,negative,0.5555555555555556
坠茵落溷,-0.5555555555555556,negative,0.5555555555555556
垂危,-0.7777777777777778,negative,0.7777777777777778
垂帘听政,-1.0,negative,1.0
垂怜,-0.3333333333333333,negative,0.3333333333333333
垂暮,-0.7777777777777778,negative,0.7777777777777778
垂涎,-0.5555555555555556,negative,0.5555555555555556
垂涎三尺,-0.7777777777777778,negative,0.7777777777777778
垂涎欲滴,-0.7777777777777778,negative,0.7777777777777778
垄断,-0.5555555555555556,negative,0.5555555555555556
埋天怨地,-0.5555555555555556,negative,0.5555555555555556
埋头顾影,-0.5555555555555556,negative,0.5555555555555556
埋怨,-0.5555555555555556,negative,0.5555555555555556
埋汰,-0.3333333333333333,negative,0.3333333333333333
埋没,-0.3333333333333333,negative,0.3333333333333333
城下之盟,-0.7777777777777778,negative,0.7777777777777778
城狐社鼠,-0.5555555555555556,negative,0.5555555555555556
埳井之蛙,-0.3333333333333333,negative,0.3333333333333333
堂皇冠冕,-0.7777777777777778,negative,0.7777777777777778
堕云雾中,-0.7777777777777778,negative,0.7777777777777778
堕落,-0.1111111111111111,negative,0.1111111111111111
堤之千里，溃于蚁穴,-0.7777777777777778,negative,0.7777777777777778
堤防,-0.3333333333333333,negative,0.3333333333333333
堵得慌,-0.7777777777777778,negative,0.7777777777777778
堵心,-0.5555555555555556,negative,0.5555555555555556
塌台,-0.5555555555555556,negative,0.5555555555555556
塞耳盗锺,-0.5555555555555556,negative,0.5555555555555556
塞责,-0.3333333333333333,negative,0.3333333333333333
墙倒众人推,-0.7777777777777778,negative,0.7777777777777778
墙高基下,-0.7777777777777778,negative,0.7777777777777778
增殖,-0.7777777777777778,negative,0.7777777777777778
增生,-0.7777777777777778,negative,0.7777777777777778
墨吏,-0.5555555555555556,negative,0.5555555555555556
墨守成规,-0.3333333333333333,negative,0.3333333333333333
墨守陈规,-0.5555555555555556,negative,0.5555555555555556
墨突不黔,-0.3333333333333333,negative,0.3333333333333333
墨迹未干,-0.5555555555555556,negative,0.5555555555555556
壁上观,-0.7777777777777778,negative,0.7777777777777778
声名狼藉,-0.5555555555555556,negative,0.5555555555555556
声嘶力竭,-0.5555555555555556,negative,0.5555555555555556
声气相通,-0.5555555555555556,negative,0.5555555555555556
声色俱厉,-0.5555555555555556,negative,0.5555555555555556
声色犬马,-0.7777777777777778,negative,0.7777777777777778
声色狗马,-0.7777777777777778,negative,0.7777777777777778
声色货利,-0.7777777777777778,negative,0.7777777777777778
声色贷利,-0.7777777777777778,negative,0.7777777777777778
声讨,-0.5555555555555556,negative,0.5555555555555556
处心积虑,-0.5555555555555556,negative,0.5555555555555556
备不住,-0.7777777777777778,negative,0.7777777777777778
备位充数,-0.5555555555555556,negative,0.5555555555555556
备位充数　,-0.7777777777777778,negative,0.7777777777777778
复蹈前辄,-0.3333333333333333,negative,0.3333333333333333
复辟,-0.1111111111111111,negative,0.1111111111111111
夏日可畏,-0.3333333333333333,negative,0.3333333333333333
夏虫不可以语冰,-0.5555555555555556,negative,0.5555555555555556
夏虫疑冰,-0.5555555555555556,negative,0.5555555555555556
夏虫语冰,-0.5555555555555556,negative,0.5555555555555556
外侮,-0.5555555555555556,negative,0.5555555555555556
外厉内荏,-0.7777777777777778,negative,0.7777777777777778
外宽内忌,-0.7777777777777778,negative,0.7777777777777778
外宽内深,-0.7777777777777778,negative,0.7777777777777778
外巧内嫉,-0.7777777777777778,negative,0.7777777777777778
外强中乾,-0.7777777777777778,negative,0.7777777777777778
外强中干,-0.7777777777777778,negative,0.7777777777777778
外强中瘠,-0.7777777777777778,negative,0.7777777777777778
外彊中乾,-0.7777777777777778,negative,0.7777777777777778
外感内伤,-0.7777777777777778,negative,0.7777777777777778
外方内员,-0.7777777777777778,negative,0.7777777777777778
外祸,-0.5555555555555556,negative,0.5555555555555556
外遇,-0.5555555555555556,negative,0.5555555555555556
夙世冤业,-1.0,negative,1.0
夙世怨家,-0.7777777777777778,negative,0.7777777777777778
夙仇,-0.7777777777777778,negative,0.7777777777777778
多一事不如少一事,-0.3333333333333333,negative,0.3333333333333333
多一事不如省一事,-0.3333333333333333,negative,0.3333333333333333
多事之秋,-0.7777777777777778,negative,0.7777777777777778
多余,-0.3333333333333333,negative,0.3333333333333333
多变,-0.3333333333333333,negative,0.3333333333333333
多嘴,-0.3333333333333333,negative,0.3333333333333333
多嘴多舌,-0.5555555555555556,negative,0.5555555555555556
多嘴献浅,-0.5555555555555556,negative,0.5555555555555556
多嫌,-0.5555555555555556,negative,0.5555555555555556
多心,-0.5555555555555556,negative,0.5555555555555556
多情善感,-0.1111111111111111,negative,0.1111111111111111
多愁善感,-0.3333333333333333,negative,0.3333333333333333
多有微词,-0.3333333333333333,negative,0.3333333333333333
多此一举,-0.3333333333333333,negative,0.3333333333333333
多疑,-0.3333333333333333,negative,0.3333333333333333
多病,-0.3333333333333333,negative,0.3333333333333333
多端寡要,-0.3333333333333333,negative,0.3333333333333333
多藏厚亡,-0.7777777777777778,negative,0.7777777777777778
多行不义必自毖,-0.7777777777777778,negative,0.7777777777777778
多言多语,-0.5555555555555556,negative,0.5555555555555556
多许少与,-0.5555555555555556,negative,0.5555555555555556
夜叉,-0.5555555555555556,negative,0.5555555555555556
夜郎自大,-0.7777777777777778,negative,0.7777777777777778
够受的,-0.6666666666666666,negative,0.6666666666666666
够呛,-0.3333333333333333,negative,0.3333333333333333
够戗,-0.5555555555555556,negative,0.5555555555555556
夤缘,-0.7777777777777778,negative,0.7777777777777778
大人先生,-0.5555555555555556,negative,0.5555555555555556
大做文章,-0.5555555555555556,negative,0.5555555555555556
大兴土木,-0.5555555555555556,negative,0.5555555555555556
大厦将倾,-0.7777777777777778,negative,0.7777777777777778
大厦将倾，一木难支,-0.7777777777777778,negative,0.7777777777777778
大厦将颠,-0.7777777777777778,negative,0.7777777777777778
大吆小喝,-0.5555555555555556,negative,0.5555555555555556
大吹大擂,-0.3333333333333333,negative,0.3333333333333333
大吹法螺,-0.3333333333333333,negative,0.3333333333333333
大呼小叫,-0.3333333333333333,negative,0.3333333333333333
大呼小喝,-0.5555555555555556,negative,0.5555555555555556
大国主义,-0.5555555555555556,negative,0.5555555555555556
大声疾呼,-0.3333333333333333,negative,0.3333333333333333
大大咧咧,-0.5555555555555556,negative,0.5555555555555556
大开方便之门,-0.3333333333333333,negative,0.3333333333333333
大惑不解,-0.7777777777777778,negative,0.7777777777777778
大意,-0.5555555555555556,negative,0.5555555555555556
大手大脚,-0.5555555555555556,negative,0.5555555555555556
大打出手,-0.5555555555555556,negative,0.5555555555555556
大摇大摆,-0.5555555555555556,negative,0.5555555555555556
大放厥词,-0.5555555555555556,negative,0.5555555555555556
大旱云霓,-0.7777777777777778,negative,0.7777777777777778
大杀风景,-0.3333333333333333,negative,0.3333333333333333
大杂烩,-0.1111111111111111,negative,0.1111111111111111
大权旁落,-0.7777777777777778,negative,0.7777777777777778
大权独揽,-0.5555555555555556,negative,0.5555555555555556
大材小用,-0.5555555555555556,negative,0.5555555555555556
大模大样,-0.3333333333333333,negative,0.3333333333333333
大民族主义,-0.5555555555555556,negative,0.5555555555555556
大水冲了龙王庙　,-0.5555555555555556,negative,0.5555555555555556
大煞风景,-0.7777777777777778,negative,0.7777777777777778
大煞风趣,-0.7777777777777778,negative,0.7777777777777778
大爷,-0.2222222222222222,negative,0.2222222222222222
大相径庭,-0.5555555555555556,negative,0.5555555555555556
大眼看小眼,-0.5555555555555556,negative,0.5555555555555556
大缪不然,-0.5555555555555556,negative,0.5555555555555556
大而无当,-0.7777777777777778,negative,0.7777777777777778
大而笨拙,-0.7777777777777778,negative,0.7777777777777778
大肆,-0.3333333333333333,negative,0.3333333333333333
大胆,-0.3333333333333333,negative,0.3333333333333333
大腹便便,-0.1111111111111111,negative,0.1111111111111111
大舌头,-0.7777777777777778,negative,0.7777777777777778
大言不惭,-0.7777777777777778,negative,0.7777777777777778
大话,-0.3333333333333333,negative,0.3333333333333333
大谬不然,-1.0,negative,1.0
大逆不道,-1.0,negative,1.0
大逆无道,-0.7777777777777778,negative,0.7777777777777778
大醇小疵,-0.3333333333333333,negative,0.3333333333333333
大错特错,-1.0,negative,1.0
大错而特错,-1.0,negative,1.0
大难临头,-0.5555555555555556,negative,0.5555555555555556
大题小做,-0.3333333333333333,negative,0.3333333333333333
大骂,-0.5555555555555556,negative,0.5555555555555556
天下乌鸦一般黑,-1.0,negative,1.0
天下大乱,-1.0,negative,1.0
天下本无事，庸人自扰之,-0.5555555555555556,negative,0.5555555555555556
天下箸处,-0.7777777777777778,negative,0.7777777777777778
天之僇民,-1.0,negative,1.0
天之戮民,-1.0,negative,1.0
天低吴楚，眼空无物,-0.5555555555555556,negative,0.5555555555555556
天华乱坠,-0.7777777777777778,negative,0.7777777777777778
天台路迷,-0.3333333333333333,negative,0.3333333333333333
天地诛戮,-1.0,negative,1.0
天地诛灭,-1.0,negative,1.0
天坍地陷,-0.7777777777777778,negative,0.7777777777777778
天壤王朗,-0.1111111111111111,negative,0.1111111111111111
天壤王郎,-0.7777777777777778,negative,0.7777777777777778
天夺之年,-1.0,negative,1.0
天安门事件,-0.5555555555555556,negative,0.5555555555555556
天崩地坍,-0.7777777777777778,negative,0.7777777777777778
天崩地坼,-0.5555555555555556,negative,0.5555555555555556
天崩地塌,-1.0,negative,1.0
天崩地解,-0.7777777777777778,negative,0.7777777777777778
天崩地陷,-0.7777777777777778,negative,0.7777777777777778
天年不测,-0.7777777777777778,negative,0.7777777777777778
天年不遂,-0.7777777777777778,negative,0.7777777777777778
天年不齐,-0.7777777777777778,negative,0.7777777777777778
天怒人怨,-0.7777777777777778,negative,0.7777777777777778
天愁地惨,-1.0,negative,1.0
天才论,-0.3333333333333333,negative,0.3333333333333333
天打雷劈,-1.0,negative,1.0
天方夜谭,-0.5555555555555556,negative,0.5555555555555556
天昏地暗,-0.4444444444444444,negative,0.4444444444444444
天昏地黑,-1.0,negative,1.0
天晓得,-0.7777777777777778,negative,0.7777777777777778
天有不测风云,-0.3333333333333333,negative,0.3333333333333333
天末凉风,-0.7777777777777778,negative,0.7777777777777778
天理难容,-1.0,negative,1.0
天粟马角,-1.0,negative,1.0
天翻地覆,-0.1111111111111111,negative,0.1111111111111111
天花乱坠,-0.3333333333333333,negative,0.3333333333333333
天荆地棘,-0.7777777777777778,negative,0.7777777777777778
天诛地灭,-1.0,negative,1.0
天道宁论,-0.7777777777777778,negative,0.7777777777777778
天险,-0.3333333333333333,negative,0.3333333333333333
天高皇帝远,-0.7777777777777778,negative,0.7777777777777778
太岁头上动土,-0.7777777777777778,negative,0.7777777777777778
太平无象,-0.7777777777777778,negative,0.7777777777777778
太随便,-1.0,negative,1.0
夫子,-0.3333333333333333,negative,0.3333333333333333
夫子自道,-0.5555555555555556,negative,0.5555555555555556
失业,-0.5555555555555556,negative,0.5555555555555556
失之交臂,-0.5555555555555556,negative,0.5555555555555556
失之千里，差若毫釐,-0.5555555555555556,negative,0.5555555555555556
失之毫釐，差之千里,-0.5555555555555556,negative,0.5555555555555556
失之毫釐，差以千里,-0.5555555555555556,negative,0.5555555555555556
失之毫釐，谬以千里,-0.5555555555555556,negative,0.5555555555555556
失事,-0.5555555555555556,negative,0.5555555555555556
失信,-0.3333333333333333,negative,0.3333333333333333
失利,-0.5555555555555556,negative,0.5555555555555556
失势,-0.3333333333333333,negative,0.3333333333333333
失去,-0.5555555555555556,negative,0.5555555555555556
失口,-0.3333333333333333,negative,0.3333333333333333
失声,-0.7777777777777778,negative,0.7777777777777778
失学,-0.5555555555555556,negative,0.5555555555555556
失守,-0.5555555555555556,negative,0.5555555555555556
失宜,-0.3333333333333333,negative,0.3333333333333333
失实,-0.1111111111111111,negative,0.1111111111111111
失宠,-0.5555555555555556,negative,0.5555555555555556
失密,-0.5555555555555556,negative,0.5555555555555556
失察,-0.5555555555555556,negative,0.5555555555555556
失序,-0.3333333333333333,negative,0.3333333333333333
失张失志,-0.5555555555555556,negative,0.5555555555555556
失张失智,-0.5555555555555556,negative,0.5555555555555556
失张失致,-0.5555555555555556,negative,0.5555555555555556
失当,-0.3333333333333333,negative,0.3333333333333333
失德,-1.0,negative,1.0
失态,-0.3333333333333333,negative,0.3333333333333333
失恋,-0.7777777777777778,negative,0.7777777777777778
失惊倒怪,-0.5555555555555556,negative,0.5555555555555556
失慎,-0.3333333333333333,negative,0.3333333333333333
失手,-0.5555555555555556,negative,0.5555555555555556
失掉,-0.5555555555555556,negative,0.5555555555555556
失效,-0.5555555555555556,negative,0.5555555555555556
失敬,-0.5555555555555556,negative,0.5555555555555556
失时,-0.3333333333333333,negative,0.3333333333333333
失时落势,-0.5555555555555556,negative,0.5555555555555556
失明,-0.5555555555555556,negative,0.5555555555555556
失机,-0.3333333333333333,negative,0.3333333333333333
失检,-0.3333333333333333,negative,0.3333333333333333
失欢,-0.5555555555555556,negative,0.5555555555555556
失眠,-0.5555555555555556,negative,0.5555555555555556
失着,-0.3333333333333333,negative,0.3333333333333333
失礼,-0.3333333333333333,negative,0.3333333333333333
失神,-0.5555555555555556,negative,0.5555555555555556
失禁,-0.5555555555555556,negative,0.5555555555555556
失窃,-0.5555555555555556,negative,0.5555555555555556
失策,-0.3333333333333333,negative,0.3333333333333333
失算,-0.5555555555555556,negative,0.5555555555555556
失精落彩,-0.5555555555555556,negative,0.5555555555555556
失约,-0.7777777777777778,negative,0.7777777777777778
失职,-0.5555555555555556,negative,0.5555555555555556
失脚,-0.1111111111111111,negative,0.1111111111111111
失节,-0.5555555555555556,negative,0.5555555555555556
失范,-0.3333333333333333,negative,0.3333333333333333
失言,-0.5555555555555556,negative,0.5555555555555556
失足,-0.3333333333333333,negative,0.3333333333333333
失迷,-0.3333333333333333,negative,0.3333333333333333
失道寡助,-0.5555555555555556,negative,0.5555555555555556
失闪,-0.5555555555555556,negative,0.5555555555555556
失陪,-0.5555555555555556,negative,0.5555555555555556
失魂丧胆,-1.0,negative,1.0
失魂荡魄,-0.5555555555555556,negative,0.5555555555555556
头上安头,-0.7777777777777778,negative,0.7777777777777778
头上著头,-0.7777777777777778,negative,0.7777777777777778
头会箕敛,-0.7777777777777778,negative,0.7777777777777778
头会箕赋,-0.7777777777777778,negative,0.7777777777777778
头出头没,-0.7777777777777778,negative,0.7777777777777778
头子,-0.5555555555555556,negative,0.5555555555555556
头梢自领,-0.5555555555555556,negative,0.5555555555555556
头焦额烂,-0.7777777777777778,negative,0.7777777777777778
头痒搔跟,-0.7777777777777778,negative,0.7777777777777778
头痛医头，脚痛医脚,-0.5555555555555556,negative,0.5555555555555556
头痛治头，足痛治足,-0.7777777777777778,negative,0.7777777777777778
头痛灸头，脚痛灸脚,-0.5555555555555556,negative,0.5555555555555556
头痛额热,-0.3333333333333333,negative,0.3333333333333333
头破血出,-0.7777777777777778,negative,0.7777777777777778
头破血流,-0.7777777777777778,negative,0.7777777777777778
头稍自领,-0.5555555555555556,negative,0.5555555555555556
头脑发热,-0.3333333333333333,negative,0.3333333333333333
头重脚轻,-0.7777777777777778,negative,0.7777777777777778
头难,-0.7777777777777778,negative,0.7777777777777778
头面人物,-0.5555555555555556,negative,0.5555555555555556
夷平,-0.5555555555555556,negative,0.5555555555555556
夷灭,-0.5555555555555556,negative,0.5555555555555556
夸功自大,-0.5555555555555556,negative,0.5555555555555556
夸口,-0.3333333333333333,negative,0.3333333333333333
夸嘴,-0.3333333333333333,negative,0.3333333333333333
夸大,-0.1111111111111111,negative,0.1111111111111111
夸大其词,-0.5555555555555556,negative,0.5555555555555556
夸大其辞,-0.5555555555555556,negative,0.5555555555555556
夸夸其谈,-0.3333333333333333,negative,0.3333333333333333
夸夸而谈,-0.5555555555555556,negative,0.5555555555555556
夸示,-0.3333333333333333,negative,0.3333333333333333
夸耀,-0.3333333333333333,negative,0.3333333333333333
夸诞,-0.3333333333333333,negative,0.3333333333333333
夸饰,-0.3333333333333333,negative,0.3333333333333333
夹七夹八,-0.7777777777777778,negative,0.7777777777777778
夹带,-0.1111111111111111,negative,0.1111111111111111
夹枪带棍,-0.8888888888888888,negative,0.8888888888888888
夹枪带棒,-0.3333333333333333,negative,0.3333333333333333
夹生,-0.5555555555555556,negative,0.5555555555555556
夹生饭,-0.3333333333333333,negative,0.3333333333333333
夺人所好,-0.7777777777777778,negative,0.7777777777777778
奇丑无比,-1.0,negative,1.0
奇想天开,-0.3333333333333333,negative,0.3333333333333333
奇离古怪,-0.1111111111111111,negative,0.1111111111111111
奇耻大辱,-1.0,negative,1.0
奇装异服,-0.3333333333333333,negative,0.3333333333333333
奇谈怪论,-0.3333333333333333,negative,0.3333333333333333
奇货可居,-0.3333333333333333,negative,0.3333333333333333
奉头鼠窜,-0.7777777777777778,negative,0.7777777777777778
奉承,-0.3333333333333333,negative,0.3333333333333333
奉行故事,-0.3333333333333333,negative,0.3333333333333333
奉迎,-0.3333333333333333,negative,0.3333333333333333
契船求剑,-0.5555555555555556,negative,0.5555555555555556
奔忙,-0.5555555555555556,negative,0.5555555555555556
奔突,-0.5555555555555556,negative,0.5555555555555556
奔窜,-0.5555555555555556,negative,0.5555555555555556
奔走呼号,-0.5555555555555556,negative,0.5555555555555556
套交情,-0.5555555555555556,negative,0.5555555555555556
套汇,-0.5555555555555556,negative,0.5555555555555556
套话,-0.5555555555555556,negative,0.5555555555555556
套购,-0.5555555555555556,negative,0.5555555555555556
奚落,-0.7777777777777778,negative,0.7777777777777778
奢侈,-0.7777777777777778,negative,0.7777777777777778
奢华,-0.3333333333333333,negative,0.3333333333333333
奢靡,-0.7777777777777778,negative,0.7777777777777778
女巫,-0.5555555555555556,negative,0.5555555555555556
女流,-0.3333333333333333,negative,0.3333333333333333
奴化,-0.5555555555555556,negative,0.5555555555555556
奴役,-0.7777777777777778,negative,0.7777777777777778
奴性,-0.5555555555555556,negative,0.5555555555555556
奴才,-0.3333333333333333,negative,0.3333333333333333
奴颜卑膝,-0.7777777777777778,negative,0.7777777777777778
奴颜婢睐,-0.7777777777777778,negative,0.7777777777777778
奴颜婢膝,-1.0,negative,1.0
奴颜媚骨,-0.7777777777777778,negative,0.7777777777777778
奸人,-0.7777777777777778,negative,0.7777777777777778
奸佞,-1.0,negative,1.0
奸商,-0.5555555555555556,negative,0.5555555555555556
奸妇,-0.7777777777777778,negative,0.7777777777777778
奸宄,-0.7777777777777778,negative,0.7777777777777778
奸徒,-0.5555555555555556,negative,0.5555555555555556
奸恶,-1.0,negative,1.0
奸滑,-0.7777777777777778,negative,0.7777777777777778
奸猾,-0.7777777777777778,negative,0.7777777777777778
奸笑,-0.7777777777777778,negative,0.7777777777777778
奸细,-0.5555555555555556,negative,0.5555555555555556
奸臣,-0.7777777777777778,negative,0.7777777777777778
奸诈,-1.0,negative,1.0
奸贼,-0.7777777777777778,negative,0.7777777777777778
奸邪,-1.0,negative,1.0
奸险,-1.0,negative,1.0
好丹非素,-0.3333333333333333,negative,0.3333333333333333
好为人师,-0.5555555555555556,negative,0.5555555555555556
好佚恶劳,-0.7777777777777778,negative,0.7777777777777778
好吃懒做,-0.5555555555555556,negative,0.5555555555555556
好大喜功,-0.7777777777777778,negative,0.7777777777777778
好好先生,-0.3333333333333333,negative,0.3333333333333333
好战,-0.3333333333333333,negative,0.3333333333333333
好戴高帽,-0.5555555555555556,negative,0.5555555555555556
好歹不分,-0.5555555555555556,negative,0.5555555555555556
好笑,-0.5555555555555556,negative,0.5555555555555556
好肉剜疮,-0.5555555555555556,negative,0.5555555555555556
好胜,-0.3333333333333333,negative,0.3333333333333333
好自为之,-0.5555555555555556,negative,0.5555555555555556
好自矜夸,-0.5555555555555556,negative,0.5555555555555556
好色,-0.7777777777777778,negative,0.7777777777777778
好色之徒,-0.7777777777777778,negative,0.7777777777777778
好行小惠,-0.5555555555555556,negative,0.5555555555555556
好行小慧,-0.5555555555555556,negative,0.5555555555555556
好逸恶劳,-0.7777777777777778,negative,0.7777777777777778
好高务远,-0.7777777777777778,negative,0.7777777777777778
好高骛远,-0.5555555555555556,negative,0.5555555555555556
好高鹜远,-0.7777777777777778,negative,0.7777777777777778
如丘而止,-0.5555555555555556,negative,0.5555555555555556
如丧考妣,-1.0,negative,1.0
如之奈何,-0.5555555555555556,negative,0.5555555555555556
如到宝山空手回,-0.5555555555555556,negative,0.5555555555555556
如坐云雾,-0.3333333333333333,negative,0.3333333333333333
如坠五里雾中,-0.3333333333333333,negative,0.3333333333333333
如堕五里雾中,-0.3333333333333333,negative,0.3333333333333333
如堕烟海,-0.5555555555555556,negative,0.5555555555555556
如意算盘,-0.5555555555555556,negative,0.5555555555555556
如此而已,-0.5555555555555556,negative,0.5555555555555556
如狼似虎,-0.3333333333333333,negative,0.3333333333333333
如狼如虎,-0.5555555555555556,negative,0.5555555555555556
如狼牧羊,-0.7777777777777778,negative,0.7777777777777778
如蚁附膻,-1.0,negative,1.0
如蹈水火,-0.5555555555555556,negative,0.5555555555555556
如蹈汤火,-0.5555555555555556,negative,0.5555555555555556
如风过耳,-0.1111111111111111,negative,0.1111111111111111
如鸟兽散,-0.5555555555555556,negative,0.5555555555555556
妄下雌黄,-0.7777777777777778,negative,0.7777777777777778
妄为,-0.5555555555555556,negative,0.5555555555555556
妄人,-0.5555555555555556,negative,0.5555555555555556
妄动,-0.5555555555555556,negative,0.5555555555555556
妄取,-0.5555555555555556,negative,0.5555555555555556
妄图,-0.3333333333333333,negative,0.3333333333333333
妄念,-0.5555555555555556,negative,0.5555555555555556
妄想,-0.3333333333333333,negative,0.3333333333333333
妄断,-0.5555555555555556,negative,0.5555555555555556
妄求,-0.3333333333333333,negative,0.3333333333333333
妄称,-0.7777777777777778,negative,0.7777777777777778
妄自尊大,-0.3333333333333333,negative,0.3333333333333333
妄言,-0.5555555555555556,negative,0.5555555555555556
妄言妄听,-0.7777777777777778,negative,0.7777777777777778
妄语,-0.5555555555555556,negative,0.5555555555555556
妄说,-0.5555555555555556,negative,0.5555555555555556
妄谈祸福,-0.7777777777777778,negative,0.7777777777777778
妆模作样,-0.5555555555555556,negative,0.5555555555555556
妆聋做哑,-0.5555555555555556,negative,0.5555555555555556
妇人之仁,-0.7777777777777778,negative,0.7777777777777778
妇人醇酒,-0.7777777777777778,negative,0.7777777777777778
妇姑勃谿,-0.7777777777777778,negative,0.7777777777777778
妒忌,-0.7777777777777778,negative,0.7777777777777778
妒忌心,-0.3333333333333333,negative,0.3333333333333333
妒意,-0.3333333333333333,negative,0.3333333333333333
妒火,-0.3333333333333333,negative,0.3333333333333333
妒能害贤,-0.5555555555555556,negative,0.5555555555555556
妒贤嫉能,-0.5555555555555556,negative,0.5555555555555556
妒贤疾能,-0.5555555555555556,negative,0.5555555555555556
妖冶,-0.5555555555555556,negative,0.5555555555555556
妖妄,-0.5555555555555556,negative,0.5555555555555556
妖媚,-0.5555555555555556,negative,0.5555555555555556
妖孽,-0.7777777777777778,negative,0.7777777777777778
妖怪,-0.5555555555555556,negative,0.5555555555555556
妖术,-0.5555555555555556,negative,0.5555555555555556
妖物,-0.5555555555555556,negative,0.5555555555555556
妖艳,-0.5555555555555556,negative,0.5555555555555556
妖言,-0.5555555555555556,negative,0.5555555555555556
妖言惑众,-0.7777777777777778,negative,0.7777777777777778
妖里妖气,-0.5555555555555556,negative,0.5555555555555556
妖雾,-0.5555555555555556,negative,0.5555555555555556
妖风,-0.5555555555555556,negative,0.5555555555555556
妖魔,-0.5555555555555556,negative,0.5555555555555556
妖魔鬼怪,-0.5555555555555556,negative,0.5555555555555556
妙手空空,-0.5555555555555556,negative,0.5555555555555556
妨功害能,-0.5555555555555556,negative,0.5555555555555556
妨害,-0.3333333333333333,negative,0.3333333333333333
妨碍,-0.3333333333333333,negative,0.3333333333333333
始乱终弃,-1.0,negative,1.0
始作俑者,-1.0,negative,1.0
姑妄听之,-0.5555555555555556,negative,0.5555555555555556
姑宽,-0.5555555555555556,negative,0.5555555555555556
姑息,-0.5555555555555556,negative,0.5555555555555556
姑息养奸,-0.7777777777777778,negative,0.7777777777777778
委国听令,-1.0,negative,1.0
委屈求全,-0.5555555555555556,negative,0.5555555555555556
委琐,-0.7777777777777778,negative,0.7777777777777778
委罪,-0.5555555555555556,negative,0.5555555555555556
委肉虎蹊,-0.5555555555555556,negative,0.5555555555555556
委过,-0.5555555555555556,negative,0.5555555555555556
委过于人,-0.5555555555555556,negative,0.5555555555555556
委靡,-0.1111111111111111,negative,0.1111111111111111
委靡不振,-1.0,negative,1.0
姗姗来迟,-0.1111111111111111,negative,0.1111111111111111
姘头,-0.5555555555555556,negative,0.5555555555555556
姘妇,-0.3333333333333333,negative,0.3333333333333333
姘居,-1.0,negative,1.0
姨太太,-0.1111111111111111,negative,0.1111111111111111
威信扫地,-0.5555555555555556,negative,0.5555555555555556
威刑肃物,-0.7777777777777778,negative,0.7777777777777778
威吓,-0.5555555555555556,negative,0.5555555555555556
威胁,-0.5555555555555556,negative,0.5555555555555556
威迫,-0.5555555555555556,negative,0.5555555555555556
威迫利诱,-1.0,negative,1.0
威重令行,-0.7777777777777778,negative,0.7777777777777778
威风扫地,-0.7777777777777778,negative,0.7777777777777778
娄子,-0.5555555555555556,negative,0.5555555555555556
娇养,-0.5555555555555556,negative,0.5555555555555556
娇宠,-0.7777777777777778,negative,0.7777777777777778
娇惯,-0.5555555555555556,negative,0.5555555555555556
娇气,-0.3333333333333333,negative,0.3333333333333333
娇生惯养,-0.5555555555555556,negative,0.5555555555555556
娇纵,-0.7777777777777778,negative,0.7777777777777778
娇贵,-0.1111111111111111,negative,0.1111111111111111
娼妇,-0.7777777777777778,negative,0.7777777777777778
娼妓,-0.5555555555555556,negative,0.5555555555555556
婆婆妈妈,-0.3333333333333333,negative,0.3333333333333333
婊子,-1.0,negative,1.0
婚外,-0.5555555555555556,negative,0.5555555555555556
婢膝奴颜,-0.5555555555555556,negative,0.5555555555555556
媚世,-0.3333333333333333,negative,0.3333333333333333
媚俗,-0.5555555555555556,negative,0.5555555555555556
媚外,-0.5555555555555556,negative,0.5555555555555556
媚态,-0.3333333333333333,negative,0.3333333333333333
媚骨,-0.5555555555555556,negative,0.5555555555555556
嫁祸,-0.5555555555555556,negative,0.5555555555555556
嫁祸于人,-0.5555555555555556,negative,0.5555555555555556
嫉妒,-0.7777777777777778,negative,0.7777777777777778
嫉恶如仇,-0.7777777777777778,negative,0.7777777777777778
嫉贤傲士,-0.5555555555555556,negative,0.5555555555555556
嫉贤妒能,-0.1111111111111111,negative,0.1111111111111111
嫌厌,-0.3333333333333333,negative,0.3333333333333333
嫌好道恶,-0.5555555555555556,negative,0.5555555555555556
嫌好道歉,-0.5555555555555556,negative,0.5555555555555556
嫌忌,-0.5555555555555556,negative,0.5555555555555556
嫌恶,-0.7777777777777778,negative,0.7777777777777778
嫌憎,-0.5555555555555556,negative,0.5555555555555556
嫌疑犯,-0.1111111111111111,negative,0.1111111111111111
嫌贫爱富,-0.5555555555555556,negative,0.5555555555555556
嫌长道短,-0.5555555555555556,negative,0.5555555555555556
嬉皮士,-0.3333333333333333,negative,0.3333333333333333
嬉皮笑脸,-0.1111111111111111,negative,0.1111111111111111
嬉笑怒骂,-0.6666666666666666,negative,0.6666666666666666
子虚,-0.5555555555555556,negative,0.5555555555555556
子虚乌有,-0.5555555555555556,negative,0.5555555555555556
孔席墨突,-0.3333333333333333,negative,0.3333333333333333
孔方兄,-0.5555555555555556,negative,0.5555555555555556
存亡绝续,-0.7777777777777778,negative,0.7777777777777778
存十一於千百,-0.5555555555555556,negative,0.5555555555555556
存在主义,-0.5555555555555556,negative,0.5555555555555556
存心,-0.3333333333333333,negative,0.3333333333333333
存心积虑,-0.7777777777777778,negative,0.7777777777777778
孟浪,-0.5555555555555556,negative,0.5555555555555556
孤俦寡匹,-0.5555555555555556,negative,0.5555555555555556
孤傲,-0.7777777777777778,negative,0.7777777777777778
孤僻,-0.1111111111111111,negative,0.1111111111111111
孤兒寡妇,-0.7777777777777778,negative,0.7777777777777778
孤单单,-0.5555555555555556,negative,0.5555555555555556
孤孤单单,-0.7777777777777778,negative,0.7777777777777778
孤寡,-0.7777777777777778,negative,0.7777777777777778
孤形吊影,-0.5555555555555556,negative,0.5555555555555556
孤恩负义,-1.0,negative,1.0
孤恩负德,-0.7777777777777778,negative,0.7777777777777778
孤悬客寄,-0.5555555555555556,negative,0.5555555555555556
孤立无助,-0.7777777777777778,negative,0.7777777777777778
孤芳自赏,-0.7777777777777778,negative,0.7777777777777778
孤苦仃俜,-0.7777777777777778,negative,0.7777777777777778
孤行,-0.3333333333333333,negative,0.3333333333333333
孤行一意,-1.0,negative,1.0
孤行几见,-0.5555555555555556,negative,0.5555555555555556
孤行吊影,-0.5555555555555556,negative,0.5555555555555556
孤行己见,-0.5555555555555556,negative,0.5555555555555556
孤行已见,-0.5555555555555556,negative,0.5555555555555556
孤豚腐鼠,-0.5555555555555556,negative,0.5555555555555556
孤负,-0.3333333333333333,negative,0.3333333333333333
孤陋寡闻,-0.7777777777777778,negative,0.7777777777777778
孤雌寡鹤,-0.5555555555555556,negative,0.5555555555555556
孤雏腐鼠,-0.5555555555555556,negative,0.5555555555555556
孤高自诩,-0.5555555555555556,negative,0.5555555555555556
孤魂野鬼,-0.7777777777777778,negative,0.7777777777777778
孤鸾照镜,-0.7777777777777778,negative,0.7777777777777778
学步邯郸,-0.3333333333333333,negative,0.3333333333333333
学识浅薄,-1.0,negative,1.0
学识谫陋,-1.0,negative,1.0
孬种,-0.7777777777777778,negative,0.7777777777777778
孱头,-0.3333333333333333,negative,0.3333333333333333
孱弱,-0.3333333333333333,negative,0.3333333333333333
孽根,-0.7777777777777778,negative,0.7777777777777778
孽种,-0.7777777777777778,negative,0.7777777777777778
孽障,-1.0,negative,1.0
守旧,-0.3333333333333333,negative,0.3333333333333333
守株待免,-0.3333333333333333,negative,0.3333333333333333
守株待兔,-1.0,negative,1.0
守缺抱残,-0.5555555555555556,negative,0.5555555555555556
守财奴,-0.5555555555555556,negative,0.5555555555555556
守钱虏,-0.5555555555555556,negative,0.5555555555555556
守阙抱残,-0.5555555555555556,negative,0.5555555555555556
安之若命,-0.3333333333333333,negative,0.3333333333333333
安于,-0.3333333333333333,negative,0.3333333333333333
安于故俗，溺于旧闻,-0.5555555555555556,negative,0.5555555555555556
安于现状,-0.3333333333333333,negative,0.3333333333333333
安坐待毙,-0.5555555555555556,negative,0.5555555555555556
安故重迁,-0.5555555555555556,negative,0.5555555555555556
完蛋,-0.5555555555555556,negative,0.5555555555555556
宗派,-0.5555555555555556,negative,0.5555555555555556
官倒,-0.5555555555555556,negative,0.5555555555555556
官偪民反,-0.7777777777777778,negative,0.7777777777777778
官僚,-0.5555555555555556,negative,0.5555555555555556
官僚主义,-0.7777777777777778,negative,0.7777777777777778
官场,-0.3333333333333333,negative,0.3333333333333333
官官相为,-0.7777777777777778,negative,0.7777777777777778
官官相卫,-0.7777777777777778,negative,0.7777777777777778
官官相护,-0.5555555555555556,negative,0.5555555555555556
官情纸薄,-0.7777777777777778,negative,0.7777777777777778
官报私仇,-1.0,negative,1.0
官样文章,-0.5555555555555556,negative,0.5555555555555556
官气,-0.5555555555555556,negative,0.5555555555555556
官腔,-0.5555555555555556,negative,0.5555555555555556
官话,-0.2222222222222222,negative,0.2222222222222222
官迷,-0.5555555555555556,negative,0.5555555555555556
官逼民反,-0.7777777777777778,negative,0.7777777777777778
宝山空回,-0.5555555555555556,negative,0.5555555555555556
实用主义,-0.5555555555555556,negative,0.5555555555555556
实证主义,-0.5555555555555556,negative,0.5555555555555556
实验主义,-0.5555555555555556,negative,0.5555555555555556
宠儿,-0.3333333333333333,negative,0.3333333333333333
室人交谪,-0.5555555555555556,negative,0.5555555555555556
室如县罄,-0.5555555555555556,negative,0.5555555555555556
室如悬磬,-0.3333333333333333,negative,0.3333333333333333
室如悬罄,-0.5555555555555556,negative,0.5555555555555556
室徒四壁,-0.5555555555555556,negative,0.5555555555555556
室怒市色,-0.5555555555555556,negative,0.5555555555555556
宰割,-0.7777777777777778,negative,0.7777777777777778
害人,-0.7777777777777778,negative,0.7777777777777778
害人不浅,-0.7777777777777778,negative,0.7777777777777778
害人虫,-0.7777777777777778,negative,0.7777777777777778
害处,-0.1111111111111111,negative,0.1111111111111111
害群之马,-0.7777777777777778,negative,0.7777777777777778
宴安鸩素毒,-1.0,negative,1.0
宵小,-0.5555555555555556,negative,0.5555555555555556
家丑,-0.3333333333333333,negative,0.3333333333333333
家无担石,-0.5555555555555556,negative,0.5555555555555556
家破人亡,-1.0,negative,1.0
家贼,-0.3333333333333333,negative,0.3333333333333333
家道壁立,-0.3333333333333333,negative,0.3333333333333333
容克地主,-0.5555555555555556,negative,0.5555555555555556
宽纵,-0.1111111111111111,negative,0.1111111111111111
宿弊,-0.5555555555555556,negative,0.5555555555555556
寂天寞地,-0.3333333333333333,negative,0.3333333333333333
寄人檐下,-0.5555555555555556,negative,0.5555555555555556
寄人篱下,-0.3333333333333333,negative,0.3333333333333333
寄生虫,-0.3333333333333333,negative,0.3333333333333333
密谋,-0.5555555555555556,negative,0.5555555555555556
寇仇,-1.0,negative,1.0
富贵骄人,-0.5555555555555556,negative,0.5555555555555556
寒伧,-0.7777777777777778,negative,0.7777777777777778
寒心消志,-0.5555555555555556,negative,0.5555555555555556
寒心酸鼻,-0.7777777777777778,negative,0.7777777777777778
寒心销志,-0.5555555555555556,negative,0.5555555555555556
寒碜,-0.5555555555555556,negative,0.5555555555555556
寒腹短识,-0.7777777777777778,negative,0.7777777777777778
寓公,-0.5555555555555556,negative,0.5555555555555556
寝不安席,-0.7777777777777778,negative,0.7777777777777778
寝关曝纊,-0.7777777777777778,negative,0.7777777777777778
察察为明,-0.5555555555555556,negative,0.5555555555555556
察见渊鱼,-0.3333333333333333,negative,0.3333333333333333
寡不敌众,-0.5555555555555556,negative,0.5555555555555556
寡了叭叽,-0.7777777777777778,negative,0.7777777777777778
寡味,-0.7777777777777778,negative,0.7777777777777778
寡头,-0.3333333333333333,negative,0.3333333333333333
寡廉鲜耻,-0.5555555555555556,negative,0.5555555555555556
寡情,-0.7777777777777778,negative,0.7777777777777778
寡情薄意,-0.5555555555555556,negative,0.5555555555555556
寡断,-0.7777777777777778,negative,0.7777777777777778
寡淡,-0.3333333333333333,negative,0.3333333333333333
寡见少闻,-0.3333333333333333,negative,0.3333333333333333
寡言,-0.1111111111111111,negative,0.1111111111111111
寡言少语,-0.3333333333333333,negative,0.3333333333333333
寡闻少见,-0.5555555555555556,negative,0.5555555555555556
寸指测渊,-0.3333333333333333,negative,0.3333333333333333
寸木岑楼,-0.5555555555555556,negative,0.5555555555555556
寸步难移,-0.5555555555555556,negative,0.5555555555555556
寸田尺宅,-0.5555555555555556,negative,0.5555555555555556
寸草不留,-0.7777777777777778,negative,0.7777777777777778
寸蹄尺缣,-0.5555555555555556,negative,0.5555555555555556
寸量铢称,-0.5555555555555556,negative,0.5555555555555556
寸长尺技,-0.5555555555555556,negative,0.5555555555555556
寸长尺短,-0.5555555555555556,negative,0.5555555555555556
对付,-0.3333333333333333,negative,0.3333333333333333
对口疮,-0.5555555555555556,negative,0.5555555555555556
对牛弹琴,-0.3333333333333333,negative,0.3333333333333333
对牛鼓簧,-0.5555555555555556,negative,0.5555555555555556
寻弊索瑕,-0.7777777777777778,negative,0.7777777777777778
寻欢作乐,-0.7777777777777778,negative,0.7777777777777778
寻死觅活,-0.7777777777777778,negative,0.7777777777777778
寻章摘句,-0.3333333333333333,negative,0.3333333333333333
寻花问柳,-0.7777777777777778,negative,0.7777777777777778
封官许愿,-0.5555555555555556,negative,0.5555555555555556
封己守残,-0.5555555555555556,negative,0.5555555555555556
封建,-0.3333333333333333,negative,0.3333333333333333
封胡羯末,-0.5555555555555556,negative,0.5555555555555556
封豕长蛇,-0.7777777777777778,negative,0.7777777777777778
封豨修蛇,-0.7777777777777778,negative,0.7777777777777778
封豨脩蛇,-0.7777777777777778,negative,0.7777777777777778
射利沽名,-0.5555555555555556,negative,0.5555555555555556
射影含沙,-0.5555555555555556,negative,0.5555555555555556
射鱼指天,-0.5555555555555556,negative,0.5555555555555556
将信将疑,-0.7777777777777778,negative,0.7777777777777778
将天就地,-0.5555555555555556,negative,0.5555555555555556
将无作有,-0.5555555555555556,negative,0.5555555555555556
将无做有,-0.5555555555555556,negative,0.5555555555555556
将虾钓鳖,-0.5555555555555556,negative,0.5555555555555556
尊古卑今,-0.5555555555555556,negative,0.5555555555555556
小丑,-0.5555555555555556,negative,0.5555555555555556
小丑跳梁,-0.7777777777777778,negative,0.7777777777777778
小人,-0.5555555555555556,negative,0.5555555555555556
小动作,-0.5555555555555556,negative,0.5555555555555556
小圈子,-0.5555555555555556,negative,0.5555555555555556
小家子气,-0.5555555555555556,negative,0.5555555555555556
小家子相,-0.7777777777777778,negative,0.7777777777777778
小崽子,-0.3333333333333333,negative,0.3333333333333333
小巫见大巫,-1.0,negative,1.0
小己得失,-0.1111111111111111,negative,0.1111111111111111
小心眼,-0.7777777777777778,negative,0.7777777777777778
小心眼儿,-1.0,negative,1.0
小恩小惠,-0.3333333333333333,negative,0.3333333333333333
小抄儿,-0.3333333333333333,negative,0.3333333333333333
小报告,-0.5555555555555556,negative,0.5555555555555556
小气,-0.7777777777777778,negative,0.7777777777777778
小气鬼,-0.5555555555555556,negative,0.5555555555555556
小看,-0.1111111111111111,negative,0.1111111111111111
小瞧,-0.1111111111111111,negative,0.1111111111111111
小绺,-0.3333333333333333,negative,0.3333333333333333
小肚鸡肠,-0.7777777777777778,negative,0.7777777777777778
小视,-0.1111111111111111,negative,0.1111111111111111
小觑,-0.3333333333333333,negative,0.3333333333333333
小辫子,-0.5555555555555556,negative,0.5555555555555556
小里小气,-0.5555555555555556,negative,0.5555555555555556
小鞋,-0.5555555555555556,negative,0.5555555555555556
小题大作,-0.7777777777777778,negative,0.7777777777777778
小题大做,-0.7777777777777778,negative,0.7777777777777778
小黠大痴,-0.7777777777777778,negative,0.7777777777777778
少不更事,-0.5555555555555556,negative,0.5555555555555556
少吃无穿,-0.3333333333333333,negative,0.3333333333333333
少壮不努力，老大徒伤悲,-1.0,negative,1.0
少条失教,-0.5555555555555556,negative,0.5555555555555556
少气无力,-0.7777777777777778,negative,0.7777777777777778
少见多怪,-0.3333333333333333,negative,0.3333333333333333
少言寡语,-0.5555555555555556,negative,0.5555555555555556
尔虞我诈,-0.7777777777777778,negative,0.7777777777777778
尔诈我虞,-0.3333333333333333,negative,0.3333333333333333
尖刻,-0.5555555555555556,negative,0.5555555555555556
尖嘴猴腮,-0.7777777777777778,negative,0.7777777777777778
尖嘴薄舌,-0.5555555555555556,negative,0.5555555555555556
尖言冷语,-0.5555555555555556,negative,0.5555555555555556
尖酸,-0.7777777777777778,negative,0.7777777777777778
尖酸刻薄,-0.5555555555555556,negative,0.5555555555555556
尘嚣,-0.3333333333333333,negative,0.3333333333333333
尘埃传染,-0.5555555555555556,negative,0.5555555555555556
尘肺,-0.5555555555555556,negative,0.5555555555555556
尤而效之,-0.3333333333333333,negative,0.3333333333333333
就事论事,-0.3333333333333333,negative,0.3333333333333333
就着猪肉吃油条－腻透了,-0.3333333333333333,negative,0.3333333333333333
尸位素餐,-0.7777777777777778,negative,0.7777777777777778
尸位误国,-0.7777777777777778,negative,0.7777777777777778
尸横遍野,-1.0,negative,1.0
尸禄素飡,-0.5555555555555556,negative,0.5555555555555556
尸禄素餐,-0.5555555555555556,negative,0.5555555555555556
尽付东流,-0.5555555555555556,negative,0.5555555555555556
尾大不掉,-0.7777777777777778,negative,0.7777777777777778
尾大难掉,-0.7777777777777778,negative,0.7777777777777778
尾巴主义,-0.5555555555555556,negative,0.5555555555555556
尿流屁滚,-0.7777777777777778,negative,0.7777777777777778
局地扣天,-0.5555555555555556,negative,0.5555555555555556
局天扣地,-0.5555555555555556,negative,0.5555555555555556
局天蹐地,-0.3333333333333333,negative,0.3333333333333333
局骗,-0.3333333333333333,negative,0.3333333333333333
局高蹐厚,-0.7777777777777778,negative,0.7777777777777778
屁滚尿流,-1.0,negative,1.0
屁话,-0.5555555555555556,negative,0.5555555555555556
居利思义,-0.5555555555555556,negative,0.5555555555555556
居功自傲,-0.5555555555555556,negative,0.5555555555555556
居功自持,-0.5555555555555556,negative,0.5555555555555556
居心,-0.5555555555555556,negative,0.5555555555555556
居心不良,-0.7777777777777778,negative,0.7777777777777778
居心叵测,-0.5555555555555556,negative,0.5555555555555556
居高不下,-0.1111111111111111,negative,0.1111111111111111
屈从,-0.5555555555555556,negative,0.5555555555555556
屈打成招,-0.5555555555555556,negative,0.5555555555555556
屈挠,-0.7777777777777778,negative,0.7777777777777778
屈服,-0.1111111111111111,negative,0.1111111111111111
屈枉,-0.5555555555555556,negative,0.5555555555555556
屈膝,-0.5555555555555556,negative,0.5555555555555556
屈节,-0.5555555555555556,negative,0.5555555555555556
屈节辱命,-0.7777777777777778,negative,0.7777777777777778
屈辱,-0.3333333333333333,negative,0.3333333333333333
屋下作屋,-0.7777777777777778,negative,0.7777777777777778
屋下架屋,-0.3333333333333333,negative,0.3333333333333333
屋漏偏遭连夜雨,-0.7777777777777778,negative,0.7777777777777778
屎屁直流,-0.5555555555555556,negative,0.5555555555555556
屎流屁滚,-0.5555555555555556,negative,0.5555555555555556
屠夫,-0.5555555555555556,negative,0.5555555555555556
屠戮,-0.7777777777777778,negative,0.7777777777777778
屠杀,-0.7777777777777778,negative,0.7777777777777778
屡教不改,-0.7777777777777778,negative,0.7777777777777778
屡次三番,-0.1111111111111111,negative,0.1111111111111111
履丝曳缟,-0.7777777777777778,negative,0.7777777777777778
履穿踵决,-0.3333333333333333,negative,0.3333333333333333
履舄交错,-0.1111111111111111,negative,0.1111111111111111
履霜之戒,-0.7777777777777778,negative,0.7777777777777778
履霜坚冰,-0.7777777777777778,negative,0.7777777777777778
屦贱踊贵,-0.3333333333333333,negative,0.3333333333333333
屯毛不辨,-0.7777777777777778,negative,0.7777777777777778
屯积居奇,-0.7777777777777778,negative,0.7777777777777778
屯街塞巷,-0.5555555555555556,negative,0.5555555555555556
山上无老虎，猴子称大王,-0.5555555555555556,negative,0.5555555555555556
山中无好汉，猢猻称霸王,-0.5555555555555556,negative,0.5555555555555556
山亏一篑,-0.5555555555555556,negative,0.5555555555555556
山河易改，本性难移,-0.7777777777777778,negative,0.7777777777777778
山穷水尽,-1.0,negative,1.0
山穷水断,-0.5555555555555556,negative,0.5555555555555556
山穷水绝,-0.5555555555555556,negative,0.5555555555555556
山高水低,-0.7777777777777778,negative,0.7777777777777778
山高水险,-0.5555555555555556,negative,0.5555555555555556
岁不我与,-0.7777777777777778,negative,0.7777777777777778
岂有是理,-0.7777777777777778,negative,0.7777777777777778
岂有此理,-0.5555555555555556,negative,0.5555555555555556
岌岌不可终日,-0.7777777777777778,negative,0.7777777777777778
岌岌可危,-0.7777777777777778,negative,0.7777777777777778
岔子,-0.5555555555555556,negative,0.5555555555555556
岸然道貌,-0.5555555555555556,negative,0.5555555555555556
崇洋,-0.3333333333333333,negative,0.3333333333333333
崇洋媚外,-0.7777777777777778,negative,0.7777777777777778
崩塌,-0.5555555555555556,negative,0.5555555555555556
崩漏,-0.7777777777777778,negative,0.7777777777777778
崩症,-0.7777777777777778,negative,0.7777777777777778
崩落,-0.5555555555555556,negative,0.5555555555555556
崽子,-0.7777777777777778,negative,0.7777777777777778
巢毁卵破,-0.5555555555555556,negative,0.5555555555555556
左书右息,-0.5555555555555556,negative,0.5555555555555556
左右袒,-0.3333333333333333,negative,0.3333333333333333
左建外易,-0.5555555555555556,negative,0.5555555555555556
左思右想 ,-0.7777777777777778,negative,0.7777777777777778
左支右吾,-0.5555555555555556,negative,0.5555555555555556
左支右绌,-0.3333333333333333,negative,0.3333333333333333
左支右调,-0.5555555555555556,negative,0.5555555555555556
左枝右梧,-0.5555555555555556,negative,0.5555555555555556
左袒,-0.3333333333333333,negative,0.3333333333333333
左道旁门,-0.5555555555555556,negative,0.5555555555555556
左顾右盼,-0.1111111111111111,negative,0.1111111111111111
巧作名目,-0.7777777777777778,negative,0.7777777777777778
巧偷豪夺,-0.5555555555555556,negative,0.5555555555555556
巧妇难无火之炊,-0.7777777777777778,negative,0.7777777777777778
巧立名目,-0.3333333333333333,negative,0.3333333333333333
巧立名色,-0.7777777777777778,negative,0.7777777777777778
巧舌如簧,-0.3333333333333333,negative,0.3333333333333333
巧言令色,-0.5555555555555556,negative,0.5555555555555556
巧言偏辞,-0.5555555555555556,negative,0.5555555555555556
巧言如簧,-0.5555555555555556,negative,0.5555555555555556
巧言花语,-0.5555555555555556,negative,0.5555555555555556
巧语花言,-0.5555555555555556,negative,0.5555555555555556
巩固,-0.7777777777777778,negative,0.7777777777777778
差三错四,-0.5555555555555556,negative,0.5555555555555556
差之毫氂，失之千里,-0.5555555555555556,negative,0.5555555555555556
差之毫釐，失之千里,-0.5555555555555556,negative,0.5555555555555556
差之毫釐，谬以千里,-0.5555555555555556,negative,0.5555555555555556
差劲,-0.5555555555555556,negative,0.5555555555555556
差失,-0.3333333333333333,negative,0.3333333333333333
差役,-0.5555555555555556,negative,0.5555555555555556
差池,-0.3333333333333333,negative,0.3333333333333333
差若毫釐，谬以千里,-0.5555555555555556,negative,0.5555555555555556
差误,-0.3333333333333333,negative,0.3333333333333333
已决犯,-0.7777777777777778,negative,0.7777777777777778
已意逆志,-0.3333333333333333,negative,0.3333333333333333
巴人下里,-0.5555555555555556,negative,0.5555555555555556
巴儿狗,-0.3333333333333333,negative,0.3333333333333333
巴结,-0.5555555555555556,negative,0.5555555555555556
市井之徒,-0.7777777777777778,negative,0.7777777777777778
市井小人,-0.7777777777777778,negative,0.7777777777777778
市井无赖,-0.5555555555555556,negative,0.5555555555555556
市侩,-1.0,negative,1.0
市惠,-0.5555555555555556,negative,0.5555555555555556
布氏杆菌病,-0.7777777777777778,negative,0.7777777777777778
布鼓雷门,-0.5555555555555556,negative,0.5555555555555556
师出无名,-0.5555555555555556,negative,0.5555555555555556
师心自用,-0.3333333333333333,negative,0.3333333333333333
师老兵疲,-0.3333333333333333,negative,0.3333333333333333
师老民困,-0.3333333333333333,negative,0.3333333333333333
帏箔不修,-0.7777777777777778,negative,0.7777777777777778
帏薄不修,-1.0,negative,1.0
帝国主义,-0.7777777777777778,negative,0.7777777777777778
带水拖泥,-0.5555555555555556,negative,0.5555555555555556
帮倒忙,-0.5555555555555556,negative,0.5555555555555556
帮凶,-0.7777777777777778,negative,0.7777777777777778
帮派,-0.1111111111111111,negative,0.1111111111111111
帮腔,-0.5555555555555556,negative,0.5555555555555556
帮虎吃食,-0.5555555555555556,negative,0.5555555555555556
帮闲,-0.5555555555555556,negative,0.5555555555555556
帮闲钻懒,-0.5555555555555556,negative,0.5555555555555556
帷幕不修,-1.0,negative,1.0
帷灯匣剑,-0.7777777777777778,negative,0.7777777777777778
帷灯箧剑,-0.7777777777777778,negative,0.7777777777777778
帷箔不修,-1.0,negative,1.0
帷薄不修,-1.0,negative,1.0
幌子,-0.5555555555555556,negative,0.5555555555555556
幕后,-0.5555555555555556,negative,0.5555555555555556
干号,-0.3333333333333333,negative,0.3333333333333333
干名采誉,-0.5555555555555556,negative,0.5555555555555556
干巴,-0.3333333333333333,negative,0.3333333333333333
干巴巴,-0.3333333333333333,negative,0.3333333333333333
干干巴巴,-0.1111111111111111,negative,0.1111111111111111
干扰,-0.3333333333333333,negative,0.3333333333333333
干涉,-0.3333333333333333,negative,0.3333333333333333
干瘪,-0.5555555555555556,negative,0.5555555555555556
干瘪瘪,-0.1111111111111111,negative,0.1111111111111111
平庸,-0.3333333333333333,negative,0.3333333333333333
平板,-0.1111111111111111,negative,0.1111111111111111
平毁,-0.7777777777777778,negative,0.7777777777777778
平淡无味,-0.5555555555555556,negative,0.5555555555555556
平淡无奇,-0.3333333333333333,negative,0.3333333333333333
平铺直叙,-0.3333333333333333,negative,0.3333333333333333
平铺直序,-0.5555555555555556,negative,0.5555555555555556
并发症,-0.5555555555555556,negative,0.5555555555555556
并日而食,-0.3333333333333333,negative,0.3333333333333333
幸灾乐祸,-0.7777777777777778,negative,0.7777777777777778
幸臣,-0.5555555555555556,negative,0.5555555555555556
幻灭,-0.5555555555555556,negative,0.5555555555555556
幼稚,-0.7777777777777778,negative,0.7777777777777778
幽愤,-0.7777777777777778,negative,0.7777777777777778
幽暗,-0.3333333333333333,negative,0.3333333333333333
广种薄收,-0.5555555555555556,negative,0.5555555555555556
庇护,-0.3333333333333333,negative,0.3333333333333333
庇荫,-0.3333333333333333,negative,0.3333333333333333
应付,-0.7777777777777778,negative,0.7777777777777778
应卯,-0.5555555555555556,negative,0.5555555555555556
应名儿,-0.5555555555555556,negative,0.5555555555555556
应声虫,-0.5555555555555556,negative,0.5555555555555556
底下人,-0.1111111111111111,negative,0.1111111111111111
庖代,-0.5555555555555556,negative,0.5555555555555556
庞杂,-0.1111111111111111,negative,0.1111111111111111
废书而叹,-0.7777777777777778,negative,0.7777777777777778
废人,-0.5555555555555556,negative,0.5555555555555556
废旧,-0.1111111111111111,negative,0.1111111111111111
废然,-0.5555555555555556,negative,0.5555555555555556
废话,-0.5555555555555556,negative,0.5555555555555556
废话连篇,-0.5555555555555556,negative,0.5555555555555556
度日如年,-0.7777777777777778,negative,0.7777777777777778
度量小,-0.7777777777777778,negative,0.7777777777777778
庸人,-0.7777777777777778,negative,0.7777777777777778
庸人自扰,-0.3333333333333333,negative,0.3333333333333333
庸俗,-0.7777777777777778,negative,0.7777777777777778
庸医,-0.5555555555555556,negative,0.5555555555555556
庸医杀人,-0.3333333333333333,negative,0.3333333333333333
庸庸碌碌,-1.0,negative,1.0
庸懦无能,-0.5555555555555556,negative,0.5555555555555556
庸才,-0.5555555555555556,negative,0.5555555555555556
庸碌,-0.3333333333333333,negative,0.3333333333333333
庸耳俗目,-0.5555555555555556,negative,0.5555555555555556
庸言庸行,-0.5555555555555556,negative,0.5555555555555556
延误,-0.5555555555555556,negative,0.5555555555555556
延颈举踵,-0.7777777777777778,negative,0.7777777777777778
开了锁的猴子－得意忘形,-0.5555555555555556,negative,0.5555555555555556
开小差,-0.7777777777777778,negative,0.7777777777777778
开柙出虎,-0.7777777777777778,negative,0.7777777777777778
开锣喝道,-0.3333333333333333,negative,0.3333333333333333
开门延盗,-0.5555555555555556,negative,0.5555555555555556
开门揖盗,-0.7777777777777778,negative,0.7777777777777778
异味,-0.1111111111111111,negative,0.1111111111111111
异想天开,-0.7777777777777778,negative,0.7777777777777778
异端,-0.5555555555555556,negative,0.5555555555555556
异端邪说,-0.7777777777777778,negative,0.7777777777777778
异说,-0.5555555555555556,negative,0.5555555555555556
弃义倍信,-0.5555555555555556,negative,0.5555555555555556
弃好背盟,-0.5555555555555556,negative,0.5555555555555556
弃妇,-0.6666666666666666,negative,0.6666666666666666
弃家荡产,-0.7777777777777778,negative,0.7777777777777778
弃旧怜新,-0.7777777777777778,negative,0.7777777777777778
弃旧迎新,-0.7777777777777778,negative,0.7777777777777778
弃甲丢盔,-0.3333333333333333,negative,0.3333333333333333
弃甲倒戈,-0.7777777777777778,negative,0.7777777777777778
弃甲投戈,-0.3333333333333333,negative,0.3333333333333333
弃甲曳兵,-0.3333333333333333,negative,0.3333333333333333
弃甲负弩,-0.3333333333333333,negative,0.3333333333333333
弃车走林,-0.3333333333333333,negative,0.3333333333333333
弄假成真,-0.1111111111111111,negative,0.1111111111111111
弄嘴弄舌,-0.5555555555555556,negative,0.5555555555555556
弄巧成拙,-0.5555555555555556,negative,0.5555555555555556
弄权,-0.5555555555555556,negative,0.5555555555555556
弄眉挤眼,-0.5555555555555556,negative,0.5555555555555556
弄神弄鬼,-0.5555555555555556,negative,0.5555555555555556
弄粉调脂,-0.1111111111111111,negative,0.1111111111111111
弄虚作假,-0.7777777777777778,negative,0.7777777777777778
弄鬼,-0.3333333333333333,negative,0.3333333333333333
弄鬼妆幺,-0.5555555555555556,negative,0.5555555555555556
弄鬼掉猴,-0.5555555555555556,negative,0.5555555555555556
弇陋,-0.5555555555555556,negative,0.5555555555555556
弊害,-1.0,negative,1.0
弊政,-1.0,negative,1.0
弊病,-0.7777777777777778,negative,0.7777777777777778
弊端,-0.5555555555555556,negative,0.5555555555555556
式微,-0.5555555555555556,negative,0.5555555555555556
弓影杯蛇,-0.5555555555555556,negative,0.5555555555555556
引咎自责,-0.7777777777777778,negative,0.7777777777777778
引水入墙,-0.5555555555555556,negative,0.5555555555555556
引狗入寨,-1.0,negative,1.0
引狼入室,-1.0,negative,1.0
引狼拒虎,-0.3333333333333333,negative,0.3333333333333333
引狼自卫,-0.7777777777777778,negative,0.7777777777777778
引类呼朋,-0.5555555555555556,negative,0.5555555555555556
引经据典,-0.5555555555555556,negative,0.5555555555555556
引绳批根,-0.5555555555555556,negative,0.5555555555555556
引虎拒狼,-0.5555555555555556,negative,0.5555555555555556
引虎自卫,-0.3333333333333333,negative,0.3333333333333333
引诱,-0.5555555555555556,negative,0.5555555555555556
引起反感,-1.0,negative,1.0
引车卖浆,-0.5555555555555556,negative,0.5555555555555556
引领而望,-0.7777777777777778,negative,0.7777777777777778
引颈受戮,-0.5555555555555556,negative,0.5555555555555556
引鬼上门,-0.7777777777777778,negative,0.7777777777777778
弛懈,-0.3333333333333333,negative,0.3333333333333333
弛缓,-0.3333333333333333,negative,0.3333333333333333
弟子孩儿,-0.3333333333333333,negative,0.3333333333333333
张公吃酒李公醉,-0.3333333333333333,negative,0.3333333333333333
张冠李戴,-0.3333333333333333,negative,0.3333333333333333
张大其事,-0.3333333333333333,negative,0.3333333333333333
张扬,-0.3333333333333333,negative,0.3333333333333333
张牙舞爪,-0.7777777777777778,negative,0.7777777777777778
张狂,-0.5555555555555556,negative,0.5555555555555556
张皇,-0.3333333333333333,negative,0.3333333333333333
张皇失措,-0.7777777777777778,negative,0.7777777777777778
张眉努目,-0.5555555555555556,negative,0.5555555555555556
张眉努眼,-0.5555555555555556,negative,0.5555555555555556
张眼露睛,-0.7777777777777778,negative,0.7777777777777778
弥天大祸,-0.7777777777777778,negative,0.7777777777777778
弥天大罪,-1.0,negative,1.0
弥天大谎,-1.0,negative,1.0
弦外之音,-0.7777777777777778,negative,0.7777777777777778
弩钝,-0.5555555555555556,negative,0.5555555555555556
弱不禁风,-0.3333333333333333,negative,0.3333333333333333
弱智,-1.0,negative,1.0
弱点,-0.3333333333333333,negative,0.3333333333333333
弱肉强食,-0.5555555555555556,negative,0.5555555555555556
弹丸之地,-0.3333333333333333,negative,0.3333333333333333
弹冠相庆,-0.7777777777777778,negative,0.7777777777777778
弹尽粮绝,-0.7777777777777778,negative,0.7777777777777778
弹空说嘴,-0.5555555555555556,negative,0.5555555555555556
强不知以为知,-0.7777777777777778,negative,0.7777777777777778
强人所难,-0.5555555555555556,negative,0.5555555555555556
强凫变鹤,-0.8888888888888888,negative,0.8888888888888888
强加,-0.3333333333333333,negative,0.3333333333333333
强占,-0.5555555555555556,negative,0.5555555555555556
强压,-0.5555555555555556,negative,0.5555555555555556
强取,-0.7777777777777778,negative,0.7777777777777778
强告化,-0.7777777777777778,negative,0.7777777777777778
强奸,-1.0,negative,1.0
强弩之末,-0.5555555555555556,negative,0.5555555555555556
强弩之极,-0.7777777777777778,negative,0.7777777777777778
强弩末矢,-0.7777777777777778,negative,0.7777777777777778
强文假醋,-0.7777777777777778,negative,0.7777777777777778
强文浉醋,-0.7777777777777778,negative,0.7777777777777778
强暴,-0.7777777777777778,negative,0.7777777777777778
强权,-0.5555555555555556,negative,0.5555555555555556
强权政治,-0.7777777777777778,negative,0.7777777777777778
强梁,-0.3333333333333333,negative,0.3333333333333333
强横,-0.5555555555555556,negative,0.5555555555555556
强横霸道,-0.7777777777777778,negative,0.7777777777777778
强死强活　,-0.7777777777777778,negative,0.7777777777777778
强求,-0.5555555555555556,negative,0.5555555555555556
强盗挂念珠,-0.7777777777777778,negative,0.7777777777777778
强而后可,-0.5555555555555556,negative,0.5555555555555556
强聒不舍,-0.3333333333333333,negative,0.3333333333333333
强脣劣嘴,-0.7777777777777778,negative,0.7777777777777778
强行,-0.5555555555555556,negative,0.5555555555555556
强词夺理,-0.5555555555555556,negative,0.5555555555555556
强辩,-0.5555555555555556,negative,0.5555555555555556
强逼,-0.5555555555555556,negative,0.5555555555555556
强颜为笑,-0.7777777777777778,negative,0.7777777777777778
强食弱肉,-0.5555555555555556,negative,0.5555555555555556
强龙不压地头蛇,-0.1111111111111111,negative,0.1111111111111111
归心如箭,-0.7777777777777778,negative,0.7777777777777778
归罪,-0.3333333333333333,negative,0.3333333333333333
当场出彩,-0.7777777777777778,negative,0.7777777777777778
当头棒喝,-0.7777777777777778,negative,0.7777777777777778
当断不断,-0.5555555555555556,negative,0.5555555555555556
当断不断，反受其乱,-0.7777777777777778,negative,0.7777777777777778
当道,-1.0,negative,1.0
当面错过,-0.5555555555555556,negative,0.5555555555555556
当面鼓，对面锣,-0.8888888888888888,negative,0.8888888888888888
形同路人,-1.0,negative,1.0
形容憔悴,-0.3333333333333333,negative,0.3333333333333333
形影相吊,-1.0,negative,1.0
形锁骨立,-0.5555555555555556,negative,0.5555555555555556
彩凤随鸦,-0.3333333333333333,negative,0.3333333333333333
彩风随鸦,-0.5555555555555556,negative,0.5555555555555556
彫虫小技,-0.5555555555555556,negative,0.5555555555555556
彫虫篆刻,-0.5555555555555556,negative,0.5555555555555556
役使,-0.5555555555555556,negative,0.5555555555555556
彻头彻尾,-0.1111111111111111,negative,0.1111111111111111
待兔守株,-0.5555555555555556,negative,0.5555555555555556
徇情枉法,-0.5555555555555556,negative,0.5555555555555556
徇私舞弊,-0.7777777777777778,negative,0.7777777777777778
徒乱人意,-0.7777777777777778,negative,0.7777777777777778
徒劳,-0.5555555555555556,negative,0.5555555555555556
徒劳往返,-0.5555555555555556,negative,0.5555555555555556
徒劳无功,-1.0,negative,1.0
徒劳无益,-1.0,negative,1.0
徒子徒孙,-0.5555555555555556,negative,0.5555555555555556
徒宅忘妻,-0.7777777777777778,negative,0.7777777777777778
徒托生言,-0.8888888888888888,negative,0.8888888888888888
徒托空言,-0.5555555555555556,negative,0.5555555555555556
徒拥虚名,-0.5555555555555556,negative,0.5555555555555556
徒有其名,-0.7777777777777778,negative,0.7777777777777778
徒有虚名,-0.7777777777777778,negative,0.7777777777777778
徒然,-1.0,negative,1.0
徒讬空言,-0.5555555555555556,negative,0.5555555555555556
徒读父书,-0.8888888888888888,negative,0.8888888888888888
徒负虚名,-0.5555555555555556,negative,0.5555555555555556
得势,-0.3333333333333333,negative,0.3333333333333333
得寸进尺,-0.5555555555555556,negative,0.5555555555555556
得意忘形,-0.5555555555555556,negative,0.5555555555555556
得步进步,-0.5555555555555556,negative,0.5555555555555556
得用,-0.5555555555555556,negative,0.5555555555555556
得罪,-0.5555555555555556,negative,0.5555555555555556
得薄能鲜,-0.5555555555555556,negative,0.5555555555555556
得计,-0.1111111111111111,negative,0.1111111111111111
得过且过,-0.5555555555555556,negative,0.5555555555555556
得逞,-0.5555555555555556,negative,0.5555555555555556
得陇望蜀,-0.5555555555555556,negative,0.5555555555555556
得鱼忘筌,-0.5555555555555556,negative,0.5555555555555556
徘徊歧路,-0.3333333333333333,negative,0.3333333333333333
徙宅忘妻,-0.7777777777777778,negative,0.7777777777777778
御用,-0.7777777777777778,negative,0.7777777777777778
循规蹈矩,-0.3333333333333333,negative,0.3333333333333333
徬徨失措,-0.5555555555555556,negative,0.5555555555555556
微不足道,-0.5555555555555556,negative,0.5555555555555556
微乎其微,-0.7777777777777778,negative,0.7777777777777778
微文深诋,-0.5555555555555556,negative,0.5555555555555556
微词,-0.5555555555555556,negative,0.5555555555555556
微贱,-0.5555555555555556,negative,0.5555555555555556
微辞,-0.5555555555555556,negative,0.5555555555555556
德性,-0.5555555555555556,negative,0.5555555555555556
德薄,-0.7777777777777778,negative,0.7777777777777778
德薄才疏,-0.5555555555555556,negative,0.5555555555555556
德音莫违,-0.5555555555555556,negative,0.5555555555555556
德高望重,-0.7777777777777778,negative,0.7777777777777778
心不在焉,-0.3333333333333333,negative,0.3333333333333333
心不应口,-0.5555555555555556,negative,0.5555555555555556
心中无数,-0.5555555555555556,negative,0.5555555555555556
心为形役,-0.5555555555555556,negative,0.5555555555555556
心乔意怯,-0.7777777777777778,negative,0.7777777777777778
心劳意冗,-0.7777777777777778,negative,0.7777777777777778
心劳意攘,-0.7777777777777778,negative,0.7777777777777778
心劳日拙,-0.5555555555555556,negative,0.5555555555555556
心口不一,-0.3333333333333333,negative,0.3333333333333333
心地狭窄,-0.7777777777777778,negative,0.7777777777777778
心头撞鹿,-0.7777777777777778,negative,0.7777777777777778
心头鹿撞,-0.7777777777777778,negative,0.7777777777777778
心如刀剉,-0.5555555555555556,negative,0.5555555555555556
心如刀搅,-0.5555555555555556,negative,0.5555555555555556
心如刀锯,-0.5555555555555556,negative,0.5555555555555556
心如悬旌,-0.5555555555555556,negative,0.5555555555555556
心如火焚,-1.0,negative,1.0
心如蛇蝎,-0.7777777777777778,negative,0.7777777777777778
心如铁石,-0.7777777777777778,negative,0.7777777777777778
心寒胆战,-1.0,negative,1.0
心寒胆落,-1.0,negative,1.0
心怀叵测,-0.3333333333333333,negative,0.3333333333333333
心怀鬼胎,-0.7777777777777778,negative,0.7777777777777778
心惊胆寒,-1.0,negative,1.0
心惊胆落,-1.0,negative,1.0
心惊胆裂,-1.0,negative,1.0
心慌意急,-0.7777777777777778,negative,0.7777777777777778
心慌撩乱,-0.7777777777777778,negative,0.7777777777777778
心慵意懒,-0.7777777777777778,negative,0.7777777777777778
心有余悸,-0.6666666666666666,negative,0.6666666666666666
心有余而力不足,-0.3333333333333333,negative,0.3333333333333333
心术,-0.5555555555555556,negative,0.5555555555555556
心术不正,-0.5555555555555556,negative,0.5555555555555556
心术不端,-0.7777777777777778,negative,0.7777777777777778
心殒胆落,-1.0,negative,1.0
心毒,-1.0,negative,1.0
心浮,-0.1111111111111111,negative,0.1111111111111111
心浮气盛,-0.7777777777777778,negative,0.7777777777777778
心浮气粗,-0.7777777777777778,negative,0.7777777777777778
心灰意懒,-0.5555555555555556,negative,0.5555555555555556
心烦意冗,-0.7777777777777778,negative,0.7777777777777778
心烦虑乱,-0.7777777777777778,negative,0.7777777777777778
心狠,-0.5555555555555556,negative,0.5555555555555556
心狠手毒,-0.7777777777777778,negative,0.7777777777777778
心狠手辣,-1.0,negative,1.0
心猿意马,-0.3333333333333333,negative,0.3333333333333333
心眼儿小,-1.0,negative,1.0
心眼多,-0.3333333333333333,negative,0.3333333333333333
心眼小,-1.0,negative,1.0
心硬,-0.5555555555555556,negative,0.5555555555555556
心神不宁,-0.5555555555555556,negative,0.5555555555555556
心神恍惚,-0.5555555555555556,negative,0.5555555555555556
心窄,-0.7777777777777778,negative,0.7777777777777778
心绪不宁,-0.5555555555555556,negative,0.5555555555555556
心胆俱碎,-1.0,negative,1.0
心胸狭窄,-0.7777777777777778,negative,0.7777777777777778
心胸狭隘,-1.0,negative,1.0
心腹之患,-0.5555555555555556,negative,0.5555555555555556
心荡神迷,-0.7777777777777778,negative,0.7777777777777778
心虚,-0.2222222222222222,negative,0.2222222222222222
心血来潮,-0.3333333333333333,negative,0.3333333333333333
心辣手狠,-0.7777777777777778,negative,0.7777777777777778
心高气傲,-0.5555555555555556,negative,0.5555555555555556
心黑手辣,-1.0,negative,1.0
忍垢偷生,-0.3333333333333333,negative,0.3333333333333333
忍心,-0.3333333333333333,negative,0.3333333333333333
忍心害理,-0.7777777777777778,negative,0.7777777777777778
忍无可忍,-0.7777777777777778,negative,0.7777777777777778
忍辱偷生,-0.3333333333333333,negative,0.3333333333333333
忍辱含垢,-0.1111111111111111,negative,0.1111111111111111
忐上忑下,-0.7777777777777778,negative,0.7777777777777778
忐忑不定,-0.7777777777777778,negative,0.7777777777777778
忑忑忐忐,-0.5555555555555556,negative,0.5555555555555556
志大才疏,-0.5555555555555556,negative,0.5555555555555556
志广才疏,-0.7777777777777778,negative,0.7777777777777778
志满气骄,-0.7777777777777778,negative,0.7777777777777778
志骄意满,-0.7777777777777778,negative,0.7777777777777778
志骄气盈,-0.7777777777777778,negative,0.7777777777777778
忘义,-0.5555555555555556,negative,0.5555555555555556
忘乎其形,-0.7777777777777778,negative,0.7777777777777778
忘其所以,-0.5555555555555556,negative,0.5555555555555556
忘形,-0.5555555555555556,negative,0.5555555555555556
忘恩失义,-0.7777777777777778,negative,0.7777777777777778
忘恩背义,-0.7777777777777778,negative,0.7777777777777778
忘恩负义,-0.7777777777777778,negative,0.7777777777777778
忘情负义,-0.7777777777777778,negative,0.7777777777777778
忘本,-0.5555555555555556,negative,0.5555555555555556
忙不择价,-0.7777777777777778,negative,0.7777777777777778
忙中有失,-0.7777777777777778,negative,0.7777777777777778
忙乱,-0.5555555555555556,negative,0.5555555555555556
忡忡,-0.5555555555555556,negative,0.5555555555555556
忤逆,-0.5555555555555556,negative,0.5555555555555556
忧心如捣,-0.7777777777777778,negative,0.7777777777777778
忧心如薰,-0.7777777777777778,negative,0.7777777777777778
忧悒,-0.3333333333333333,negative,0.3333333333333333
忧患,-0.5555555555555556,negative,0.5555555555555556
忧愤,-0.5555555555555556,negative,0.5555555555555556
忧愤成疾,-1.0,negative,1.0
忧烦,-0.5555555555555556,negative,0.5555555555555556
念念有词,-0.1111111111111111,negative,0.1111111111111111
忸忸怩怩,-1.0,negative,1.0
忸怩作态,-1.0,negative,1.0
忽悠,-0.5555555555555556,negative,0.5555555555555556
忿忿不平,-0.5555555555555556,negative,0.5555555555555556
怀恨在心,-0.7777777777777778,negative,0.7777777777777778
怀才之遇,-0.5555555555555556,negative,0.5555555555555556
怀着鬼胎,-0.7777777777777778,negative,0.7777777777777778
怀鬼胎,-0.3333333333333333,negative,0.3333333333333333
怂恿,-0.3333333333333333,negative,0.3333333333333333
怏怏不乐,-1.0,negative,1.0
怒形于色,-0.3333333333333333,negative,0.3333333333333333
怒气冲冲,-0.5555555555555556,negative,0.5555555555555556
怒气冲天,-0.7777777777777778,negative,0.7777777777777778
怒火中烧,-1.0,negative,1.0
怒目切齿,-0.5555555555555556,negative,0.5555555555555556
怒目而视,-0.5555555555555556,negative,0.5555555555555556
怕事,-0.3333333333333333,negative,0.3333333333333333
怕死贪生,-0.5555555555555556,negative,0.5555555555555556
怕痛怕痒,-0.5555555555555556,negative,0.5555555555555556
怕硬欺软,-0.5555555555555556,negative,0.5555555555555556
怙恶不悛,-1.0,negative,1.0
怙才骄物,-0.7777777777777778,negative,0.7777777777777778
怙终不悔,-0.7777777777777778,negative,0.7777777777777778
怙终不悛,-0.7777777777777778,negative,0.7777777777777778
怙过不悛,-1.0,negative,1.0
怙顽不悛,-0.7777777777777778,negative,0.7777777777777778
怜新厌旧,-0.5555555555555556,negative,0.5555555555555556
怜新弃旧,-0.5555555555555556,negative,0.5555555555555556
思凡,-0.5555555555555556,negative,0.5555555555555556
思妇病母,-0.5555555555555556,negative,0.5555555555555556
思归其雌,-0.5555555555555556,negative,0.5555555555555556
思深忧远,-0.7777777777777778,negative,0.7777777777777778
怠工,-0.3333333333333333,negative,0.3333333333333333
怠惰,-0.7777777777777778,negative,0.7777777777777778
怠慢,-0.5555555555555556,negative,0.5555555555555556
怡声下气,-0.5555555555555556,negative,0.5555555555555556
急于求成,-0.7777777777777778,negative,0.7777777777777778
急公好义,-0.3333333333333333,negative,0.3333333333333333
急功近利,-1.0,negative,1.0
急功近名,-0.5555555555555556,negative,0.5555555555555556
急如风火,-0.3333333333333333,negative,0.3333333333333333
急就章,-0.1111111111111111,negative,0.1111111111111111
急巴巴,-0.7777777777777778,negative,0.7777777777777778
急急巴巴,-0.7777777777777778,negative,0.7777777777777778
急攻尽利,-0.5555555555555556,negative,0.5555555555555556
急敛暴徵,-0.7777777777777778,negative,0.7777777777777778
急来抱佛脚,-0.3333333333333333,negative,0.3333333333333333
急死,-0.7777777777777778,negative,0.7777777777777778
急眼,-0.5555555555555556,negative,0.5555555555555556
急躁,-0.5555555555555556,negative,0.5555555555555556
性情急躁,-1.0,negative,1.0
性格内向,-1.0,negative,1.0
怨仇,-0.5555555555555556,negative,0.5555555555555556
怨偶,-0.5555555555555556,negative,0.5555555555555556
怨嗟,-0.3333333333333333,negative,0.3333333333333333
怨声载道,-0.5555555555555556,negative,0.5555555555555556
怨天尤人,-0.5555555555555556,negative,0.5555555555555556
怨女旷夫,-0.1111111111111111,negative,0.1111111111111111
怨尤,-0.5555555555555556,negative,0.5555555555555556
怨府,-0.5555555555555556,negative,0.5555555555555556
怨怪,-0.7777777777777778,negative,0.7777777777777778
怨懑,-0.5555555555555556,negative,0.5555555555555556
怨望,-0.7777777777777778,negative,0.7777777777777778
怨气冲天,-0.7777777777777778,negative,0.7777777777777778
怨气满腹,-1.0,negative,1.0
怨苦,-0.5555555555555556,negative,0.5555555555555556
怨言,-0.3333333333333333,negative,0.3333333333333333
怨詈,-0.5555555555555556,negative,0.5555555555555556
怪僻,-0.1111111111111111,negative,0.1111111111111111
怪声怪气,-0.5555555555555556,negative,0.5555555555555556
怪异,-0.1111111111111111,negative,0.1111111111111111
怪形怪状,-0.5555555555555556,negative,0.5555555555555556
怪模怪样,-0.3333333333333333,negative,0.3333333333333333
怪癖,-0.1111111111111111,negative,0.1111111111111111
怪话,-0.7777777777777778,negative,0.7777777777777778
怪诞,-0.3333333333333333,negative,0.3333333333333333
怪诞不经,-1.0,negative,1.0
怪里怪气,-0.7777777777777778,negative,0.7777777777777778
怪雨盲风,-0.5555555555555556,negative,0.5555555555555556
怫然,-0.5555555555555556,negative,0.5555555555555556
怫然作色,-0.3333333333333333,negative,0.3333333333333333
怯弱,-0.5555555555555556,negative,0.5555555555555556
怵心刿目,-0.7777777777777778,negative,0.7777777777777778
恃勇轻敌,-0.3333333333333333,negative,0.3333333333333333
恃强凌弱,-0.7777777777777778,negative,0.7777777777777778
恃才傲物,-0.5555555555555556,negative,0.5555555555555556
恇怯不前,-0.7777777777777778,negative,0.7777777777777778
恋酒贪花,-0.5555555555555556,negative,0.5555555555555556
恋酒迷花,-0.5555555555555556,negative,0.5555555555555556
恐后争先,-0.5555555555555556,negative,0.5555555555555556
恐吓,-0.5555555555555556,negative,0.5555555555555556
恐慌万状,-0.7777777777777778,negative,0.7777777777777778
恢诡谲怪,-0.5555555555555556,negative,0.5555555555555556
恣凶稔恶,-0.7777777777777778,negative,0.7777777777777778
恣心纵欲,-0.7777777777777778,negative,0.7777777777777778
恣情纵欲,-0.7777777777777778,negative,0.7777777777777778
恣意,-0.7777777777777778,negative,0.7777777777777778
恣意妄为,-0.7777777777777778,negative,0.7777777777777778
恣无忌惮,-0.7777777777777778,negative,0.7777777777777778
恣睢,-0.5555555555555556,negative,0.5555555555555556
恣纵,-0.5555555555555556,negative,0.5555555555555556
恣肆,-0.5555555555555556,negative,0.5555555555555556
恣行无忌,-1.0,negative,1.0
恩将仇报,-0.5555555555555556,negative,0.5555555555555556
恩断义绝,-1.0,negative,1.0
恫吓,-0.3333333333333333,negative,0.3333333333333333
恫心疾首,-1.0,negative,1.0
恬不知愧,-0.7777777777777778,negative,0.7777777777777778
恬不知羞,-0.7777777777777778,negative,0.7777777777777778
恬不知耻,-1.0,negative,1.0
恭惟,-0.3333333333333333,negative,0.3333333333333333
恭维,-0.1111111111111111,negative,0.1111111111111111
恶习,-0.5555555555555556,negative,0.5555555555555556
恶人,-0.7777777777777778,negative,0.7777777777777778
恶作剧,-0.3333333333333333,negative,0.3333333333333333
恶俗,-0.5555555555555556,negative,0.5555555555555556
恶兆,-0.3333333333333333,negative,0.3333333333333333
恶劣,-0.7777777777777778,negative,0.7777777777777778
恶名,-0.5555555555555556,negative,0.5555555555555556
恶声,-0.5555555555555556,negative,0.5555555555555556
恶声恶气,-0.5555555555555556,negative,0.5555555555555556
恶居下流,-0.7777777777777778,negative,0.7777777777777778
恶心,-0.5555555555555556,negative,0.5555555555555556
恶念,-0.7777777777777778,negative,0.7777777777777778
恶性,-0.5555555555555556,negative,0.5555555555555556
恶恶实实,-0.7777777777777778,negative,0.7777777777777778
恶意,-0.7777777777777778,negative,0.7777777777777778
恶感,-0.3333333333333333,negative,0.3333333333333333
恶棍,-1.0,negative,1.0
恶毒,-0.7777777777777778,negative,0.7777777777777778
恶气,-0.1111111111111111,negative,0.1111111111111111
恶浊,-0.7777777777777778,negative,0.7777777777777778
恶浪,-0.7777777777777778,negative,0.7777777777777778
恶湿居下,-0.3333333333333333,negative,0.3333333333333333
恶煞,-0.7777777777777778,negative,0.7777777777777778
恶煞煞,-0.7777777777777778,negative,0.7777777777777778
恶狠狠,-0.7777777777777778,negative,0.7777777777777778
恶疾,-0.5555555555555556,negative,0.5555555555555556
恶直丑正,-0.5555555555555556,negative,0.5555555555555556
恶籍盈指,-1.0,negative,1.0
恶紫夺朱,-0.5555555555555556,negative,0.5555555555555556
恶臭,-0.5555555555555556,negative,0.5555555555555556
恶衣恶食,-0.7777777777777778,negative,0.7777777777777778
恶语,-0.5555555555555556,negative,0.5555555555555556
恶语中伤,-0.5555555555555556,negative,0.5555555555555556
恶贯已盈,-1.0,negative,1.0
恶醉强酒,-0.5555555555555556,negative,0.5555555555555556
恶霸,-0.7777777777777778,negative,0.7777777777777778
恶骂,-0.7777777777777778,negative,0.7777777777777778
恶魔,-0.7777777777777778,negative,0.7777777777777778
恼人,-0.3333333333333333,negative,0.3333333333333333
恼羞变怒,-0.6666666666666666,negative,0.6666666666666666
悍妇,-0.5555555555555556,negative,0.5555555555555556
悍然,-0.5555555555555556,negative,0.5555555555555556
悍然不顾,-0.7777777777777778,negative,0.7777777777777778
悔不当初,-1.0,negative,1.0
悔不该,-0.7777777777777778,negative,0.7777777777777778
悔之不及,-0.5555555555555556,negative,0.5555555555555556
悔过,-0.7777777777777778,negative,0.7777777777777778
悖入悖出,-0.5555555555555556,negative,0.5555555555555556
悖晦,-0.3333333333333333,negative,0.3333333333333333
悖言乱辞,-0.7777777777777778,negative,0.7777777777777778
悖谬,-0.5555555555555556,negative,0.5555555555555556
悖逆,-0.5555555555555556,negative,0.5555555555555556
悠悠荡荡,-0.3333333333333333,negative,0.3333333333333333
悠缪,-1.0,negative,1.0
悠谬,-1.0,negative,1.0
患得患失,-0.1111111111111111,negative,0.1111111111111111
悬崖峭壁,-0.7777777777777778,negative,0.7777777777777778
悬心吊胆,-0.7777777777777778,negative,0.7777777777777778
悬断是非,-0.3333333333333333,negative,0.3333333333333333
悬羊头，卖狗肉,-0.7777777777777778,negative,0.7777777777777778
悬肠挂肚,-0.7777777777777778,negative,0.7777777777777778
悬驼就石,-0.3333333333333333,negative,0.3333333333333333
悭吝,-0.3333333333333333,negative,0.3333333333333333
悱恻,-0.5555555555555556,negative,0.5555555555555556
悲不自胜,-1.0,negative,1.0
悲剧,-0.7777777777777778,negative,0.7777777777777778
悲愁,-0.5555555555555556,negative,0.5555555555555556
悲愤填膺,-0.7777777777777778,negative,0.7777777777777778
悲歌,-0.5555555555555556,negative,0.5555555555555556
悲观主义,-0.7777777777777778,negative,0.7777777777777778
悲观地,-0.3333333333333333,negative,0.3333333333333333
悲观失望,-0.5555555555555556,negative,0.5555555555555556
情凄意切,-0.5555555555555556,negative,0.5555555555555556
情妇,-0.3333333333333333,negative,0.3333333333333333
情怨理遣,-0.5555555555555556,negative,0.5555555555555556
惊弓之鸟,-0.7777777777777778,negative,0.7777777777777778
惊弦之鸟,-0.5555555555555556,negative,0.5555555555555556
惊心丧魄,-0.5555555555555556,negative,0.5555555555555556
惊心吊胆,-0.5555555555555556,negative,0.5555555555555556
惊心夺目,-0.5555555555555556,negative,0.5555555555555556
惊心悼胆,-0.8888888888888888,negative,0.8888888888888888
惊心眩目,-0.5555555555555556,negative,0.5555555555555556
惊心破胆,-0.5555555555555556,negative,0.5555555555555556
惊心裂胆,-0.5555555555555556,negative,0.5555555555555556
惊心褫魄,-0.5555555555555556,negative,0.5555555555555556
惊心骇目,-0.5555555555555556,negative,0.5555555555555556
惊心骇神,-0.5555555555555556,negative,0.5555555555555556
惊惶失措,-0.5555555555555556,negative,0.5555555555555556
惊惶无措,-0.5555555555555556,negative,0.5555555555555556
惊慌失色,-0.5555555555555556,negative,0.5555555555555556
惊慌无措,-0.5555555555555556,negative,0.5555555555555556
惊皇失措,-0.7777777777777778,negative,0.7777777777777778
惊神破胆,-1.0,negative,1.0
惊群动众,-0.5555555555555556,negative,0.5555555555555556
惊肉生髀,-0.5555555555555556,negative,0.5555555555555556
惊魂丧魄,-0.5555555555555556,negative,0.5555555555555556
惊魂动魄,-0.5555555555555556,negative,0.5555555555555556
惊魂夺魄,-0.5555555555555556,negative,0.5555555555555556
惊魂摄魄,-0.5555555555555556,negative,0.5555555555555556
惑乱,-0.5555555555555556,negative,0.5555555555555556
惑人耳目,-0.3333333333333333,negative,0.3333333333333333
惕励,-0.7777777777777778,negative,0.7777777777777778
惘然若失,-0.5555555555555556,negative,0.5555555555555556
惙怛伤悴,-1.0,negative,1.0
惜指失掌,-0.5555555555555556,negative,0.5555555555555556
惟利是命,-1.0,negative,1.0
惟利是图,-0.5555555555555556,negative,0.5555555555555556
惟利是求,-0.7777777777777778,negative,0.7777777777777778
惟利是视,-0.7777777777777778,negative,0.7777777777777778
惟利是趋,-1.0,negative,1.0
惟命是从,-0.7777777777777778,negative,0.7777777777777778
惟命是听,-0.7777777777777778,negative,0.7777777777777778
惟我独尊,-0.7777777777777778,negative,0.7777777777777778
惟所欲为,-1.0,negative,1.0
惟日不足,-1.0,negative,1.0
惟日为岁,-1.0,negative,1.0
惨不忍睹,-0.7777777777777778,negative,0.7777777777777778
惨无人理,-0.5555555555555556,negative,0.5555555555555556
惨无人道,-1.0,negative,1.0
惨无天日,-1.0,negative,1.0
惨杀,-0.7777777777777778,negative,0.7777777777777778
惨毒,-0.7777777777777778,negative,0.7777777777777778
惨痛,-0.7777777777777778,negative,0.7777777777777778
惨绝人寰,-0.4444444444444444,negative,0.4444444444444444
惨重,-0.7777777777777778,negative,0.7777777777777778
惩办,-0.7777777777777778,negative,0.7777777777777778
惩办主义,-0.7777777777777778,negative,0.7777777777777778
惩处,-0.7777777777777778,negative,0.7777777777777778
惩戒,-0.7777777777777778,negative,0.7777777777777778
惩治,-0.7777777777777778,negative,0.7777777777777778
惩罚,-0.5555555555555556,negative,0.5555555555555556
惭凫企鹤,-0.3333333333333333,negative,0.3333333333333333
惭怍,-0.3333333333333333,negative,0.3333333333333333
惯偷,-0.5555555555555556,negative,0.5555555555555556
惯家,-0.3333333333333333,negative,0.3333333333333333
惯愤不平,-1.0,negative,1.0
惯技,-0.5555555555555556,negative,0.5555555555555556
惯犯,-0.7777777777777778,negative,0.7777777777777778
惯窃,-0.5555555555555556,negative,0.5555555555555556
惯纵,-0.5555555555555556,negative,0.5555555555555556
惯贼,-0.5555555555555556,negative,0.5555555555555556
惰性,-0.3333333333333333,negative,0.3333333333333333
想入非非,-0.3333333333333333,negative,0.3333333333333333
想当然,-0.3333333333333333,negative,0.3333333333333333
惴惴,-0.7777777777777778,negative,0.7777777777777778
惶悚,-0.7777777777777778,negative,0.7777777777777778
惶惶,-0.7777777777777778,negative,0.7777777777777778
惶惶然,-0.3333333333333333,negative,0.3333333333333333
惶然,-0.7777777777777778,negative,0.7777777777777778
惶然不安,-0.5555555555555556,negative,0.5555555555555556
惶遽,-0.7777777777777778,negative,0.7777777777777778
惹事招非,-0.7777777777777778,negative,0.7777777777777778
惹事生非,-0.4444444444444444,negative,0.4444444444444444
惹是招非,-0.3333333333333333,negative,0.3333333333333333
惹是生非,-0.7777777777777778,negative,0.7777777777777778
惹是非,-0.5555555555555556,negative,0.5555555555555556
惹祸,-0.3333333333333333,negative,0.3333333333333333
惹祸招愆,-0.5555555555555556,negative,0.5555555555555556
惹祸招殃,-0.5555555555555556,negative,0.5555555555555556
惹祸招灾,-0.5555555555555556,negative,0.5555555555555556
惹草拈花,-0.5555555555555556,negative,0.5555555555555556
惹草沾花,-0.4444444444444444,negative,0.4444444444444444
惺惺作态,-0.7777777777777778,negative,0.7777777777777778
愀然,-0.7777777777777778,negative,0.7777777777777778
愁惨,-0.5555555555555556,negative,0.5555555555555556
愁眉,-0.7777777777777778,negative,0.7777777777777778
愁绪,-0.1111111111111111,negative,0.1111111111111111
愁肠寸断,-1.0,negative,1.0
愆尤,-0.3333333333333333,negative,0.3333333333333333
意在言外,-0.6666666666666666,negative,0.6666666666666666
意懒心灰,-0.3333333333333333,negative,0.3333333333333333
意气洋洋,-0.5555555555555556,negative,0.5555555555555556
意气用事,-0.5555555555555556,negative,0.5555555555555556
意马心猿,-0.5555555555555556,negative,0.5555555555555556
愚不可及,-1.0,negative,1.0
愚傻,-0.5555555555555556,negative,0.5555555555555556
愚儒,-0.5555555555555556,negative,0.5555555555555556
愚味,-0.5555555555555556,negative,0.5555555555555556
愚夫愚妇,-0.5555555555555556,negative,0.5555555555555556
愚夫蠢妇,-0.5555555555555556,negative,0.5555555555555556
愚妄,-0.7777777777777778,negative,0.7777777777777778
愚弄,-0.5555555555555556,negative,0.5555555555555556
愚懦,-0.7777777777777778,negative,0.7777777777777778
愚拙,-0.7777777777777778,negative,0.7777777777777778
愚昧,-0.7777777777777778,negative,0.7777777777777778
愚昧无知,-1.0,negative,1.0
愚暗,-0.5555555555555556,negative,0.5555555555555556
愚民,-0.5555555555555556,negative,0.5555555555555556
愚民政策,-0.5555555555555556,negative,0.5555555555555556
愚氓,-0.5555555555555556,negative,0.5555555555555556
愚痴,-0.5555555555555556,negative,0.5555555555555556
愚直,-0.5555555555555556,negative,0.5555555555555556
愚眉肉眼,-0.5555555555555556,negative,0.5555555555555556
愚笨,-0.7777777777777778,negative,0.7777777777777778
愚蒙,-0.7777777777777778,negative,0.7777777777777778
愚蠢,-0.7777777777777778,negative,0.7777777777777778
愚钝,-0.7777777777777778,negative,0.7777777777777778
愚陋,-0.7777777777777778,negative,0.7777777777777778
愚顽,-0.5555555555555556,negative,0.5555555555555556
愚鲁,-0.7777777777777778,negative,0.7777777777777778
感情用事,-0.7777777777777778,negative,0.7777777777777778
感旧之哀,-0.7777777777777778,negative,0.7777777777777778
愣头儿青,-0.7777777777777778,negative,0.7777777777777778
愣头愣脑,-0.3333333333333333,negative,0.3333333333333333
愤世嫉俗,-0.5555555555555556,negative,0.5555555555555556
愤愤,-0.5555555555555556,negative,0.5555555555555556
愤懑,-0.5555555555555556,negative,0.5555555555555556
愤然作色,-0.5555555555555556,negative,0.5555555555555556
愦乱,-0.5555555555555556,negative,0.5555555555555556
愧痛,-0.5555555555555556,negative,0.5555555555555556
慌不择路,-0.8888888888888888,negative,0.8888888888888888
慌张,-0.3333333333333333,negative,0.3333333333333333
慌恐,-0.5555555555555556,negative,0.5555555555555556
慌慌张张,-0.3333333333333333,negative,0.3333333333333333
慌手慌脚,-0.5555555555555556,negative,0.5555555555555556
慑服,-0.1111111111111111,negative,0.1111111111111111
慢吞吞,-0.3333333333333333,negative,0.3333333333333333
慢慢吞吞,-0.3333333333333333,negative,0.3333333333333333
慢慢悠悠,-0.1111111111111111,negative,0.1111111111111111
慢慢腾腾,-0.3333333333333333,negative,0.3333333333333333
慢腾腾,-0.3333333333333333,negative,0.3333333333333333
慢藏诲盗,-0.5555555555555556,negative,0.5555555555555556
慷慨悲歌,-0.7777777777777778,negative,0.7777777777777778
慷慨激烈,-0.7777777777777778,negative,0.7777777777777778
憋屈,-0.3333333333333333,negative,0.3333333333333333
憋得慌,-0.7777777777777778,negative,0.7777777777777778
憋拗,-1.0,negative,1.0
憋气,-0.3333333333333333,negative,0.3333333333333333
憋着一肚子气,-0.7777777777777778,negative,0.7777777777777778
憋闷,-0.7777777777777778,negative,0.7777777777777778
憎称,-0.7777777777777778,negative,0.7777777777777778
憷场,-0.1111111111111111,negative,0.1111111111111111
憷头,-0.3333333333333333,negative,0.3333333333333333
憾事,-0.1111111111111111,negative,0.1111111111111111
懈劲,-0.5555555555555556,negative,0.5555555555555556
懈弛,-0.5555555555555556,negative,0.5555555555555556
懈怠,-0.5555555555555556,negative,0.5555555555555556
懈气,-0.5555555555555556,negative,0.5555555555555556
懊糟,-0.3333333333333333,negative,0.3333333333333333
懒怠,-0.7777777777777778,negative,0.7777777777777778
懒惰,-0.7777777777777778,negative,0.7777777777777778
懒散,-0.5555555555555556,negative,0.5555555555555556
懒汉,-0.7777777777777778,negative,0.7777777777777778
懒虫,-0.5555555555555556,negative,0.5555555555555556
懦夫,-0.5555555555555556,negative,0.5555555555555556
懦弱,-0.5555555555555556,negative,0.5555555555555556
懵懂,-1.0,negative,1.0
懵懵懂懂,-1.0,negative,1.0
懵里懵懂,-1.0,negative,1.0
戎首,-0.5555555555555556,negative,0.5555555555555556
戏剧化,-1.0,negative,1.0
戏剧性,-1.0,negative,1.0
戏子,-0.5555555555555556,negative,0.5555555555555556
戏弄,-0.7777777777777778,negative,0.7777777777777778
戏耍,-0.3333333333333333,negative,0.3333333333333333
成事不足，败事有余,-1.0,negative,1.0
成心,-0.1111111111111111,negative,0.1111111111111111
成性,-0.5555555555555556,negative,0.5555555555555556
成见,-0.7777777777777778,negative,0.7777777777777778
成败论人,-0.3333333333333333,negative,0.3333333333333333
我吐,-0.5555555555555556,negative,0.5555555555555556
我行我素,-0.5555555555555556,negative,0.5555555555555556
我靠,-0.5555555555555556,negative,0.5555555555555556
戕害,-0.7777777777777778,negative,0.7777777777777778
戕贼,-0.5555555555555556,negative,0.5555555555555556
戕身伐命,-0.5555555555555556,negative,0.5555555555555556
战乱,-0.5555555555555556,negative,0.5555555555555556
战争狂,-0.1111111111111111,negative,0.1111111111111111
战争贩子,-0.3333333333333333,negative,0.3333333333333333
战祸,-0.5555555555555556,negative,0.5555555555555556
戛釜撞甕,-0.5555555555555556,negative,0.5555555555555556
戟指怒目,-0.7777777777777778,negative,0.7777777777777778
截胫剖心,-0.5555555555555556,negative,0.5555555555555556
截趾適履,-0.5555555555555556,negative,0.5555555555555556
截鹤续凫,-0.5555555555555556,negative,0.5555555555555556
戳脊梁骨,-0.5555555555555556,negative,0.5555555555555556
戴盆望天,-0.3333333333333333,negative,0.3333333333333333
戴高帽兒,-0.5555555555555556,negative,0.5555555555555556
戴高帽子,-0.5555555555555556,negative,0.5555555555555556
户天胡帝,-0.7777777777777778,negative,0.7777777777777778
所费不赀,-0.7777777777777778,negative,0.7777777777777778
扁平足,-0.3333333333333333,negative,0.3333333333333333
扁桃体炎,-0.5555555555555556,negative,0.5555555555555556
扇动,-0.5555555555555556,negative,0.5555555555555556
扇风点火,-0.5555555555555556,negative,0.5555555555555556
手不应心,-0.5555555555555556,negative,0.5555555555555556
手忙脚乱,-1.0,negative,1.0
手无缚鸡之力,-1.0,negative,1.0
手段,-0.1111111111111111,negative,0.1111111111111111
手泽之遗,-0.7777777777777778,negative,0.7777777777777778
手眼通天,-0.5555555555555556,negative,0.5555555555555556
手脚不干净,-1.0,negative,1.0
手脚无措,-0.5555555555555556,negative,0.5555555555555556
手足无措,-0.5555555555555556,negative,0.5555555555555556
手足重茧,-0.5555555555555556,negative,0.5555555555555556
手重,-0.5555555555555556,negative,0.5555555555555556
手高眼低,-0.5555555555555556,negative,0.5555555555555556
手黑,-0.7777777777777778,negative,0.7777777777777778
才疏学浅,-0.7777777777777778,negative,0.7777777777777778
才疏意广,-0.3333333333333333,negative,0.3333333333333333
才高运蹇,-0.5555555555555556,negative,0.5555555555555556
扎眼,-0.5555555555555556,negative,0.5555555555555556
扑杀此獠,-0.8888888888888888,negative,0.8888888888888888
扒手,-0.7777777777777778,negative,0.7777777777777778
扒皮,-0.3333333333333333,negative,0.3333333333333333
扒窃,-0.7777777777777778,negative,0.7777777777777778
扒高踩低,-0.5555555555555556,negative,0.5555555555555556
打击,-0.5555555555555556,negative,0.5555555555555556
打击报复,-0.7777777777777778,negative,0.7777777777777778
打家劫舍,-0.5555555555555556,negative,0.5555555555555556
打家截舍,-0.5555555555555556,negative,0.5555555555555556
打家截道,-0.5555555555555556,negative,0.5555555555555556
打小算盘,-0.3333333333333333,negative,0.3333333333333333
打岔,-0.3333333333333333,negative,0.3333333333333333
打情骂俏,-0.3333333333333333,negative,0.3333333333333333
打手,-0.3333333333333333,negative,0.3333333333333333
打扰,-0.5555555555555556,negative,0.5555555555555556
打掉牙往肚子里吞－有苦显不出来,-0.7777777777777778,negative,0.7777777777777778
打掩护,-0.3333333333333333,negative,0.3333333333333333
打死老虎,-0.7777777777777778,negative,0.7777777777777778
打死虎,-0.7777777777777778,negative,0.7777777777777778
打破,-0.5555555555555556,negative,0.5555555555555556
打破醋坛子,-0.5555555555555556,negative,0.5555555555555556
打群架,-0.7777777777777778,negative,0.7777777777777778
打肿脸充胖子,-0.3333333333333333,negative,0.3333333333333333
打草惊蛇,-0.5555555555555556,negative,0.5555555555555556
打落水狗,-0.7777777777777778,negative,0.7777777777777778
打蔫儿,-0.1111111111111111,negative,0.1111111111111111
打谎,-0.3333333333333333,negative,0.3333333333333333
打躬作揖,-0.1111111111111111,negative,0.1111111111111111
打退堂鼓,-0.3333333333333333,negative,0.3333333333333333
打马虎眼,-0.3333333333333333,negative,0.3333333333333333
打骂,-0.5555555555555556,negative,0.5555555555555556
打鸡骂狗,-0.5555555555555556,negative,0.5555555555555556
托庇,-0.5555555555555556,negative,0.5555555555555556
托故,-0.5555555555555556,negative,0.5555555555555556
托派,-0.5555555555555556,negative,0.5555555555555556
托病,-0.5555555555555556,negative,0.5555555555555556
托福,-0.5555555555555556,negative,0.5555555555555556
托陈取消派,-0.5555555555555556,negative,0.5555555555555556
托马斯主义,-0.5555555555555556,negative,0.5555555555555556
扣壶长吟,-0.7777777777777778,negative,0.7777777777777778
扣帽子,-0.3333333333333333,negative,0.3333333333333333
扣槃扪烛,-0.5555555555555556,negative,0.5555555555555556
扣盘扪烛,-0.5555555555555556,negative,0.5555555555555556
执傲,-0.5555555555555556,negative,0.5555555555555556
执性,-0.5555555555555556,negative,0.5555555555555556
执拗,-0.3333333333333333,negative,0.3333333333333333
执文害意,-0.5555555555555556,negative,0.5555555555555556
执而不化,-0.7777777777777778,negative,0.7777777777777778
执迷不反,-0.5555555555555556,negative,0.5555555555555556
执迷不返,-0.5555555555555556,negative,0.5555555555555556
执迷不醒,-0.5555555555555556,negative,0.5555555555555556
扩张,-0.1111111111111111,negative,0.1111111111111111
扪参历井,-0.7777777777777778,negative,0.7777777777777778
扫兴,-0.1111111111111111,negative,0.1111111111111111
扫地出门,-0.5555555555555556,negative,0.5555555555555556
扫墓,-0.5555555555555556,negative,0.5555555555555556
扫帚星,-0.5555555555555556,negative,0.5555555555555556
扫灭,-0.5555555555555556,negative,0.5555555555555556
扫荡,-0.7777777777777778,negative,0.7777777777777778
扬扬得意,-0.1111111111111111,negative,0.1111111111111111
扬扬自得,-0.1111111111111111,negative,0.1111111111111111
扬玲打鼓,-0.3333333333333333,negative,0.3333333333333333
扬言,-0.5555555555555556,negative,0.5555555555555556
扬长而去,-0.3333333333333333,negative,0.3333333333333333
扭曲,-0.7777777777777778,negative,0.7777777777777778
扯后腿,-0.7777777777777778,negative,0.7777777777777778
扯淡,-0.3333333333333333,negative,0.3333333333333333
扯白,-0.3333333333333333,negative,0.3333333333333333
扯皮,-0.3333333333333333,negative,0.3333333333333333
扯腿,-0.3333333333333333,negative,0.3333333333333333
扯臊,-0.3333333333333333,negative,0.3333333333333333
扯谎,-0.3333333333333333,negative,0.3333333333333333
扰乱,-0.4444444444444444,negative,0.4444444444444444
扰民,-0.3333333333333333,negative,0.3333333333333333
扶东倒西,-0.5555555555555556,negative,0.5555555555555556
扶墙摸壁,-0.5555555555555556,negative,0.5555555555555556
批缪,-0.3333333333333333,negative,0.3333333333333333
批评,-0.5555555555555556,negative,0.5555555555555556
扼杀,-0.5555555555555556,negative,0.5555555555555556
找事,-0.5555555555555556,negative,0.5555555555555556
承颜候色,-0.5555555555555556,negative,0.5555555555555556
抄家,-0.7777777777777778,negative,0.7777777777777778
抄用,-0.5555555555555556,negative,0.5555555555555556
抄袭,-0.5555555555555556,negative,0.5555555555555556
抉瑕摘釁,-0.7777777777777778,negative,0.7777777777777778
抉目东门,-0.7777777777777778,negative,0.7777777777777778
抉目吴门,-0.7777777777777778,negative,0.7777777777777778
抉目悬门,-0.7777777777777778,negative,0.7777777777777778
抉目胥门,-0.7777777777777778,negative,0.7777777777777778
把头,-0.5555555555555556,negative,0.5555555555555556
把戏,-0.5555555555555556,negative,0.5555555555555556
把持,-0.3333333333333333,negative,0.3333333333333333
抑郁不平,-0.3333333333333333,negative,0.3333333333333333
抓乖卖俏,-0.7777777777777778,negative,0.7777777777777778
抓乖弄俏,-0.7777777777777778,negative,0.7777777777777778
抓瞎,-0.5555555555555556,negative,0.5555555555555556
抓破脸,-0.5555555555555556,negative,0.5555555555555556
抓破脸子,-0.5555555555555556,negative,0.5555555555555556
抓破脸皮,-0.5555555555555556,negative,0.5555555555555556
抓破面皮,-0.5555555555555556,negative,0.5555555555555556
抓茬儿,-0.7777777777777778,negative,0.7777777777777778
抓辫子,-0.5555555555555556,negative,0.5555555555555556
投井下石,-0.5555555555555556,negative,0.5555555555555556
投其所好,-0.3333333333333333,negative,0.3333333333333333
投卵击石,-1.0,negative,1.0
投敌,-0.7777777777777778,negative,0.7777777777777778
投机主义,-0.5555555555555556,negative,0.5555555555555556
投机倒把,-0.7777777777777778,negative,0.7777777777777778
投机取巧,-0.5555555555555556,negative,0.5555555555555556
投畀豺虎,-1.0,negative,1.0
投石下井,-0.7777777777777778,negative,0.7777777777777778
投石下并,-0.7777777777777778,negative,0.7777777777777778
投章摘句,-0.5555555555555556,negative,0.5555555555555556
投膏止火,-0.7777777777777778,negative,0.7777777777777778
投间抵隙,-0.7777777777777778,negative,0.7777777777777778
投阱下石,-0.7777777777777778,negative,0.7777777777777778
投隙抵巇,-0.7777777777777778,negative,0.7777777777777778
投隙抵罅,-0.7777777777777778,negative,0.7777777777777778
投鼠之忌,-0.7777777777777778,negative,0.7777777777777778
投鼠忌器,-0.1111111111111111,negative,0.1111111111111111
抖搂,-0.5555555555555556,negative,0.5555555555555556
抗尘走俗,-0.7777777777777778,negative,0.7777777777777778
抗议,-0.5555555555555556,negative,0.5555555555555556
折戟沉沙,-0.7777777777777778,negative,0.7777777777777778
折本,-0.5555555555555556,negative,0.5555555555555556
折磨,-0.5555555555555556,negative,0.5555555555555556
折足覆餗,-0.5555555555555556,negative,0.5555555555555556
折辱,-0.5555555555555556,negative,0.5555555555555556
抚心自问,-0.7777777777777778,negative,0.7777777777777778
抚髀兴叹,-0.3333333333333333,negative,0.3333333333333333
抛头露面,-0.5555555555555556,negative,0.5555555555555556
抛头露面　,-0.5555555555555556,negative,0.5555555555555556
抛弃,-0.7777777777777778,negative,0.7777777777777778
抛脸,-0.6666666666666666,negative,0.6666666666666666
抛荒,-0.3333333333333333,negative,0.3333333333333333
抛费,-0.3333333333333333,negative,0.3333333333333333
抟沙嚼蜡,-0.7777777777777778,negative,0.7777777777777778
抟空捕影,-0.7777777777777778,negative,0.7777777777777778
抟香弄粉,-0.7777777777777778,negative,0.7777777777777778
抠唆,-0.7777777777777778,negative,0.7777777777777778
抠字眼儿,-0.5555555555555556,negative,0.5555555555555556
抠心挖血,-0.3333333333333333,negative,0.3333333333333333
抠搜,-0.5555555555555556,negative,0.5555555555555556
抠门儿,-0.5555555555555556,negative,0.5555555555555556
抢亲,-0.7777777777777778,negative,0.7777777777777778
抢劫,-0.5555555555555556,negative,0.5555555555555556
抢地呼天,-1.0,negative,1.0
抢夺,-0.7777777777777778,negative,0.7777777777777778
抢掠,-0.5555555555555556,negative,0.5555555555555556
抢白,-0.5555555555555556,negative,0.5555555555555556
护短,-0.3333333333333333,negative,0.3333333333333333
报丧,-1.0,negative,1.0
报仇,-1.0,negative,1.0
报仇雪恨,-0.7777777777777778,negative,0.7777777777777778
报复,-0.3333333333333333,negative,0.3333333333333333
报复主义,-0.7777777777777778,negative,0.7777777777777778
报应,-0.7777777777777778,negative,0.7777777777777778
报废,-0.7777777777777778,negative,0.7777777777777778
披头散发,-0.5555555555555556,negative,0.5555555555555556
披枷带锁,-0.5555555555555556,negative,0.5555555555555556
披毛求瑕,-0.1111111111111111,negative,0.1111111111111111
披毛求疵,-0.1111111111111111,negative,0.1111111111111111
披毛索厣,-0.7777777777777778,negative,0.7777777777777778
披毛索黡,-0.5555555555555556,negative,0.5555555555555556
披靡,-0.3333333333333333,negative,0.3333333333333333
披麻救火,-0.1111111111111111,negative,0.1111111111111111
抬杠,-0.5555555555555556,negative,0.5555555555555556
抱令守律,-0.5555555555555556,negative,0.5555555555555556
抱佛脚,-0.5555555555555556,negative,0.5555555555555556
抱头鼠窜,-0.1111111111111111,negative,0.1111111111111111
抱怨,-1.0,negative,1.0
抱恨终生,-1.0,negative,1.0
抱憾终身,-1.0,negative,1.0
抱残守缺,-0.5555555555555556,negative,0.5555555555555556
抱残守阙,-0.5555555555555556,negative,0.5555555555555556
抱火卧薪,-0.5555555555555556,negative,0.5555555555555556
抱瓮出灌,-0.5555555555555556,negative,0.5555555555555556
抱疚,-0.3333333333333333,negative,0.3333333333333333
抱病,-0.7777777777777778,negative,0.7777777777777778
抱粗腿,-0.7777777777777778,negative,0.7777777777777778
抱蔓摘瓜,-0.5555555555555556,negative,0.5555555555555556
抱薪救火,-0.5555555555555556,negative,0.5555555555555556
抱薪救焚,-0.5555555555555556,negative,0.5555555555555556
抵制,-0.3333333333333333,negative,0.3333333333333333
抵命,-1.0,negative,1.0
抵排,-0.5555555555555556,negative,0.5555555555555556
抵罪,-0.5555555555555556,negative,0.5555555555555556
抵触,-0.3333333333333333,negative,0.3333333333333333
抵赖,-0.3333333333333333,negative,0.3333333333333333
抹杀,-0.5555555555555556,negative,0.5555555555555556
抽抽儿,-0.1111111111111111,negative,0.1111111111111111
抽风,-0.5555555555555556,negative,0.5555555555555556
拂意,-0.3333333333333333,negative,0.3333333333333333
拂逆,-0.3333333333333333,negative,0.3333333333333333
担雪塞井,-0.5555555555555556,negative,0.5555555555555556
担雪填井,-0.5555555555555556,negative,0.5555555555555556
担雪填河,-0.5555555555555556,negative,0.5555555555555556
拆东墙补西墙,-0.5555555555555556,negative,0.5555555555555556
拆东补西,-0.5555555555555556,negative,0.5555555555555556
拆台,-0.5555555555555556,negative,0.5555555555555556
拆散,-0.3333333333333333,negative,0.3333333333333333
拆烂污,-0.1111111111111111,negative,0.1111111111111111
拈斤播两,-0.3333333333333333,negative,0.3333333333333333
拈轻怕重,-0.3333333333333333,negative,0.3333333333333333
拈酸吃醋,-0.5555555555555556,negative,0.5555555555555556
拈酸泼醋,-0.5555555555555556,negative,0.5555555555555556
拉三扯四,-0.5555555555555556,negative,0.5555555555555556
拉下脸来,-0.3333333333333333,negative,0.3333333333333333
拉交情,-0.5555555555555556,negative,0.5555555555555556
拉关系,-0.1111111111111111,negative,0.1111111111111111
拉后腿,-0.5555555555555556,negative,0.5555555555555556
拉大旗作虎皮,-0.5555555555555556,negative,0.5555555555555556
拉帮结派,-0.3333333333333333,negative,0.3333333333333333
拉拉扯扯,-0.3333333333333333,negative,0.3333333333333333
拉拉杂杂,-0.3333333333333333,negative,0.3333333333333333
拉杂,-0.3333333333333333,negative,0.3333333333333333
拉近乎,-0.5555555555555556,negative,0.5555555555555556
拉饥荒,-0.3333333333333333,negative,0.3333333333333333
拌嘴,-0.3333333333333333,negative,0.3333333333333333
拍马,-0.5555555555555556,negative,0.5555555555555556
拍马屁,-0.7777777777777778,negative,0.7777777777777778
拍马溜须,-0.5555555555555556,negative,0.5555555555555556
拐卖,-0.5555555555555556,negative,0.5555555555555556
拐子,-0.5555555555555556,negative,0.5555555555555556
拐带,-0.5555555555555556,negative,0.5555555555555556
拐弯抹角,-0.3333333333333333,negative,0.3333333333333333
拒人于千里之外,-0.7777777777777778,negative,0.7777777777777778
拒人千里,-0.7777777777777778,negative,0.7777777777777778
拒虎进狼,-0.5555555555555556,negative,0.5555555555555556
拒谏饰非,-1.0,negative,1.0
拔了萝卜地皮宽,-0.5555555555555556,negative,0.5555555555555556
拔本塞源,-0.3333333333333333,negative,0.3333333333333333
拔苗助长,-0.5555555555555556,negative,0.5555555555555556
拔葵去织,-0.7777777777777778,negative,0.7777777777777778
拔葵啖枣,-0.5555555555555556,negative,0.5555555555555556
拖人下水,-0.5555555555555556,negative,0.5555555555555556
拖后腿,-0.7777777777777778,negative,0.7777777777777778
拖延,-0.5555555555555556,negative,0.5555555555555556
拖拉,-0.3333333333333333,negative,0.3333333333333333
拖欠,-0.5555555555555556,negative,0.5555555555555556
拖泥带水,-0.5555555555555556,negative,0.5555555555555556
拖累,-0.5555555555555556,negative,0.5555555555555556
拗口,-0.1111111111111111,negative,0.1111111111111111
拘囿,-0.1111111111111111,negative,0.1111111111111111
拘执,-0.1111111111111111,negative,0.1111111111111111
拘挛补衲,-0.5555555555555556,negative,0.5555555555555556
拘文牵义,-0.5555555555555556,negative,0.5555555555555556
拘板,-0.3333333333333333,negative,0.3333333333333333
拘泥,-0.3333333333333333,negative,0.3333333333333333
拘牵,-0.1111111111111111,negative,0.1111111111111111
拘礼,-0.3333333333333333,negative,0.3333333333333333
拙劣,-0.3333333333333333,negative,0.3333333333333333
拙口笨腮,-0.3333333333333333,negative,0.3333333333333333
拙口钝腮,-0.5555555555555556,negative,0.5555555555555556
拙嘴笨腮,-0.5555555555555556,negative,0.5555555555555556
拙嘴笨舌,-0.5555555555555556,negative,0.5555555555555556
拙涩,-0.3333333333333333,negative,0.3333333333333333
拙笨,-0.5555555555555556,negative,0.5555555555555556
招事惹非,-0.5555555555555556,negative,0.5555555555555556
招摇,-0.7777777777777778,negative,0.7777777777777778
招摇撞骗,-0.7777777777777778,negative,0.7777777777777778
招摇过市,-0.7777777777777778,negative,0.7777777777777778
招是惹非,-0.5555555555555556,negative,0.5555555555555556
招是揽非,-0.5555555555555556,negative,0.5555555555555556
招是搬非,-0.5555555555555556,negative,0.5555555555555556
招是生非,-0.5555555555555556,negative,0.5555555555555556
招权纳贿,-0.5555555555555556,negative,0.5555555555555556
招权纳赂,-0.5555555555555556,negative,0.5555555555555556
招权纳赇,-0.7777777777777778,negative,0.7777777777777778
招灾,-0.5555555555555556,negative,0.5555555555555556
招致不幸,-1.0,negative,1.0
招花惹草,-0.5555555555555556,negative,0.5555555555555556
招降纳叛,-0.5555555555555556,negative,0.5555555555555556
招风,-0.3333333333333333,negative,0.3333333333333333
招风惹草,-0.5555555555555556,negative,0.5555555555555556
招风惹雨,-0.5555555555555556,negative,0.5555555555555556
招风揽火,-0.5555555555555556,negative,0.5555555555555556
拜忏,-0.3333333333333333,negative,0.3333333333333333
拜物教,-0.5555555555555556,negative,0.5555555555555556
拜赐之师,-0.5555555555555556,negative,0.5555555555555556
拜金,-0.5555555555555556,negative,0.5555555555555556
拣佛烧香,-1.0,negative,1.0
拣精拣肥,-0.7777777777777778,negative,0.7777777777777778
拥挤,-0.3333333333333333,negative,0.3333333333333333
拥挤不堪,-0.7777777777777778,negative,0.7777777777777778
拥篲救火,-0.5555555555555556,negative,0.5555555555555556
拨弄,-0.5555555555555556,negative,0.5555555555555556
拮据,-1.0,negative,1.0
拱手听命,-0.5555555555555556,negative,0.5555555555555556
拱手让人,-0.5555555555555556,negative,0.5555555555555556
拳打脚踢,-0.7777777777777778,negative,0.7777777777777778
拶指,-0.7777777777777778,negative,0.7777777777777778
拾人唾余,-0.5555555555555556,negative,0.5555555555555556
拾人唾涕,-0.5555555555555556,negative,0.5555555555555556
拾人涕唾,-0.5555555555555556,negative,0.5555555555555556
拾人牙慧,-0.5555555555555556,negative,0.5555555555555556
拾陈蹈故,-0.5555555555555556,negative,0.5555555555555556
拿三搬四,-0.6666666666666666,negative,0.6666666666666666
拿乔,-0.5555555555555556,negative,0.5555555555555556
拿人,-0.5555555555555556,negative,0.5555555555555556
拿大,-0.5555555555555556,negative,0.5555555555555556
拿架子,-0.5555555555555556,negative,0.5555555555555556
拿班作势,-0.6666666666666666,negative,0.6666666666666666
拿班做势,-0.6666666666666666,negative,0.6666666666666666
拿粗挟细,-0.6666666666666666,negative,0.6666666666666666
拿糖作醋,-0.5555555555555556,negative,0.5555555555555556
拿腔作势,-0.7777777777777778,negative,0.7777777777777778
拿腔作调,-0.6666666666666666,negative,0.6666666666666666
拿腔做势,-0.5555555555555556,negative,0.5555555555555556
拿腔拿调,-0.7777777777777778,negative,0.7777777777777778
挂一漏万,-0.1111111111111111,negative,0.1111111111111111
挂名,-0.1111111111111111,negative,0.1111111111111111
挂羊头卖狗肉,-0.7777777777777778,negative,0.7777777777777778
挂羊头，卖狗肉,-0.5555555555555556,negative,0.5555555555555556
指东划西,-0.5555555555555556,negative,0.5555555555555556
指东画西,-0.3333333333333333,negative,0.3333333333333333
指东话西,-0.5555555555555556,negative,0.5555555555555556
指东说西,-0.5555555555555556,negative,0.5555555555555556
指亲托故,-0.5555555555555556,negative,0.5555555555555556
指使,-0.5555555555555556,negative,0.5555555555555556
指天画他,-0.7777777777777778,negative,0.7777777777777778
指山卖磨,-0.5555555555555556,negative,0.5555555555555556
指山说磨,-0.5555555555555556,negative,0.5555555555555556
指手划脚,-0.5555555555555556,negative,0.5555555555555556
指手画脚,-0.3333333333333333,negative,0.3333333333333333
指斥,-0.5555555555555556,negative,0.5555555555555556
指李推张,-0.5555555555555556,negative,0.5555555555555556
指桑骂槐,-0.7777777777777778,negative,0.7777777777777778
指桑骂槐 ,-0.5555555555555556,negative,0.5555555555555556
指瑕造隙,-0.5555555555555556,negative,0.5555555555555556
指皁为白,-0.5555555555555556,negative,0.5555555555555556
指责,-0.5555555555555556,negative,0.5555555555555556
指雁为羹,-0.5555555555555556,negative,0.5555555555555556
指鹿为马,-0.5555555555555556,negative,0.5555555555555556
指鹿作马,-0.5555555555555556,negative,0.5555555555555556
挈瓶之知,-0.5555555555555556,negative,0.5555555555555556
按图所骏,-0.3333333333333333,negative,0.3333333333333333
按图索骥,-0.5555555555555556,negative,0.5555555555555556
按部就班,-0.3333333333333333,negative,0.3333333333333333
挑三拣四,-0.5555555555555556,negative,0.5555555555555556
挑三拨四,-0.7777777777777778,negative,0.7777777777777778
挑三检四,-0.5555555555555556,negative,0.5555555555555556
挑三豁四,-0.7777777777777778,negative,0.7777777777777778
挑么挑六,-0.7777777777777778,negative,0.7777777777777778
挑刺儿,-0.5555555555555556,negative,0.5555555555555556
挑剔,-0.5555555555555556,negative,0.5555555555555556
挑动,-0.7777777777777778,negative,0.7777777777777778
挑唆,-0.5555555555555556,negative,0.5555555555555556
挑字眼儿,-0.5555555555555556,negative,0.5555555555555556
挑弄,-0.7777777777777778,negative,0.7777777777777778
挑拨,-0.5555555555555556,negative,0.5555555555555556
挑拨离间,-0.5555555555555556,negative,0.5555555555555556
挑毛拣刺,-0.3333333333333333,negative,0.3333333333333333
挑牙料脣,-0.7777777777777778,negative,0.7777777777777778
挑眼,-0.3333333333333333,negative,0.3333333333333333
挑精拣肥,-0.5555555555555556,negative,0.5555555555555556
挑肥拣瘦,-0.5555555555555556,negative,0.5555555555555556
挑脣料嘴,-0.7777777777777778,negative,0.7777777777777778
挑茶斡刺,-0.7777777777777778,negative,0.7777777777777778
挑衅,-0.5555555555555556,negative,0.5555555555555556
挑食,-0.3333333333333333,negative,0.3333333333333333
挖墙脚,-0.5555555555555556,negative,0.5555555555555556
挖空心思,-0.1111111111111111,negative,0.1111111111111111
挖耳当招,-1.0,negative,1.0
挖肉补疮,-1.0,negative,1.0
挖苦,-0.1111111111111111,negative,0.1111111111111111
挟冰求温,-0.5555555555555556,negative,0.5555555555555556
挟制,-0.7777777777777778,negative,0.7777777777777778
挟势弄权,-0.5555555555555556,negative,0.5555555555555556
挟天子以令诸侯,-1.0,negative,1.0
挟持,-0.7777777777777778,negative,0.7777777777777778
挟权倚势,-0.5555555555555556,negative,0.5555555555555556
挟细拿粗,-0.5555555555555556,negative,0.5555555555555556
挟长挟贵,-0.5555555555555556,negative,0.5555555555555556
挠腮撧耳,-0.6666666666666666,negative,0.6666666666666666
挢抂过正,-0.5555555555555556,negative,0.5555555555555556
挢揉造作,-0.5555555555555556,negative,0.5555555555555556
挤占,-0.3333333333333333,negative,0.3333333333333333
挤对,-0.3333333333333333,negative,0.3333333333333333
挤眉弄眼,-0.3333333333333333,negative,0.3333333333333333
挤轧,-0.5555555555555556,negative,0.5555555555555556
挥金如土,-1.0,negative,1.0
挥霍,-0.5555555555555556,negative,0.5555555555555556
挥霍无度,-1.0,negative,1.0
挪用,-0.1111111111111111,negative,0.1111111111111111
振振有词,-0.5555555555555556,negative,0.5555555555555556
挹斗扬箕,-0.7777777777777778,negative,0.7777777777777778
挺胸凸肚,-0.7777777777777778,negative,0.7777777777777778
捅娄子,-0.7777777777777778,negative,0.7777777777777778
捉奸,-0.7777777777777778,negative,0.7777777777777778
捉弄,-0.5555555555555556,negative,0.5555555555555556
捉影捕风,-0.5555555555555556,negative,0.5555555555555556
捉摸不定,-1.0,negative,1.0
捉班做势,-0.5555555555555556,negative,0.5555555555555556
捉生替死,-0.7777777777777778,negative,0.7777777777777778
捉衿肘见,-0.7777777777777778,negative,0.7777777777777778
捉衿见肘,-0.7777777777777778,negative,0.7777777777777778
捉衿露肘,-0.7777777777777778,negative,0.7777777777777778
捉襟肘见,-0.7777777777777778,negative,0.7777777777777778
捉襟见肘,-0.7777777777777778,negative,0.7777777777777778
捉襟露肘,-0.7777777777777778,negative,0.7777777777777778
捉风捕影,-0.5555555555555556,negative,0.5555555555555556
捉风捕月,-0.5555555555555556,negative,0.5555555555555556
捉鸡骂狗,-0.5555555555555556,negative,0.5555555555555556
捏弄,-0.5555555555555556,negative,0.5555555555555556
捏造,-0.3333333333333333,negative,0.3333333333333333
捐本逐末,-0.3333333333333333,negative,0.3333333333333333
捐残去杀,-0.5555555555555556,negative,0.5555555555555556
捕影系风,-0.5555555555555556,negative,0.5555555555555556
捕风捉影,-0.3333333333333333,negative,0.3333333333333333
捞取,-0.5555555555555556,negative,0.5555555555555556
捞摸,-0.5555555555555556,negative,0.5555555555555556
损上益下,-1.0,negative,1.0
损之又损,-1.0,negative,1.0
损人,-0.5555555555555556,negative,0.5555555555555556
损人利己,-0.7777777777777778,negative,0.7777777777777778
损人利已,-1.0,negative,1.0
损人害己,-0.7777777777777778,negative,0.7777777777777778
损人益己,-0.7777777777777778,negative,0.7777777777777778
损人肥己,-1.0,negative,1.0
损伤,-0.5555555555555556,negative,0.5555555555555556
损公肥私,-0.7777777777777778,negative,0.7777777777777778
损兵折将,-0.3333333333333333,negative,0.3333333333333333
损害,-0.5555555555555556,negative,0.5555555555555556
损毁,-0.5555555555555556,negative,0.5555555555555556
换汤不换药,-0.5555555555555556,negative,0.5555555555555556
捣乱,-0.5555555555555556,negative,0.5555555555555556
捣毁,-0.5555555555555556,negative,0.5555555555555556
捣蛋,-0.5555555555555556,negative,0.5555555555555556
捣鬼,-0.3333333333333333,negative,0.3333333333333333
捧场,-0.6666666666666666,negative,0.6666666666666666
捧头鼠窜,-0.7777777777777778,negative,0.7777777777777778
捩手覆羹,-1.0,negative,1.0
据为己有,-0.5555555555555556,negative,0.5555555555555556
据义履方,-0.5555555555555556,negative,0.5555555555555556
据图刎首,-0.5555555555555556,negative,0.5555555555555556
据高临下,-0.5555555555555556,negative,0.5555555555555556
捰袖揎拳,-0.5555555555555556,negative,0.5555555555555556
掇弄,-0.3333333333333333,negative,0.3333333333333333
掇臀捧屁,-0.5555555555555556,negative,0.5555555555555556
授人以柄,-0.5555555555555556,negative,0.5555555555555556
授人口实,-0.5555555555555556,negative,0.5555555555555556
授柄於人,-0.5555555555555556,negative,0.5555555555555556
掉三寸舌,-0.6666666666666666,negative,0.6666666666666666
掉书袋,-0.3333333333333333,negative,0.3333333333333333
掉以轻心,-0.5555555555555556,negative,0.5555555555555556
掉价,-0.3333333333333333,negative,0.3333333333333333
掉舌,-0.3333333333333333,negative,0.3333333333333333
掉队,-0.3333333333333333,negative,0.3333333333333333
掉魂,-0.7777777777777778,negative,0.7777777777777778
掐尖落钞,-0.5555555555555556,negative,0.5555555555555556
排场,-0.3333333333333333,negative,0.3333333333333333
排挤,-0.5555555555555556,negative,0.5555555555555556
排斥异己,-0.7777777777777778,negative,0.7777777777777778
掠取,-0.1111111111111111,negative,0.1111111111111111
掠夺,-0.7777777777777778,negative,0.7777777777777778
掠影浮光,-0.5555555555555556,negative,0.5555555555555556
探囊胠箧,-0.5555555555555556,negative,0.5555555555555556
探头探脑,-0.3333333333333333,negative,0.3333333333333333
探头缩脑,-0.3333333333333333,negative,0.3333333333333333
掣肘,-0.5555555555555556,negative,0.5555555555555556
推三推四,-0.7777777777777778,negative,0.7777777777777778
推三阻四,-0.5555555555555556,negative,0.5555555555555556
推东主西,-0.7777777777777778,negative,0.7777777777777778
推卸,-0.5555555555555556,negative,0.5555555555555556
推天抢地,-0.5555555555555556,negative,0.5555555555555556
推委,-0.5555555555555556,negative,0.5555555555555556
推延,-0.5555555555555556,negative,0.5555555555555556
推枯折腐,-1.0,negative,1.0
推波作浪,-0.5555555555555556,negative,0.5555555555555556
推波助澜,-0.3333333333333333,negative,0.3333333333333333
推聋作哑,-0.7777777777777778,negative,0.7777777777777778
推聋妆哑,-0.7777777777777778,negative,0.7777777777777778
推谢,-0.5555555555555556,negative,0.5555555555555556
掩人耳目,-0.3333333333333333,negative,0.3333333333333333
掩目捕雀,-0.3333333333333333,negative,0.3333333333333333
掩眼捕雀,-0.7777777777777778,negative,0.7777777777777778
掩耳偷铃,-0.7777777777777778,negative,0.7777777777777778
掩耳盗钟,-0.7777777777777778,negative,0.7777777777777778
掩耳盗铃,-0.3333333333333333,negative,0.3333333333333333
掩耳盗锺,-0.7777777777777778,negative,0.7777777777777778
掩饰,-0.5555555555555556,negative,0.5555555555555556
掩鼻而过,-0.3333333333333333,negative,0.3333333333333333
措大,-0.1111111111111111,negative,0.1111111111111111
措心积虑,-0.7777777777777778,negative,0.7777777777777778
掳掠,-0.5555555555555556,negative,0.5555555555555556
掷鼠忌器,-0.7777777777777778,negative,0.7777777777777778
掺和,-0.3333333333333333,negative,0.3333333333333333
揉磨,-0.3333333333333333,negative,0.3333333333333333
揎拳捋袖,-1.0,negative,1.0
插嘴,-0.7777777777777778,negative,0.7777777777777778
插翅难飞,-0.5555555555555556,negative,0.5555555555555556
插脚,-0.7777777777777778,negative,0.7777777777777778
插足,-0.3333333333333333,negative,0.3333333333333333
揠苗助长,-0.5555555555555556,negative,0.5555555555555556
握拳透掌,-1.0,negative,1.0
握拳透爪,-1.0,negative,1.0
握风捕影,-0.7777777777777778,negative,0.7777777777777778
揩油,-0.5555555555555556,negative,0.5555555555555556
揭箧担囊,-0.5555555555555556,negative,0.5555555555555556
揭箧探囊,-0.5555555555555556,negative,0.5555555555555556
揶揄,-0.3333333333333333,negative,0.3333333333333333
搀假,-0.5555555555555556,negative,0.5555555555555556
搀兑,-0.7777777777777778,negative,0.7777777777777778
搀和,-0.7777777777777778,negative,0.7777777777777778
搀杂,-0.7777777777777778,negative,0.7777777777777778
搀行夺市,-0.5555555555555556,negative,0.5555555555555556
搅和,-0.7777777777777778,negative,0.7777777777777778
搅局,-0.3333333333333333,negative,0.3333333333333333
搏斗,-0.5555555555555556,negative,0.5555555555555556
搓手顿足,-0.5555555555555556,negative,0.5555555555555556
搔头弄姿,-0.5555555555555556,negative,0.5555555555555556
搔首弄姿,-0.3333333333333333,negative,0.3333333333333333
搜刮,-0.5555555555555556,negative,0.5555555555555556
搜根剔齿,-0.7777777777777778,negative,0.7777777777777778
搜章擿句,-0.5555555555555556,negative,0.5555555555555556
搜肠刮肚,-0.3333333333333333,negative,0.3333333333333333
搞鬼,-0.3333333333333333,negative,0.3333333333333333
搪塞,-0.5555555555555556,negative,0.5555555555555556
搬口弄舌,-0.5555555555555556,negative,0.5555555555555556
搬唇递舌,-0.5555555555555556,negative,0.5555555555555556
搬弄,-0.5555555555555556,negative,0.5555555555555556
搬弄是非,-0.5555555555555556,negative,0.5555555555555556
搬斤播两,-0.5555555555555556,negative,0.5555555555555556
搬石砸脚,-0.5555555555555556,negative,0.5555555555555556
搬脣弄舌,-0.5555555555555556,negative,0.5555555555555556
搬脣递舌,-0.7777777777777778,negative,0.7777777777777778
携泰山以超北海,-0.3333333333333333,negative,0.3333333333333333
携贰,-0.5555555555555556,negative,0.5555555555555556
摄威擅势,-0.7777777777777778,negative,0.7777777777777778
摆份儿,-0.1111111111111111,negative,0.1111111111111111
摆布,-0.7777777777777778,negative,0.7777777777777778
摆普儿,-0.3333333333333333,negative,0.3333333333333333
摆架子,-0.5555555555555556,negative,0.5555555555555556
摆样子,-0.5555555555555556,negative,0.5555555555555556
摆款儿,-0.1111111111111111,negative,0.1111111111111111
摆脱,-0.5555555555555556,negative,0.5555555555555556
摆谱儿,-0.5555555555555556,negative,0.5555555555555556
摆门面,-0.5555555555555556,negative,0.5555555555555556
摆阔,-0.3333333333333333,negative,0.3333333333333333
摇唇鼓舌,-0.5555555555555556,negative,0.5555555555555556
摇头幌脑,-0.7777777777777778,negative,0.7777777777777778
摇头摆尾,-0.3333333333333333,negative,0.3333333333333333
摇头摆脑,-0.5555555555555556,negative,0.5555555555555556
摇头晃脑,-0.3333333333333333,negative,0.3333333333333333
摇头稾脑,-0.7777777777777778,negative,0.7777777777777778
摇尾乞伶,-0.7777777777777778,negative,0.7777777777777778
摇尾乞怜,-1.0,negative,1.0
摇尾求食,-0.7777777777777778,negative,0.7777777777777778
摇手触禁,-0.7777777777777778,negative,0.7777777777777778
摇摇欲坠,-1.0,negative,1.0
摈斥,-0.5555555555555556,negative,0.5555555555555556
摈除,-0.5555555555555556,negative,0.5555555555555556
摊书拥百城,-0.7777777777777778,negative,0.7777777777777778
摘句寻章,-0.7777777777777778,negative,0.7777777777777778
摘埴索涂,-0.7777777777777778,negative,0.7777777777777778
摘瓜抱蔓,-0.7777777777777778,negative,0.7777777777777778
摧残,-0.5555555555555556,negative,0.5555555555555556
摧毁,-0.7777777777777778,negative,0.7777777777777778
摧眉折腰,-0.3333333333333333,negative,0.3333333333333333
撅坑撅堑,-1.0,negative,1.0
撒刁,-0.5555555555555556,negative,0.5555555555555556
撒娇撤痴,-0.5555555555555556,negative,0.5555555555555556
撒旦,-0.7777777777777778,negative,0.7777777777777778
撒村骂街,-0.5555555555555556,negative,0.5555555555555556
撒气,-0.3333333333333333,negative,0.3333333333333333
撒泼,-0.7777777777777778,negative,0.7777777777777778
撒科打诨,-0.5555555555555556,negative,0.5555555555555556
撒谎,-0.3333333333333333,negative,0.3333333333333333
撒赖,-0.3333333333333333,negative,0.3333333333333333
撒酒疯,-0.5555555555555556,negative,0.5555555555555556
撒野,-0.3333333333333333,negative,0.3333333333333333
撞见,-0.7777777777777778,negative,0.7777777777777778
撞骗,-0.7777777777777778,negative,0.7777777777777778
撧耳揉腮,-1.0,negative,1.0
撧耳顿足,-0.7777777777777778,negative,0.7777777777777778
撩云拨雨,-0.3333333333333333,negative,0.3333333333333333
撩火加油,-0.5555555555555556,negative,0.5555555555555556
撩蜂剔蝎,-1.0,negative,1.0
撩蜂吃螫,-1.0,negative,1.0
播弄,-0.7777777777777778,negative,0.7777777777777778
播穅眯目,-0.5555555555555556,negative,0.5555555555555556
播糠眯目,-0.5555555555555556,negative,0.5555555555555556
撮弄,-0.5555555555555556,negative,0.5555555555555556
撮盐入火,-0.5555555555555556,negative,0.5555555555555556
撺掇,-0.7777777777777778,negative,0.7777777777777778
擂天倒地,-0.7777777777777778,negative,0.7777777777777778
擅权,-0.5555555555555556,negative,0.5555555555555556
擅自,-0.1111111111111111,negative,0.1111111111111111
擅自为谋,-0.7777777777777778,negative,0.7777777777777778
操之过切,-0.5555555555555556,negative,0.5555555555555556
操之过急,-0.1111111111111111,negative,0.1111111111111111
操刀伤锦,-0.5555555555555556,negative,0.5555555555555556
操切,-0.3333333333333333,negative,0.3333333333333333
操戈同室,-0.5555555555555556,negative,0.5555555555555556
擢发难数,-1.0,negative,1.0
擢筋剥肤,-0.7777777777777778,negative,0.7777777777777778
擢筋割骨,-0.7777777777777778,negative,0.7777777777777778
擿埴索途,-0.7777777777777778,negative,0.7777777777777778
攀炎附热,-0.6666666666666666,negative,0.6666666666666666
攀诬,-0.5555555555555556,negative,0.5555555555555556
攀附,-0.5555555555555556,negative,0.5555555555555556
攀高接贵,-0.5555555555555556,negative,0.5555555555555556
攀高结贵,-0.6666666666666666,negative,0.6666666666666666
攀鳞附翼,-0.6666666666666666,negative,0.6666666666666666
攀龙讬凤,-0.6666666666666666,negative,0.6666666666666666
攀龙附凤,-0.5555555555555556,negative,0.5555555555555556
攀龙附骥,-0.5555555555555556,negative,0.5555555555555556
攒锋聚镝,-0.7777777777777778,negative,0.7777777777777778
攘夺,-0.7777777777777778,negative,0.7777777777777778
攘攘,-1.0,negative,1.0
攘臂嗔目,-0.3333333333333333,negative,0.3333333333333333
攞袖揎拳,-0.5555555555555556,negative,0.5555555555555556
攫取,-0.7777777777777778,negative,0.7777777777777778
支使,-0.5555555555555556,negative,0.5555555555555556
支吾其词,-0.3333333333333333,negative,0.3333333333333333
支离,-0.3333333333333333,negative,0.3333333333333333
支离破碎,-0.5555555555555556,negative,0.5555555555555556
收买,-0.7777777777777778,negative,0.7777777777777778
收成弃败,-0.5555555555555556,negative,0.5555555555555556
收拢,-0.5555555555555556,negative,0.5555555555555556
收揽,-0.5555555555555556,negative,0.5555555555555556
改窜,-0.7777777777777778,negative,0.7777777777777778
攻其一点，不及其余,-0.5555555555555556,negative,0.5555555555555556
攻其一点，不及其馀,-0.5555555555555556,negative,0.5555555555555556
攻守同盟,-0.5555555555555556,negative,0.5555555555555556
攻讦,-0.3333333333333333,negative,0.3333333333333333
放任,-0.3333333333333333,negative,0.3333333333333333
放任自流,-0.5555555555555556,negative,0.5555555555555556
放僻淫佚,-0.7777777777777778,negative,0.7777777777777778
放僻邪侈,-0.7777777777777778,negative,0.7777777777777778
放刁,-0.5555555555555556,negative,0.5555555555555556
放刁把滥,-0.5555555555555556,negative,0.5555555555555556
放刁撒泼,-0.5555555555555556,negative,0.5555555555555556
放恣,-0.5555555555555556,negative,0.5555555555555556
放毒,-0.5555555555555556,negative,0.5555555555555556
放泼撒豪,-0.5555555555555556,negative,0.5555555555555556
放浪,-0.5555555555555556,negative,0.5555555555555556
放浪形骸,-0.5555555555555556,negative,0.5555555555555556
放浪江湖,-0.3333333333333333,negative,0.3333333333333333
放火,-0.5555555555555556,negative,0.5555555555555556
放纵,-0.5555555555555556,negative,0.5555555555555556
放肆,-0.3333333333333333,negative,0.3333333333333333
放荡,-0.5555555555555556,negative,0.5555555555555556
放荡不羁,-1.0,negative,1.0
放虎归山,-0.5555555555555556,negative,0.5555555555555556
放虎自卫,-0.7777777777777778,negative,0.7777777777777778
放诞,-1.0,negative,1.0
放诞风流,-0.5555555555555556,negative,0.5555555555555556
放辟淫侈,-0.7777777777777778,negative,0.7777777777777778
放辟邪侈,-1.0,negative,1.0
放饭流歠,-1.0,negative,1.0
政以贿成,-0.5555555555555556,negative,0.5555555555555556
政出多门,-0.7777777777777778,negative,0.7777777777777778
政客,-0.3333333333333333,negative,0.3333333333333333
政荒民弊,-1.0,negative,1.0
故伎重演,-0.7777777777777778,negative,0.7777777777777778
故作玄虚,-0.5555555555555556,negative,0.5555555555555556
故作高深,-0.5555555555555556,negative,0.5555555555555556
故家乔木,-0.5555555555555556,negative,0.5555555555555556
故弄玄虚,-0.5555555555555556,negative,0.5555555555555556
故弄虚玄,-0.5555555555555556,negative,0.5555555555555556
故态复萌,-0.5555555555555556,negative,0.5555555555555556
故态复还,-0.5555555555555556,negative,0.5555555555555556
故技重施,-0.3333333333333333,negative,0.3333333333333333
故技重演,-0.3333333333333333,negative,0.3333333333333333
故步自封,-0.5555555555555556,negative,0.5555555555555556
故步自画,-0.5555555555555556,negative,0.5555555555555556
故甚其词,-0.5555555555555556,negative,0.5555555555555556
故纸堆,-0.1111111111111111,negative,0.1111111111111111
效尤,-0.7777777777777778,negative,0.7777777777777778
效率很差,-1.0,negative,1.0
效颦,-0.5555555555555556,negative,0.5555555555555556
效颦学步,-0.5555555555555556,negative,0.5555555555555556
敌人,-0.5555555555555556,negative,0.5555555555555556
敌伪,-0.5555555555555556,negative,0.5555555555555556
敌国,-0.1111111111111111,negative,0.1111111111111111
敌国通舟,-0.5555555555555556,negative,0.5555555555555556
敌寇,-0.5555555555555556,negative,0.5555555555555556
敌对,-0.5555555555555556,negative,0.5555555555555556
敌意,-0.5555555555555556,negative,0.5555555555555556
敌探,-0.5555555555555556,negative,0.5555555555555556
敌特,-0.5555555555555556,negative,0.5555555555555556
敌酋,-0.5555555555555556,negative,0.5555555555555556
救火投薪,-0.5555555555555556,negative,0.5555555555555556
救燎助薪,-0.5555555555555556,negative,0.5555555555555556
救经引足,-0.5555555555555556,negative,0.5555555555555556
教唆,-0.3333333333333333,negative,0.3333333333333333
教唆犯,-0.7777777777777778,negative,0.7777777777777778
教条,-0.5555555555555556,negative,0.5555555555555556
教条主义,-0.7777777777777778,negative,0.7777777777777778
教猱升木,-0.5555555555555556,negative,0.5555555555555556
敛怨求媚,-0.7777777777777778,negative,0.7777777777777778
敛手屏足,-0.5555555555555556,negative,0.5555555555555556
敛财,-0.5555555555555556,negative,0.5555555555555556
敝屣,-0.3333333333333333,negative,0.3333333333333333
敢怒不敢言,-0.5555555555555556,negative,0.5555555555555556
散乱,-0.1111111111111111,negative,0.1111111111111111
散亡,-0.3333333333333333,negative,0.3333333333333333
散伙,-0.5555555555555556,negative,0.5555555555555556
散伤丑害,-0.5555555555555556,negative,0.5555555555555556
散兵游勇,-0.3333333333333333,negative,0.3333333333333333
散毒,-0.5555555555555556,negative,0.5555555555555556
散漫,-0.5555555555555556,negative,0.5555555555555556
散灰扃户,-0.5555555555555556,negative,0.5555555555555556
散落,-0.5555555555555556,negative,0.5555555555555556
散言碎语,-0.5555555555555556,negative,0.5555555555555556
敬小慎微,-0.5555555555555556,negative,0.5555555555555556
敬而远之,-0.5555555555555556,negative,0.5555555555555556
敬贺,-0.5555555555555556,negative,0.5555555555555556
数典忘祖,-0.5555555555555556,negative,0.5555555555555556
数白论黄,-0.5555555555555556,negative,0.5555555555555556
数短论长,-0.5555555555555556,negative,0.5555555555555556
数米而炊,-0.5555555555555556,negative,0.5555555555555556
数米量柴,-1.0,negative,1.0
数黄道黑,-0.3333333333333333,negative,0.3333333333333333
数黑论黄,-0.5555555555555556,negative,0.5555555555555556
敲冰求火,-0.6666666666666666,negative,0.6666666666666666
敲冰索火,-0.6666666666666666,negative,0.6666666666666666
敲榨勒索,-1.0,negative,1.0
敲竹杠,-0.5555555555555556,negative,0.5555555555555556
敲竹槓,-0.7777777777777778,negative,0.7777777777777778
敲膏吸髓,-0.7777777777777778,negative,0.7777777777777778
敲诈,-0.5555555555555556,negative,0.5555555555555556
敲诈勒索,-0.7777777777777778,negative,0.7777777777777778
敲骨剥髓,-0.7777777777777778,negative,0.7777777777777778
敲骨吸髓,-1.0,negative,1.0
敲骨榨髓,-1.0,negative,1.0
整冠纳履,-0.3333333333333333,negative,0.3333333333333333
敷衍,-0.5555555555555556,negative,0.5555555555555556
敷衍了事,-0.5555555555555556,negative,0.5555555555555556
敷衍塞责,-0.5555555555555556,negative,0.5555555555555556
敷衍搪塞,-0.5555555555555556,negative,0.5555555555555556
文不对题,-0.5555555555555556,negative,0.5555555555555556
文人相轻,-0.3333333333333333,negative,0.3333333333333333
文侩,-0.3333333333333333,negative,0.3333333333333333
文化买办,-0.5555555555555556,negative,0.5555555555555556
文化大革命,-0.5555555555555556,negative,0.5555555555555556
文奸济恶,-0.7777777777777778,negative,0.7777777777777778
文婪武嬉,-0.7777777777777778,negative,0.7777777777777778
文字狱,-0.5555555555555556,negative,0.5555555555555556
文山会海,-0.7777777777777778,negative,0.7777777777777778
文恬武嬉,-0.5555555555555556,negative,0.5555555555555556
文抄公,-0.5555555555555556,negative,0.5555555555555556
文武差事,-0.7777777777777778,negative,0.7777777777777778
文牍主义,-0.5555555555555556,negative,0.5555555555555556
文痞,-0.3333333333333333,negative,0.3333333333333333
文身剪发,-0.7777777777777778,negative,0.7777777777777778
文身断发,-0.7777777777777778,negative,0.7777777777777778
文身翦发,-0.7777777777777778,negative,0.7777777777777778
文过其实,-0.7777777777777778,negative,0.7777777777777778
文过遂非,-0.7777777777777778,negative,0.7777777777777778
文过饰非,-0.5555555555555556,negative,0.5555555555555556
文通残锦,-0.3333333333333333,negative,0.3333333333333333
斗挹箕扬,-0.5555555555555556,negative,0.5555555555555556
斗方名士,-0.3333333333333333,negative,0.3333333333333333
斗殴,-0.7777777777777778,negative,0.7777777777777778
斗气,-0.3333333333333333,negative,0.3333333333333333
斗筲,-0.5555555555555556,negative,0.5555555555555556
斗筲之人,-0.5555555555555556,negative,0.5555555555555556
斗绝一隅,-0.3333333333333333,negative,0.3333333333333333
斗而铸兵,-0.5555555555555556,negative,0.5555555555555556
斗而铸锥,-0.5555555555555556,negative,0.5555555555555556
斗脣合舌,-0.5555555555555556,negative,0.5555555555555556
斗鸡走狗,-0.5555555555555556,negative,0.5555555555555556
斜楞,-0.3333333333333333,negative,0.3333333333333333
斜路,-0.5555555555555556,negative,0.5555555555555556
斤斤,-0.3333333333333333,negative,0.3333333333333333
斤斤自守,-0.5555555555555556,negative,0.5555555555555556
斤斤计较,-0.7777777777777778,negative,0.7777777777777778
斤斤较量,-0.5555555555555556,negative,0.5555555555555556
斥责,-0.7777777777777778,negative,0.7777777777777778
斥逐,-1.0,negative,1.0
斥骂,-0.3333333333333333,negative,0.3333333333333333
断梗飘蓬,-0.1111111111111111,negative,0.1111111111111111
断炊,-0.5555555555555556,negative,0.5555555555555556
断章取义,-0.5555555555555556,negative,0.5555555555555556
断章取意,-0.5555555555555556,negative,0.5555555555555556
断章截句,-0.3333333333333333,negative,0.3333333333333333
断粮,-0.7777777777777778,negative,0.7777777777777778
断线风筝,-0.1111111111111111,negative,0.1111111111111111
断鹤续凫,-0.3333333333333333,negative,0.3333333333333333
斯文扫地,-1.0,negative,1.0
新仇旧恨,-0.7777777777777778,negative,0.7777777777777778
新愁旧恨,-1.0,negative,1.0
方便之门,-0.3333333333333333,negative,0.3333333333333333
方头不劣,-0.5555555555555556,negative,0.5555555555555556
方头不律,-0.5555555555555556,negative,0.5555555555555556
方寸已乱,-0.5555555555555556,negative,0.5555555555555556
方巾气,-0.3333333333333333,negative,0.3333333333333333
方底圆盖,-0.3333333333333333,negative,0.3333333333333333
方枘圆凿,-0.3333333333333333,negative,0.3333333333333333
施威,-0.5555555555555556,negative,0.5555555555555556
施暴,-0.7777777777777778,negative,0.7777777777777778
施绯拖绿,-0.5555555555555556,negative,0.5555555555555556
旁摇阴煽,-0.6666666666666666,negative,0.6666666666666666
旁敲侧击,-0.3333333333333333,negative,0.3333333333333333
旁若无人,-0.3333333333333333,negative,0.3333333333333333
旁门外道,-0.6666666666666666,negative,0.6666666666666666
旁门小道,-0.6666666666666666,negative,0.6666666666666666
旁门左道,-0.7777777777777778,negative,0.7777777777777778
旁门邪道,-0.6666666666666666,negative,0.6666666666666666
旁骛,-0.3333333333333333,negative,0.3333333333333333
旅进旅退,-0.5555555555555556,negative,0.5555555555555556
旗号,-0.6666666666666666,negative,0.6666666666666666
无下箸处,-0.7777777777777778,negative,0.7777777777777778
无中生有,-0.5555555555555556,negative,0.5555555555555556
无了无休,-0.7777777777777778,negative,0.7777777777777778
无了根蒂,-0.7777777777777778,negative,0.7777777777777778
无事生事,-0.7777777777777778,negative,0.7777777777777778
无事生非,-0.5555555555555556,negative,0.5555555555555556
无人之地,-0.7777777777777778,negative,0.7777777777777778
无人之境,-0.7777777777777778,negative,0.7777777777777778
无人过问,-1.0,negative,1.0
无从下手,-0.7777777777777778,negative,0.7777777777777778
无从措手,-0.7777777777777778,negative,0.7777777777777778
无价值,-0.5555555555555556,negative,0.5555555555555556
无任之禄,-0.7777777777777778,negative,0.7777777777777778
无休无了,-0.7777777777777778,negative,0.7777777777777778
无何有之乡,-0.7777777777777778,negative,0.7777777777777778
无何有乡,-0.7777777777777778,negative,0.7777777777777778
无作不为,-0.3333333333333333,negative,0.3333333333333333
无依无靠,-1.0,negative,1.0
无倚无靠,-0.7777777777777778,negative,0.7777777777777778
无关大局,-1.0,negative,1.0
无关痛痒,-1.0,negative,1.0
无凭无据,-1.0,negative,1.0
无功受禄,-0.7777777777777778,negative,0.7777777777777778
无功而禄,-0.7777777777777778,negative,0.7777777777777778
无动于衷,-0.3333333333333333,negative,0.3333333333333333
无动於中,-0.7777777777777778,negative,0.7777777777777778
无动於衷,-0.7777777777777778,negative,0.7777777777777778
无口才,-1.0,negative,1.0
无可奈何,-0.7777777777777778,negative,0.7777777777777778
无可奈何花落去,-0.7777777777777778,negative,0.7777777777777778
无可救药,-0.7777777777777778,negative,0.7777777777777778
无可柰何,-0.7777777777777778,negative,0.7777777777777778
无可辩驳,-0.5555555555555556,negative,0.5555555555555556
无名之师,-0.7777777777777778,negative,0.7777777777777778
无名小卒,-0.7777777777777778,negative,0.7777777777777778
无名小辈,-0.7777777777777778,negative,0.7777777777777778
无吸引力,-0.5555555555555556,negative,0.5555555555555556
无味,-0.1111111111111111,negative,0.1111111111111111
无地可容,-1.0,negative,1.0
无地自厝,-1.0,negative,1.0
无地自处,-1.0,negative,1.0
无地自容,-1.0,negative,1.0
无天於上，无地於下,-0.7777777777777778,negative,0.7777777777777778
无天无日,-1.0,negative,1.0
无如之何,-0.7777777777777778,negative,0.7777777777777778
无如之奈,-0.7777777777777778,negative,0.7777777777777778
无如奈何,-0.7777777777777778,negative,0.7777777777777778
无妄之灾,-0.5555555555555556,negative,0.5555555555555556
无孔不钻,-0.7777777777777778,negative,0.7777777777777778
无实效,-1.0,negative,1.0
无实质,-1.0,negative,1.0
无家可奔,-0.7777777777777778,negative,0.7777777777777778
无家无室,-0.7777777777777778,negative,0.7777777777777778
无容身之地,-0.7777777777777778,negative,0.7777777777777778
无常,-1.0,negative,1.0
无度,-0.7777777777777778,negative,0.7777777777777778
无形之罪,-1.0,negative,1.0
无影无踪,-0.5555555555555556,negative,0.5555555555555556
无志,-0.3333333333333333,negative,0.3333333333333333
无恒,-0.3333333333333333,negative,0.3333333333333333
无恶不为,-1.0,negative,1.0
无恶不作,-0.7777777777777778,negative,0.7777777777777778
无恶不造,-1.0,negative,1.0
无情,-0.7777777777777778,negative,0.7777777777777778
无情少面,-0.7777777777777778,negative,0.7777777777777778
无情无义,-0.7777777777777778,negative,0.7777777777777778
无情无绪,-0.7777777777777778,negative,0.7777777777777778
无所不为,-0.5555555555555556,negative,0.5555555555555556
无所不作,-0.7777777777777778,negative,0.7777777777777778
无所不用其极,-0.7777777777777778,negative,0.7777777777777778
无所不用其极度,-1.0,negative,1.0
无所不至,-0.3333333333333333,negative,0.3333333333333333
无所事事,-0.7777777777777778,negative,0.7777777777777778
无所作为,-0.7777777777777778,negative,0.7777777777777778
无所忌惮,-0.7777777777777778,negative,0.7777777777777778
无所措手,-1.0,negative,1.0
无所措手足,-0.5555555555555556,negative,0.5555555555555556
无所施其伎,-0.7777777777777778,negative,0.7777777777777778
无所施其技,-0.7777777777777778,negative,0.7777777777777778
无所用之,-0.7777777777777778,negative,0.7777777777777778
无所用心,-0.5555555555555556,negative,0.5555555555555556
无所适从,-0.3333333333333333,negative,0.3333333333333333
无所重轻,-0.7777777777777778,negative,0.7777777777777778
无所错手足,-1.0,negative,1.0
无拳无勇,-0.5555555555555556,negative,0.5555555555555556
无故,-1.0,negative,1.0
无故呻吟,-0.7777777777777778,negative,0.7777777777777778
无效,-0.5555555555555556,negative,0.5555555555555556
无教养,-1.0,negative,1.0
无方,-0.5555555555555556,negative,0.5555555555555556
无方之民,-0.7777777777777778,negative,0.7777777777777778
无明业火,-0.7777777777777778,negative,0.7777777777777778
无服之殇,-0.7777777777777778,negative,0.7777777777777778
无根之木，无源之水,-0.5555555555555556,negative,0.5555555555555556
无根据,-1.0,negative,1.0
无毒不丈夫,-0.7777777777777778,negative,0.7777777777777778
无毛大虫,-0.7777777777777778,negative,0.7777777777777778
无法无天,-1.0,negative,1.0
无洞掘蟹,-0.7777777777777778,negative,0.7777777777777778
无涵养,-1.0,negative,1.0
无火之炊,-0.7777777777777778,negative,0.7777777777777778
无父无君,-1.0,negative,1.0
无特色,-0.3333333333333333,negative,0.3333333333333333
无独有偶,-0.3333333333333333,negative,0.3333333333333333
无理,-0.1111111111111111,negative,0.1111111111111111
无理取闹,-0.7777777777777778,negative,0.7777777777777778
无用武之地,-0.7777777777777778,negative,0.7777777777777778
无病呻吟,-0.3333333333333333,negative,0.3333333333333333
无病自灸,-0.3333333333333333,negative,0.3333333333333333
无的放失,-0.1111111111111111,negative,0.1111111111111111
无的放矢,-0.3333333333333333,negative,0.3333333333333333
无目的,-1.0,negative,1.0
无知,-0.7777777777777778,negative,0.7777777777777778
无知妄作,-0.7777777777777778,negative,0.7777777777777778
无礼,-0.5555555555555556,negative,0.5555555555555556
无私有弊,-0.7777777777777778,negative,0.7777777777777778
无稽,-0.5555555555555556,negative,0.5555555555555556
无稽之谈,-0.7777777777777778,negative,0.7777777777777778
无空不入,-0.7777777777777778,negative,0.7777777777777778
无立足之地,-0.5555555555555556,negative,0.5555555555555556
无端端,-1.0,negative,1.0
无米之炊,-0.7777777777777778,negative,0.7777777777777778
无精汀采,-0.5555555555555556,negative,0.5555555555555556
无纪律,-1.0,negative,1.0
无耻,-1.0,negative,1.0
无耻之尤,-1.0,negative,1.0
无耻之徒,-0.7777777777777778,negative,0.7777777777777778
无肠可断,-1.0,negative,1.0
无背无侧,-0.5555555555555556,negative,0.5555555555555556
无能,-0.5555555555555556,negative,0.5555555555555556
无能为力,-0.7777777777777778,negative,0.7777777777777778
无能为役,-0.7777777777777778,negative,0.7777777777777778
无能之辈,-0.5555555555555556,negative,0.5555555555555556
无般不识,-0.7777777777777778,negative,0.7777777777777778
无节制,-1.0,negative,1.0
无行,-0.7777777777777778,negative,0.7777777777777778
无视,-0.3333333333333333,negative,0.3333333333333333
无计可奈,-0.7777777777777778,negative,0.7777777777777778
无计奈何,-0.7777777777777778,negative,0.7777777777777778
无证据,-1.0,negative,1.0
无诚意,-1.0,negative,1.0
无语,-0.5555555555555556,negative,0.5555555555555556
无赖,-0.925925925925926,negative,0.925925925925926
无足轻重,-0.7777777777777778,negative,0.7777777777777778
无足重轻,-0.7777777777777778,negative,0.7777777777777778
无道德观念,-1.0,negative,1.0
无钱吃酒，妒人面赤,-0.5555555555555556,negative,0.5555555555555556
无间可乘,-0.7777777777777778,negative,0.7777777777777778
无面目见江东父老,-1.0,negative,1.0
无风作浪,-0.7777777777777778,negative,0.7777777777777778
无风扬波,-0.7777777777777778,negative,0.7777777777777778
无风生浪,-0.5555555555555556,negative,0.5555555555555556
无风起浪,-0.7777777777777778,negative,0.7777777777777778
既有今日，何必当初,-0.7777777777777778,negative,0.7777777777777778
日中必熭,-0.5555555555555556,negative,0.5555555555555556
日削月朘,-0.7777777777777778,negative,0.7777777777777778
日坐愁城,-0.1111111111111111,negative,0.1111111111111111
日暮途穷,-1.0,negative,1.0
日月交食,-0.5555555555555556,negative,0.5555555555555556
日月无光,-1.0,negative,1.0
日落西山,-0.3333333333333333,negative,0.3333333333333333
日食万钱,-1.0,negative,1.0
旧凋重弹,-0.7777777777777778,negative,0.7777777777777778
旧恨新仇,-0.7777777777777778,negative,0.7777777777777778
旧愁新恨,-0.7777777777777778,negative,0.7777777777777778
早知今日，悔不当初,-0.7777777777777778,negative,0.7777777777777778
早衰,-0.5555555555555556,negative,0.5555555555555556
早退,-0.5555555555555556,negative,0.5555555555555556
旱魃为虐,-0.3333333333333333,negative,0.3333333333333333
时不我与,-0.5555555555555556,negative,0.5555555555555556
时乖命蹇,-0.7777777777777778,negative,0.7777777777777778
旷日持久,-0.7777777777777778,negative,0.7777777777777778
旷课,-0.3333333333333333,negative,0.3333333333333333
旷费,-0.5555555555555556,negative,0.5555555555555556
昂头天外,-0.5555555555555556,negative,0.5555555555555556
昂首天外,-0.5555555555555556,negative,0.5555555555555556
昂首望天,-0.5555555555555556,negative,0.5555555555555556
明争暗斗,-0.1111111111111111,negative,0.1111111111111111
明修栈道，暗度陈仓,-0.5555555555555556,negative,0.5555555555555556
明哲保身,-0.7777777777777778,negative,0.7777777777777778
明抢,-0.5555555555555556,negative,0.5555555555555556
明抢暗偷,-0.6666666666666666,negative,0.6666666666666666
明推暗就,-0.6666666666666666,negative,0.6666666666666666
明日黄花,-0.5555555555555556,negative,0.5555555555555556
明来暗往,-0.5555555555555556,negative,0.5555555555555556
明枪暗箭,-0.1111111111111111,negative,0.1111111111111111
明火执仗,-0.5555555555555556,negative,0.5555555555555556
明火执杖,-0.7777777777777778,negative,0.7777777777777778
明火执械,-0.7777777777777778,negative,0.7777777777777778
明火持杖,-0.7777777777777778,negative,0.7777777777777778
明珠暗投,-0.7777777777777778,negative,0.7777777777777778
明目张胆,-0.5555555555555556,negative,0.5555555555555556
明知故问,-0.3333333333333333,negative,0.3333333333333333
昏乱,-0.5555555555555556,negative,0.5555555555555556
昏君,-0.7777777777777778,negative,0.7777777777777778
昏天暗地,-0.5555555555555556,negative,0.5555555555555556
昏天黑地,-0.7777777777777778,negative,0.7777777777777778
昏头昏脑,-0.7777777777777778,negative,0.7777777777777778
昏庸,-0.7777777777777778,negative,0.7777777777777778
昏愦,-1.0,negative,1.0
昏昧,-1.0,negative,1.0
昏聩,-0.7777777777777778,negative,0.7777777777777778
昏黑,-0.3333333333333333,negative,0.3333333333333333
易子析骸,-0.7777777777777778,negative,0.7777777777777778
易子而食,-0.7777777777777778,negative,0.7777777777777778
昙花一现,-0.3333333333333333,negative,0.3333333333333333
春蚕自缚,-0.5555555555555556,negative,0.5555555555555556
春露秋霜,-0.7777777777777778,negative,0.7777777777777778
昧己瞒心,-0.7777777777777778,negative,0.7777777777777778
昧心,-0.3333333333333333,negative,0.3333333333333333
昭然若揭,-1.0,negative,1.0
是非口舌,-0.5555555555555556,negative,0.5555555555555556
是非颠倒,-0.5555555555555556,negative,0.5555555555555556
昼阴夜阳,-0.5555555555555556,negative,0.5555555555555556
显形,-0.5555555555555556,negative,0.5555555555555556
显摆,-0.3333333333333333,negative,0.3333333333333333
晃悠悠,-0.3333333333333333,negative,0.3333333333333333
晋惠闻蛙,-0.5555555555555556,negative,0.5555555555555556
晓风残月,-0.3333333333333333,negative,0.3333333333333333
晕倒,-0.7777777777777778,negative,0.7777777777777778
晕池,-0.5555555555555556,negative,0.5555555555555556
晕船,-0.5555555555555556,negative,0.5555555555555556
晕车,-0.5555555555555556,negative,0.5555555555555556
晚节不终,-0.7777777777777778,negative,0.7777777777777778
晦冥,-0.7777777777777778,negative,0.7777777777777778
晦暗,-0.7777777777777778,negative,0.7777777777777778
晦暝,-0.7777777777777778,negative,0.7777777777777778
晦气,-0.3333333333333333,negative,0.3333333333333333
晦涩,-0.3333333333333333,negative,0.3333333333333333
智小言大,-0.7777777777777778,negative,0.7777777777777778
智小谋大,-0.7777777777777778,negative,0.7777777777777778
智尽能索,-0.5555555555555556,negative,0.5555555555555556
智昏菽麦,-0.7777777777777778,negative,0.7777777777777778
智藏瘝在,-0.7777777777777778,negative,0.7777777777777778
暗事,-0.3333333333333333,negative,0.3333333333333333
暗地,-0.3333333333333333,negative,0.3333333333333333
暗地里,-0.3333333333333333,negative,0.3333333333333333
暗娼,-0.5555555555555556,negative,0.5555555555555556
暗室亏心,-0.5555555555555556,negative,0.5555555555555556
暗害,-0.3333333333333333,negative,0.3333333333333333
暗弱,-0.7777777777777778,negative,0.7777777777777778
暗弱无断,-0.5555555555555556,negative,0.5555555555555556
暗无天日,-0.7777777777777778,negative,0.7777777777777778
暗昧,-0.5555555555555556,negative,0.5555555555555556
暗昧之事,-0.5555555555555556,negative,0.5555555555555556
暗沉沉,-0.7777777777777778,negative,0.7777777777777778
暗淡,-0.1111111111111111,negative,0.1111111111111111
暗礁险滩,-0.7777777777777778,negative,0.7777777777777778
暗笑,-0.3333333333333333,negative,0.3333333333333333
暗算,-0.3333333333333333,negative,0.3333333333333333
暗箭,-1.0,negative,1.0
暗箭伤人,-0.5555555555555556,negative,0.5555555555555556
暗箭难防,-0.5555555555555556,negative,0.5555555555555556
暗藏,-0.1111111111111111,negative,0.1111111111111111
暗里,-0.3333333333333333,negative,0.3333333333333333
暗锤打人,-0.5555555555555556,negative,0.5555555555555556
暧昧不明,-0.3333333333333333,negative,0.3333333333333333
暮夜无知,-0.5555555555555556,negative,0.5555555555555556
暮气,-0.3333333333333333,negative,0.3333333333333333
暮气沉沉,-0.5555555555555556,negative,0.5555555555555556
暮翠朝红,-0.5555555555555556,negative,0.5555555555555556
暮虢朝虞,-0.7777777777777778,negative,0.7777777777777778
暴举,-0.7777777777777778,negative,0.7777777777777778
暴乱,-0.7777777777777778,negative,0.7777777777777778
暴内陵外,-0.5555555555555556,negative,0.5555555555555556
暴利,-0.1111111111111111,negative,0.1111111111111111
暴力,-0.3333333333333333,negative,0.3333333333333333
暴力行为,-0.5555555555555556,negative,0.5555555555555556
暴动,-0.7777777777777778,negative,0.7777777777777778
暴取豪夺,-1.0,negative,1.0
暴君,-0.7777777777777778,negative,0.7777777777777778
暴君政治,-0.5555555555555556,negative,0.5555555555555556
暴客,-0.7777777777777778,negative,0.7777777777777778
暴徒,-0.7777777777777778,negative,0.7777777777777778
暴怒,-1.0,negative,1.0
暴戾,-0.5555555555555556,negative,0.5555555555555556
暴戾恣睢,-0.7777777777777778,negative,0.7777777777777778
暴政,-0.5555555555555556,negative,0.5555555555555556
暴敛横征,-0.5555555555555556,negative,0.5555555555555556
暴殄天物,-1.0,negative,1.0
暴民,-0.3333333333333333,negative,0.3333333333333333
暴洪,-0.7777777777777778,negative,0.7777777777777778
暴烈,-0.5555555555555556,negative,0.5555555555555556
暴病,-0.7777777777777778,negative,0.7777777777777778
暴虎冯河,-0.5555555555555556,negative,0.5555555555555556
暴虐,-0.3333333333333333,negative,0.3333333333333333
暴虐无道,-0.7777777777777778,negative,0.7777777777777778
暴行,-0.7777777777777778,negative,0.7777777777777778
暴跳如雷,-1.0,negative,1.0
暴躁,-0.5555555555555556,negative,0.5555555555555556
暴风雨,-0.5555555555555556,negative,0.5555555555555556
曝骨履肠,-0.7777777777777778,negative,0.7777777777777778
曲学诐行,-0.5555555555555556,negative,0.5555555555555556
曲学阿世,-0.7777777777777778,negative,0.7777777777777778
曲意奉承,-0.5555555555555556,negative,0.5555555555555556
曲意奉迎,-0.5555555555555556,negative,0.5555555555555556
曲意承迎,-0.5555555555555556,negative,0.5555555555555556
曲意迎合,-0.5555555555555556,negative,0.5555555555555556
曲意逢迎,-0.5555555555555556,negative,0.5555555555555556
曲解,-0.5555555555555556,negative,0.5555555555555556
曳裾王门,-0.5555555555555556,negative,0.5555555555555556
曾参杀人,-0.5555555555555556,negative,0.5555555555555556
曾经沧海,-0.7777777777777778,negative,0.7777777777777778
替古人担忧,-0.5555555555555556,negative,0.5555555555555556
替古人耽忧,-0.7777777777777778,negative,0.7777777777777778
替罪羊,-0.3333333333333333,negative,0.3333333333333333
最坏,-1.0,negative,1.0
最差,-1.0,negative,1.0
月明千里,-0.5555555555555556,negative,0.5555555555555556
月露之体,-0.3333333333333333,negative,0.3333333333333333
月黑风高,-0.7777777777777778,negative,0.7777777777777778
有一套,-1.0,negative,1.0
有伤风化,-0.3333333333333333,negative,0.3333333333333333
有利可图,-0.5555555555555556,negative,0.5555555555555556
有加无已,-0.5555555555555556,negative,0.5555555555555556
有勇无谋,-0.5555555555555556,negative,0.5555555555555556
有口无心,-1.0,negative,1.0
有口无行,-0.5555555555555556,negative,0.5555555555555556
有名无实,-0.1111111111111111,negative,0.1111111111111111
有声无实,-0.5555555555555556,negative,0.5555555555555556
有声无气,-0.5555555555555556,negative,0.5555555555555556
有声没气,-0.5555555555555556,negative,0.5555555555555556
有天无日,-0.7777777777777778,negative,0.7777777777777778
有天没日,-0.7777777777777778,negative,0.7777777777777778
有失偏颇,-1.0,negative,1.0
有失身分,-0.5555555555555556,negative,0.5555555555555556
有头无尾,-0.7777777777777778,negative,0.7777777777777778
有头无脑,-0.5555555555555556,negative,0.5555555555555556
有头没脑,-0.5555555555555556,negative,0.5555555555555556
有始无终,-0.5555555555555556,negative,0.5555555555555556
有害,-1.0,negative,1.0
有恃无恐,-0.5555555555555556,negative,0.5555555555555556
有恃毋恐,-0.7777777777777778,negative,0.7777777777777778
有我无人,-0.5555555555555556,negative,0.5555555555555556
有文无行,-0.5555555555555556,negative,0.5555555555555556
有毒,-0.5555555555555556,negative,0.5555555555555556
有毒性,-1.0,negative,1.0
有气无力,-0.5555555555555556,negative,0.5555555555555556
有气没力,-0.5555555555555556,negative,0.5555555555555556
有理无情,-0.5555555555555556,negative,0.5555555555555556
有眼不识泰山,-0.3333333333333333,negative,0.3333333333333333
有眼如盲,-0.5555555555555556,negative,0.5555555555555556
有眼无珠,-0.7777777777777778,negative,0.7777777777777778
有眼无瞳,-0.7777777777777778,negative,0.7777777777777778
有负众望,-1.0,negative,1.0
有钱使得鬼推磨,-0.7777777777777778,negative,0.7777777777777778
有闻必录,-0.3333333333333333,negative,0.3333333333333333
有限不识泰山,-0.5555555555555556,negative,0.5555555555555556
有限如盲,-0.5555555555555556,negative,0.5555555555555556
有隙可乘,-0.3333333333333333,negative,0.3333333333333333
朋党之争,-0.5555555555555556,negative,0.5555555555555556
朋党比周,-0.7777777777777778,negative,0.7777777777777778
朋比为奸,-0.5555555555555556,negative,0.5555555555555556
朋比作奸,-0.7777777777777778,negative,0.7777777777777778
望尘不及,-0.7777777777777778,negative,0.7777777777777778
望尘僄声,-0.7777777777777778,negative,0.7777777777777778
望尘奔北,-0.7777777777777778,negative,0.7777777777777778
望尘奔溃,-0.7777777777777778,negative,0.7777777777777778
望尘拜伏,-0.7777777777777778,negative,0.7777777777777778
望尘靡及,-0.7777777777777778,negative,0.7777777777777778
望岫息心,-0.7777777777777778,negative,0.7777777777777778
望峰息心,-0.7777777777777778,negative,0.7777777777777778
望文生义,-0.5555555555555556,negative,0.5555555555555556
望文生训,-0.7777777777777778,negative,0.7777777777777778
望梅阁老,-0.7777777777777778,negative,0.7777777777777778
望洋而叹,-0.7777777777777778,negative,0.7777777777777778
望秋先零,-0.3333333333333333,negative,0.3333333333333333
望空捉影,-0.7777777777777778,negative,0.7777777777777778
望而却步,-0.3333333333333333,negative,0.3333333333333333
望而生畏,-0.7777777777777778,negative,0.7777777777777778
望风希指,-0.7777777777777778,negative,0.7777777777777778
望风希旨,-0.7777777777777778,negative,0.7777777777777778
望风承旨,-0.5555555555555556,negative,0.5555555555555556
望风捕影,-0.3333333333333333,negative,0.3333333333333333
望风破胆,-0.5555555555555556,negative,0.5555555555555556
望风而走,-0.5555555555555556,negative,0.5555555555555556
望风而逃,-0.5555555555555556,negative,0.5555555555555556
望风而遁,-0.7777777777777778,negative,0.7777777777777778
望风而靡,-0.7777777777777778,negative,0.7777777777777778
朝三暮四,-0.5555555555555556,negative,0.5555555555555556
朝不某夕,-0.3333333333333333,negative,0.3333333333333333
朝不虑夕,-0.5555555555555556,negative,0.5555555555555556
朝不谋夕,-0.3333333333333333,negative,0.3333333333333333
朝中有人好做官　,-0.7777777777777778,negative,0.7777777777777778
朝令夕改,-0.7777777777777778,negative,0.7777777777777778
朝更暮改,-0.7777777777777778,negative,0.7777777777777778
朝梁暮周,-0.5555555555555556,negative,0.5555555555555556
朝梁暮晋,-0.5555555555555556,negative,0.5555555555555556
朝梁暮陈,-0.7777777777777778,negative,0.7777777777777778
朝歌夜弦,-0.5555555555555556,negative,0.5555555555555556
朝歌暮宴,-0.5555555555555556,negative,0.5555555555555556
朝歌暮弦,-0.5555555555555556,negative,0.5555555555555556
朝秦暮楚,-0.5555555555555556,negative,0.5555555555555556
木头木脑,-0.5555555555555556,negative,0.5555555555555556
木心石腹,-0.7777777777777778,negative,0.7777777777777778
木梗之患,-0.7777777777777778,negative,0.7777777777777778
木然,-0.3333333333333333,negative,0.3333333333333333
木石心肠,-0.7777777777777778,negative,0.7777777777777778
木讷,-0.3333333333333333,negative,0.3333333333333333
木雕泥塑,-0.5555555555555556,negative,0.5555555555555556
未受过教育,-1.0,negative,1.0
未形之患,-0.5555555555555556,negative,0.5555555555555556
未成一篑,-1.0,negative,1.0
未成熟,-0.5555555555555556,negative,0.5555555555555556
未知万一,-1.0,negative,1.0
未竟之志,-1.0,negative,1.0
未能免俗,-0.5555555555555556,negative,0.5555555555555556
未足轻重,-0.5555555555555556,negative,0.5555555555555556
未达一间,-1.0,negative,1.0
未风先雨,-0.7777777777777778,negative,0.7777777777777778
末学肤受,-0.3333333333333333,negative,0.3333333333333333
末学肤受　,-0.5555555555555556,negative,0.5555555555555556
末日,-0.3333333333333333,negative,0.3333333333333333
末流,-0.3333333333333333,negative,0.3333333333333333
本位主义,-0.5555555555555556,negative,0.5555555555555556
本性难移,-0.5555555555555556,negative,0.5555555555555556
本末倒置,-0.7777777777777778,negative,0.7777777777777778
本本主义,-0.5555555555555556,negative,0.5555555555555556
札手舞脚,-0.5555555555555556,negative,0.5555555555555556
机关用尽,-0.7777777777777778,negative,0.7777777777777778
机关算尽,-0.7777777777777778,negative,0.7777777777777778
机心,-0.5555555555555556,negative,0.5555555555555556
机心械肠,-0.5555555555555556,negative,0.5555555555555556
朽坏,-0.3333333333333333,negative,0.3333333333333333
朽木,-0.3333333333333333,negative,0.3333333333333333
朽木不可雕,-0.7777777777777778,negative,0.7777777777777778
朽木不雕,-0.5555555555555556,negative,0.5555555555555556
朽木死灰,-0.5555555555555556,negative,0.5555555555555556
朽木粪土,-0.5555555555555556,negative,0.5555555555555556
朽木粪墙,-0.3333333333333333,negative,0.3333333333333333
朽木难彫,-0.7777777777777778,negative,0.7777777777777778
朽腐,-0.3333333333333333,negative,0.3333333333333333
朽败,-0.7777777777777778,negative,0.7777777777777778
朽迈,-0.5555555555555556,negative,0.5555555555555556
杀人不眨眼,-1.0,negative,1.0
杀人不见血,-1.0,negative,1.0
杀人如草,-0.7777777777777778,negative,0.7777777777777778
杀人如蒿,-0.7777777777777778,negative,0.7777777777777778
杀人如蓺,-0.7777777777777778,negative,0.7777777777777778
杀人如麻,-1.0,negative,1.0
杀人放火,-0.7777777777777778,negative,0.7777777777777778
杀人灭口,-0.7777777777777778,negative,0.7777777777777778
杀人盈野,-0.7777777777777778,negative,0.7777777777777778
杀人越货,-0.7777777777777778,negative,0.7777777777777778
杀人越贷,-0.7777777777777778,negative,0.7777777777777778
杀价,-0.3333333333333333,negative,0.3333333333333333
杀妻求将,-1.0,negative,1.0
杀害,-0.3333333333333333,negative,0.3333333333333333
杀戮,-0.5555555555555556,negative,0.5555555555555556
杀机,-0.5555555555555556,negative,0.5555555555555556
杀气,-1.0,negative,1.0
杀气腾腾,-0.5555555555555556,negative,0.5555555555555556
杀生,-0.3333333333333333,negative,0.3333333333333333
杀风景,-0.3333333333333333,negative,0.3333333333333333
杀鸡取卵,-0.5555555555555556,negative,0.5555555555555556
杂七杂八,-0.5555555555555556,negative,0.5555555555555556
杂乱,-0.3333333333333333,negative,0.3333333333333333
杂乱无章,-0.3333333333333333,negative,0.3333333333333333
杂凑,-0.3333333333333333,negative,0.3333333333333333
杂念,-0.3333333333333333,negative,0.3333333333333333
杂沓,-0.3333333333333333,negative,0.3333333333333333
杂牌,-0.3333333333333333,negative,0.3333333333333333
杂种,-0.7777777777777778,negative,0.7777777777777778
杂糅,-0.3333333333333333,negative,0.3333333333333333
杂草丛生,-1.0,negative,1.0
杂质,-0.3333333333333333,negative,0.3333333333333333
杂霸,-1.0,negative,1.0
权势,-0.5555555555555556,negative,0.5555555555555556
权欲熏心,-0.7777777777777778,negative,0.7777777777777778
权臣,-0.7777777777777778,negative,0.7777777777777778
权诈,-0.7777777777777778,negative,0.7777777777777778
权贵,-0.5555555555555556,negative,0.5555555555555556
权重秩卑,-0.5555555555555556,negative,0.5555555555555556
权门,-0.5555555555555556,negative,0.5555555555555556
杆子,-0.3333333333333333,negative,0.3333333333333333
李广未封,-0.7777777777777778,negative,0.7777777777777778
李广难封,-0.7777777777777778,negative,0.7777777777777778
村俗,-0.5555555555555556,negative,0.5555555555555556
村夫俗子,-0.5555555555555556,negative,0.5555555555555556
村学究语,-0.5555555555555556,negative,0.5555555555555556
村气,-0.5555555555555556,negative,0.5555555555555556
村话,-0.5555555555555556,negative,0.5555555555555556
杜口木舌,-0.5555555555555556,negative,0.5555555555555556
杜口结舌,-0.5555555555555556,negative,0.5555555555555556
杜口裹足,-0.5555555555555556,negative,0.5555555555555556
杜门却扫,-0.5555555555555556,negative,0.5555555555555556
杞人之忧,-0.5555555555555556,negative,0.5555555555555556
杞人忧天,-0.3333333333333333,negative,0.3333333333333333
杞国之忧,-0.5555555555555556,negative,0.5555555555555556
杞天之虑,-0.5555555555555556,negative,0.5555555555555556
束之高阁,-0.3333333333333333,negative,0.3333333333333333
束手听命,-0.5555555555555556,negative,0.5555555555555556
束手坐视,-0.5555555555555556,negative,0.5555555555555556
束手就困,-0.5555555555555556,negative,0.5555555555555556
束手就擒,-0.5555555555555556,negative,0.5555555555555556
束手就殪,-0.5555555555555556,negative,0.5555555555555556
束手就毙,-0.5555555555555556,negative,0.5555555555555556
束手就禽,-0.5555555555555556,negative,0.5555555555555556
束手待死,-0.5555555555555556,negative,0.5555555555555556
束手待毙,-0.5555555555555556,negative,0.5555555555555556
束手旁观,-0.5555555555555556,negative,0.5555555555555556
束手无措,-0.5555555555555556,negative,0.5555555555555556
束手无计,-0.5555555555555556,negative,0.5555555555555556
束手束脚,-0.5555555555555556,negative,0.5555555555555556
束手束足,-0.5555555555555556,negative,0.5555555555555556
束手缚脚,-0.5555555555555556,negative,0.5555555555555556
束手自毙,-0.5555555555555556,negative,0.5555555555555556
束教管闻,-0.5555555555555556,negative,0.5555555555555556
束椽为柱,-0.5555555555555556,negative,0.5555555555555556
束缚,-0.5555555555555556,negative,0.5555555555555556
束蒲为脯,-0.5555555555555556,negative,0.5555555555555556
束马悬车,-0.5555555555555556,negative,0.5555555555555556
条条框框,-0.7777777777777778,negative,0.7777777777777778
来日大难,-0.7777777777777778,negative,0.7777777777777778
来者不善,-0.7777777777777778,negative,0.7777777777777778
来者不善，善者不来,-0.7777777777777778,negative,0.7777777777777778
来鸿去燕,-0.3333333333333333,negative,0.3333333333333333
杨花心性,-0.5555555555555556,negative,0.5555555555555556
杨花水性,-1.0,negative,1.0
杯中蛇影,-0.5555555555555556,negative,0.5555555555555556
杯弓市虎,-0.5555555555555556,negative,0.5555555555555556
杯弓蛇影,-0.5555555555555556,negative,0.5555555555555556
杯影蛇弓,-0.5555555555555556,negative,0.5555555555555556
杯羹之让,-0.5555555555555556,negative,0.5555555555555556
杯蛇幻影,-0.7777777777777778,negative,0.7777777777777778
杯蛇鬼车,-0.5555555555555556,negative,0.5555555555555556
杼柚之空,-0.5555555555555556,negative,0.5555555555555556
杼柚其空,-0.5555555555555556,negative,0.5555555555555556
杼柚空虚,-0.5555555555555556,negative,0.5555555555555556
松垮,-1.0,negative,1.0
松垮垮,-1.0,negative,1.0
松懈,-0.3333333333333333,negative,0.3333333333333333
松散,-0.3333333333333333,negative,0.3333333333333333
松散散,-0.7777777777777778,negative,0.7777777777777778
松松垮垮,-0.7777777777777778,negative,0.7777777777777778
板板六十四,-0.5555555555555556,negative,0.5555555555555556
板滞,-0.3333333333333333,negative,0.3333333333333333
板着脸,-0.5555555555555556,negative,0.5555555555555556
板着面孔,-0.5555555555555556,negative,0.5555555555555556
板荡,-0.7777777777777778,negative,0.7777777777777778
极恶不赦,-1.0,negative,1.0
极恶穷凶,-1.0,negative,1.0
极情纵欲,-0.7777777777777778,negative,0.7777777777777778
极权,-0.3333333333333333,negative,0.3333333333333333
极武穷兵,-0.5555555555555556,negative,0.5555555555555556
极重不反,-0.7777777777777778,negative,0.7777777777777778
极重难返,-0.7777777777777778,negative,0.7777777777777778
构陷,-0.5555555555555556,negative,0.5555555555555556
枉口嚼舌,-0.7777777777777778,negative,0.7777777777777778
枉口拔舌,-0.7777777777777778,negative,0.7777777777777778
枉口诳舌,-0.7777777777777778,negative,0.7777777777777778
枉墨矫绳,-0.7777777777777778,negative,0.7777777777777778
枉尺直寻,-0.7777777777777778,negative,0.7777777777777778
枉己正人,-0.7777777777777778,negative,0.7777777777777778
枉曲直凑,-1.0,negative,1.0
枉法,-0.7777777777777778,negative,0.7777777777777778
枉然,-1.0,negative,1.0
枉物难消,-0.7777777777777778,negative,0.7777777777777778
枉直同贯,-0.7777777777777778,negative,0.7777777777777778
枉矫过激,-0.7777777777777778,negative,0.7777777777777778
枉突徙薪,-0.7777777777777778,negative,0.7777777777777778
枉费,-0.5555555555555556,negative,0.5555555555555556
枉费工夫,-0.7777777777777778,negative,0.7777777777777778
枉费心力,-0.7777777777777778,negative,0.7777777777777778
枉费心机,-1.0,negative,1.0
枉费心计,-0.7777777777777778,negative,0.7777777777777778
枉辔学步,-0.7777777777777778,negative,0.7777777777777778
枉道事人,-1.0,negative,1.0
析交离亲,-0.5555555555555556,negative,0.5555555555555556
析律舞文,-0.7777777777777778,negative,0.7777777777777778
析言破律,-0.5555555555555556,negative,0.5555555555555556
析辨诡词,-0.7777777777777778,negative,0.7777777777777778
析辩诡辞,-0.7777777777777778,negative,0.7777777777777778
枘凿冰炭,-0.5555555555555556,negative,0.5555555555555556
枘凿方圆,-0.5555555555555556,negative,0.5555555555555556
枘圆凿方,-0.5555555555555556,negative,0.5555555555555556
果于自信,-0.3333333333333333,negative,0.3333333333333333
枪替,-0.5555555555555556,negative,0.5555555555555556
枭心鹤貌,-0.5555555555555556,negative,0.5555555555555556
枭蛇鬼怪,-0.5555555555555556,negative,0.5555555555555556
枯体灰心,-0.7777777777777778,negative,0.7777777777777778
枯寂,-0.5555555555555556,negative,0.5555555555555556
枯形灰心,-1.0,negative,1.0
枯本竭源,-0.5555555555555556,negative,0.5555555555555556
枯朽之馀,-0.7777777777777778,negative,0.7777777777777778
枯枿朽株,-0.7777777777777778,negative,0.7777777777777778
枯株朽木,-0.7777777777777778,negative,0.7777777777777778
枯涩,-0.3333333333333333,negative,0.3333333333333333
枯燥,-0.3333333333333333,negative,0.3333333333333333
枯燥无味,-0.7777777777777778,negative,0.7777777777777778
枯脑焦心,-0.3333333333333333,negative,0.3333333333333333
枯鱼之肆,-0.5555555555555556,negative,0.5555555555555556
枯鱼病鹤,-0.7777777777777778,negative,0.7777777777777778
枯鱼衔索,-0.5555555555555556,negative,0.5555555555555556
架谎凿空,-0.7777777777777778,negative,0.7777777777777778
枷锁,-0.5555555555555556,negative,0.5555555555555556
染指垂涎,-0.5555555555555556,negative,0.5555555555555556
染缸,-0.3333333333333333,negative,0.3333333333333333
柔筋脆骨,-0.5555555555555556,negative,0.5555555555555556
柔肠百结,-0.5555555555555556,negative,0.5555555555555556
柔茹刚吐,-0.5555555555555556,negative,0.5555555555555556
柔茹寡断,-0.5555555555555556,negative,0.5555555555555556
柙虎樊熊,-0.5555555555555556,negative,0.5555555555555556
查封,-0.5555555555555556,negative,0.5555555555555556
查抄,-0.5555555555555556,negative,0.5555555555555556
柱小倾大,-0.5555555555555556,negative,0.5555555555555556
柳折花残,-0.7777777777777778,negative,0.7777777777777778
柳泣花啼,-0.7777777777777778,negative,0.7777777777777778
柳眉倒竖,-0.7777777777777778,negative,0.7777777777777778
柳眉剔竖,-0.7777777777777778,negative,0.7777777777777778
柳眉踢竖,-0.7777777777777778,negative,0.7777777777777778
标榜,-0.5555555555555556,negative,0.5555555555555556
栋折榱崩,-0.7777777777777778,negative,0.7777777777777778
树倒根摧,-0.5555555555555556,negative,0.5555555555555556
树同拔异,-0.5555555555555556,negative,0.5555555555555556
树大招风,-0.5555555555555556,negative,0.5555555555555556
树敌,-0.5555555555555556,negative,0.5555555555555556
树高招风,-0.5555555555555556,negative,0.5555555555555556
栗栗危俱,-0.8888888888888888,negative,0.8888888888888888
株连,-0.7777777777777778,negative,0.7777777777777778
株连蔓引,-0.7777777777777778,negative,0.7777777777777778
核讹诈政策,-0.5555555555555556,negative,0.5555555555555556
根深蒂固,-0.3333333333333333,negative,0.3333333333333333
根蟠节错,-0.7777777777777778,negative,0.7777777777777778
格於成例,-0.7777777777777778,negative,0.7777777777777778
格格不入,-0.3333333333333333,negative,0.3333333333333333
栽脏,-0.7777777777777778,negative,0.7777777777777778
栽诬,-1.0,negative,1.0
栽赃,-0.7777777777777778,negative,0.7777777777777778
栽跟头,-0.7777777777777778,negative,0.7777777777777778
桀傲不恭,-0.5555555555555556,negative,0.5555555555555556
桀傲不驯,-0.5555555555555556,negative,0.5555555555555556
桀敖不驯,-0.5555555555555556,negative,0.5555555555555556
桀犬吠尧,-0.7777777777777778,negative,0.7777777777777778
桀纣,-0.7777777777777778,negative,0.7777777777777778
桀贪骜诈,-0.5555555555555556,negative,0.5555555555555556
桀骜不恭,-0.5555555555555556,negative,0.5555555555555556
桀骜不逊,-0.5555555555555556,negative,0.5555555555555556
桀骜不驯,-0.5555555555555556,negative,0.5555555555555556
桀骜自恃,-0.5555555555555556,negative,0.5555555555555556
桀骜难驯,-0.5555555555555556,negative,0.5555555555555556
桀黠,-0.7777777777777778,negative,0.7777777777777778
桃代李僵,-0.1111111111111111,negative,0.1111111111111111
桃李之馈,-0.5555555555555556,negative,0.5555555555555556
桃色,-0.5555555555555556,negative,0.5555555555555556
案犯,-0.5555555555555556,negative,0.5555555555555556
桎梏,-0.7777777777777778,negative,0.7777777777777778
桑中之喜,-0.5555555555555556,negative,0.5555555555555556
桑榆之光，理无远照,-0.3333333333333333,negative,0.3333333333333333
桑间之音,-0.5555555555555556,negative,0.5555555555555556
梁上君子,-0.5555555555555556,negative,0.5555555555555556
梗顽不化,-0.7777777777777778,negative,0.7777777777777778
梦中说梦,-0.3333333333333333,negative,0.3333333333333333
梦幻泡影,-0.5555555555555556,negative,0.5555555555555556
梦想颠倒,-0.7777777777777778,negative,0.7777777777777778
梦魂颠倒,-0.7777777777777778,negative,0.7777777777777778
梧鼠五技,-0.3333333333333333,negative,0.3333333333333333
梭天摸地,-0.7777777777777778,negative,0.7777777777777778
械斗,-0.7777777777777778,negative,0.7777777777777778
械系,-1.0,negative,1.0
梼昧,-0.5555555555555556,negative,0.5555555555555556
棋输先著,-0.3333333333333333,negative,0.3333333333333333
棒喝,-0.5555555555555556,negative,0.5555555555555556
棒打鸳鸯,-0.5555555555555556,negative,0.5555555555555556
棘手,-0.5555555555555556,negative,0.5555555555555556
森然,-0.7777777777777778,negative,0.7777777777777778
棺材老板咬牙－恨不死人,-0.3333333333333333,negative,0.3333333333333333
植党自私,-0.5555555555555556,negative,0.5555555555555556
植党营私,-0.7777777777777778,negative,0.7777777777777778
椒焚桂折,-0.5555555555555556,negative,0.5555555555555556
楚囚对泣,-0.3333333333333333,negative,0.3333333333333333
楞头呆脑,-0.5555555555555556,negative,0.5555555555555556
楞头楞脑,-0.5555555555555556,negative,0.5555555555555556
楞手楞脚,-0.3333333333333333,negative,0.3333333333333333
楞眉横眼,-0.5555555555555556,negative,0.5555555555555556
榆木圪垯,-0.5555555555555556,negative,0.5555555555555556
榆木疙瘩,-0.5555555555555556,negative,0.5555555555555556
榆木脑袋,-0.5555555555555556,negative,0.5555555555555556
榆枋之见,-0.5555555555555556,negative,0.5555555555555556
榆瞑豆重,-0.7777777777777778,negative,0.7777777777777778
榨取,-0.3333333333333333,negative,0.3333333333333333
榱崩栋折,-0.7777777777777778,negative,0.7777777777777778
榷酒征茶,-0.5555555555555556,negative,0.5555555555555556
槁形灰心,-0.5555555555555556,negative,0.5555555555555556
槃木朽株,-0.6666666666666666,negative,0.6666666666666666
槛花笼鹤,-0.5555555555555556,negative,0.5555555555555556
樊笼,-0.3333333333333333,negative,0.3333333333333333
樗栎庸材　,-0.5555555555555556,negative,0.5555555555555556
模棱两可,-0.5555555555555556,negative,0.5555555555555556
模模糊糊,-0.1111111111111111,negative,0.1111111111111111
模糊,-0.1111111111111111,negative,0.1111111111111111
模糊不清,-0.1111111111111111,negative,0.1111111111111111
横三竖四,-0.5555555555555556,negative,0.5555555555555556
横三顺四,-0.5555555555555556,negative,0.5555555555555556
横事,-0.1111111111111111,negative,0.1111111111111111
横僿不文,-0.7777777777777778,negative,0.7777777777777778
横冲直撞,-0.5555555555555556,negative,0.5555555555555556
横冲直闯,-0.5555555555555556,negative,0.5555555555555556
横加,-0.3333333333333333,negative,0.3333333333333333
横加指责,-1.0,negative,1.0
横徵暴敛,-0.7777777777777778,negative,0.7777777777777778
横徵暴赋,-0.7777777777777778,negative,0.7777777777777778
横徵苛役,-0.7777777777777778,negative,0.7777777777777778
横恩滥赏,-0.5555555555555556,negative,0.5555555555555556
横抢武夺,-0.7777777777777778,negative,0.7777777777777778
横抢硬夺,-0.7777777777777778,negative,0.7777777777777778
横拖倒扯,-0.5555555555555556,negative,0.5555555555555556
横拖倒拽,-0.5555555555555556,negative,0.5555555555555556
横拖竖拉,-0.5555555555555556,negative,0.5555555555555556
横拦竖挡,-0.5555555555555556,negative,0.5555555555555556
横挑鼻子竖挑眼,-0.5555555555555556,negative,0.5555555555555556
横无忌惮,-0.7777777777777778,negative,0.7777777777777778
横暴,-0.5555555555555556,negative,0.5555555555555556
横殃飞祸,-0.7777777777777778,negative,0.7777777777777778
横灾飞祸,-0.7777777777777778,negative,0.7777777777777778
横生枝节,-0.3333333333333333,negative,0.3333333333333333
横眉冷目,-1.0,negative,1.0
横眉冷眼,-1.0,negative,1.0
横眉努目,-1.0,negative,1.0
横眉怒视,-1.0,negative,1.0
横眉瞪目,-1.0,negative,1.0
横眉瞪眼,-1.0,negative,1.0
横眉立目,-1.0,negative,1.0
横眉立眼,-1.0,negative,1.0
横眉竖眼,-0.5555555555555556,negative,0.5555555555555556
横祸,-0.5555555555555556,negative,0.5555555555555556
横祸非灾,-0.7777777777777778,negative,0.7777777777777778
横祸飞灾,-0.5555555555555556,negative,0.5555555555555556
横科暴敛,-0.7777777777777778,negative,0.7777777777777778
横蛮,-0.5555555555555556,negative,0.5555555555555556
横蛮无理,-0.7777777777777778,negative,0.7777777777777778
横行不法,-0.7777777777777778,negative,0.7777777777777778
横行天下,-0.7777777777777778,negative,0.7777777777777778
横行无忌,-1.0,negative,1.0
横行直撞,-0.5555555555555556,negative,0.5555555555555556
横行直走,-0.5555555555555556,negative,0.5555555555555556
横行逆施,-0.7777777777777778,negative,0.7777777777777778
横行霸道,-0.7777777777777778,negative,0.7777777777777778
横财,-0.3333333333333333,negative,0.3333333333333333
横赋暴敛,-0.7777777777777778,negative,0.7777777777777778
横逆,-0.5555555555555556,negative,0.5555555555555556
横遮竖挡,-0.5555555555555556,negative,0.5555555555555556
樵苏不爨,-0.3333333333333333,negative,0.3333333333333333
橘化为枳,-0.7777777777777778,negative,0.7777777777777778
橛守成规,-0.3333333333333333,negative,0.3333333333333333
橡皮图章,-0.5555555555555556,negative,0.5555555555555556
橡茹藿歠,-0.5555555555555556,negative,0.5555555555555556
橡饭菁羹,-0.5555555555555556,negative,0.5555555555555556
檑木,-0.5555555555555556,negative,0.5555555555555556
欠佳,-0.1111111111111111,negative,0.1111111111111111
欠周到,-0.7777777777777778,negative,0.7777777777777778
欠妥,-0.7777777777777778,negative,0.7777777777777778
欠完善,-0.7777777777777778,negative,0.7777777777777778
欠拍,-0.5555555555555556,negative,0.5555555555555556
次品,-0.3333333333333333,negative,0.3333333333333333
次等,-0.1111111111111111,negative,0.1111111111111111
次货,-0.3333333333333333,negative,0.3333333333333333
欲加之罪，何患无辞,-0.7777777777777778,negative,0.7777777777777778
欲壑难填,-0.7777777777777778,negative,0.7777777777777778
欲望难填,-1.0,negative,1.0
欲盖弥彰,-0.5555555555555556,negative,0.5555555555555556
欲盖而彰,-0.7777777777777778,negative,0.7777777777777778
欺三瞒四,-1.0,negative,1.0
欺上瞒下,-0.5555555555555556,negative,0.5555555555555556
欺世盗名,-0.5555555555555556,negative,0.5555555555555556
欺世罔俗,-0.7777777777777778,negative,0.7777777777777778
欺人,-0.5555555555555556,negative,0.5555555555555556
欺人之谈,-0.5555555555555556,negative,0.5555555555555556
欺人以方,-0.5555555555555556,negative,0.5555555555555556
欺人太甚,-0.7777777777777778,negative,0.7777777777777778
欺人自欺,-1.0,negative,1.0
欺侮,-0.5555555555555556,negative,0.5555555555555556
欺公罔上,-1.0,negative,1.0
欺公罔法,-1.0,negative,1.0
欺公误国,-1.0,negative,1.0
欺凌,-0.3333333333333333,negative,0.3333333333333333
欺压,-0.5555555555555556,negative,0.5555555555555556
欺君罔上,-0.5555555555555556,negative,0.5555555555555556
欺哄,-0.3333333333333333,negative,0.3333333333333333
欺善怕恶,-0.7777777777777778,negative,0.7777777777777778
欺大压小,-0.5555555555555556,negative,0.5555555555555556
欺天罔人,-0.7777777777777778,negative,0.7777777777777778
欺天罔地,-1.0,negative,1.0
欺天诳地,-1.0,negative,1.0
欺生,-0.3333333333333333,negative,0.3333333333333333
欺瞒,-0.3333333333333333,negative,0.3333333333333333
欺瞒夹账,-1.0,negative,1.0
欺罔视听,-0.7777777777777778,negative,0.7777777777777778
欺良压善,-0.5555555555555556,negative,0.5555555555555556
欺蒙,-0.5555555555555556,negative,0.5555555555555556
欺负,-0.5555555555555556,negative,0.5555555555555556
欺软怕硬,-0.7777777777777778,negative,0.7777777777777778
欺辱,-0.5555555555555556,negative,0.5555555555555556
欺骗,-0.3333333333333333,negative,0.3333333333333333
款学寡闻,-0.5555555555555556,negative,0.5555555555555556
歇菜,-0.3333333333333333,negative,0.3333333333333333
歉收,-0.3333333333333333,negative,0.3333333333333333
歌舞升平,-0.3333333333333333,negative,0.3333333333333333
此一时，彼一时,-0.3333333333333333,negative,0.3333333333333333
此地无银三百两,-0.5555555555555556,negative,0.5555555555555556
步人后尘,-0.5555555555555556,negative,0.5555555555555556
步履维艰,-0.5555555555555556,negative,0.5555555555555556
武断,-0.5555555555555556,negative,0.5555555555555556
歧出,-0.5555555555555556,negative,0.5555555555555556
歧视,-0.5555555555555556,negative,0.5555555555555556
歧路亡羊,-0.5555555555555556,negative,0.5555555555555556
歧途,-0.5555555555555556,negative,0.5555555555555556
歪不横楞,-0.7777777777777778,negative,0.7777777777777778
歪八竖八,-0.7777777777777778,negative,0.7777777777777778
歪心邪意,-0.7777777777777778,negative,0.7777777777777778
歪打正着,-0.7777777777777778,negative,0.7777777777777778
歪斜,-0.5555555555555556,negative,0.5555555555555556
歪曲,-0.5555555555555556,negative,0.5555555555555556
歪歪扭扭,-0.5555555555555556,negative,0.5555555555555556
歪理,-0.5555555555555556,negative,0.5555555555555556
歪缠,-0.3333333333333333,negative,0.3333333333333333
歪道,-0.7777777777777778,negative,0.7777777777777778
歪门邪道,-0.5555555555555556,negative,0.5555555555555556
歪风,-0.5555555555555556,negative,0.5555555555555556
歪风邪气,-0.7777777777777778,negative,0.7777777777777778
歹人,-0.7777777777777778,negative,0.7777777777777778
歹徒,-0.7777777777777778,negative,0.7777777777777778
歹心,-0.5555555555555556,negative,0.5555555555555556
歹毒,-1.0,negative,1.0
死一般,-1.0,negative,1.0
死不足惜,-0.7777777777777778,negative,0.7777777777777778
死乞白赖,-0.5555555555555556,negative,0.5555555555555556
死乞百赖,-0.5555555555555556,negative,0.5555555555555556
死别生离,-0.5555555555555556,negative,0.5555555555555556
死去活来,-1.0,negative,1.0
死告活央,-0.5555555555555556,negative,0.5555555555555556
死地,-0.5555555555555556,negative,0.5555555555555556
死声咷气,-0.5555555555555556,negative,0.5555555555555556
死声活气,-0.5555555555555556,negative,0.5555555555555556
死声淘气,-0.5555555555555556,negative,0.5555555555555556
死心眼,-0.3333333333333333,negative,0.3333333333333333
死心眼儿,-0.3333333333333333,negative,0.3333333333333333
死性,-1.0,negative,1.0
死无对证,-0.3333333333333333,negative,0.3333333333333333
死无葬身之地,-1.0,negative,1.0
死有余僇,-1.0,negative,1.0
死有余罪,-0.5555555555555556,negative,0.5555555555555556
死有余诛,-0.7777777777777778,negative,0.7777777777777778
死有余责,-0.5555555555555556,negative,0.5555555555555556
死有余辜,-1.0,negative,1.0
死板,-0.3333333333333333,negative,0.3333333333333333
死板板,-1.0,negative,1.0
死样活气,-0.5555555555555556,negative,0.5555555555555556
死模活样,-0.5555555555555556,negative,0.5555555555555556
死死,-1.0,negative,1.0
死气沉沉,-0.5555555555555556,negative,0.5555555555555556
死气白赖,-0.5555555555555556,negative,0.5555555555555556
死求白赖,-0.5555555555555556,negative,0.5555555555555556
死求百赖,-0.5555555555555556,negative,0.5555555555555556
死沉沉,-1.0,negative,1.0
死灰复燃,-1.0,negative,1.0
死灰槁木,-0.5555555555555556,negative,0.5555555555555556
死皮赖脸,-0.7777777777777778,negative,0.7777777777777778
死眉瞪眼,-0.5555555555555556,negative,0.5555555555555556
死硬,-0.5555555555555556,negative,0.5555555555555556
死硬派,-0.3333333333333333,negative,0.3333333333333333
死而无侮,-0.7777777777777778,negative,0.7777777777777778
死脑筋,-1.0,negative,1.0
死败涂地,-0.5555555555555556,negative,0.5555555555555556
死顽固,-0.5555555555555556,negative,0.5555555555555556
残兵败将,-0.5555555555555556,negative,0.5555555555555556
残品,-0.1111111111111111,negative,0.1111111111111111
残喘,-0.5555555555555556,negative,0.5555555555555556
残害,-1.0,negative,1.0
残局,-0.5555555555555556,negative,0.5555555555555556
残废,-0.7777777777777778,negative,0.7777777777777778
残损,-0.3333333333333333,negative,0.3333333333333333
残暴,-1.0,negative,1.0
残杀,-0.7777777777777778,negative,0.7777777777777778
残毒,-0.5555555555555556,negative,0.5555555555555556
残渣余孽,-1.0,negative,1.0
残疾,-0.7777777777777778,negative,0.7777777777777778
残破,-0.1111111111111111,negative,0.1111111111111111
残破不全,-0.1111111111111111,negative,0.1111111111111111
残虐,-0.5555555555555556,negative,0.5555555555555556
残虐不仁,-1.0,negative,1.0
残败,-0.3333333333333333,negative,0.3333333333333333
残货,-0.3333333333333333,negative,0.3333333333333333
残酷无情,-1.0,negative,1.0
殒越,-0.5555555555555556,negative,0.5555555555555556
殡仪馆,-0.5555555555555556,negative,0.5555555555555556
殡葬,-0.5555555555555556,negative,0.5555555555555556
殡车,-0.3333333333333333,negative,0.3333333333333333
殴打,-0.7777777777777778,negative,0.7777777777777778
殷忧,-0.7777777777777778,negative,0.7777777777777778
毁于一旦,-0.7777777777777778,negative,0.7777777777777778
毁伤,-0.3333333333333333,negative,0.3333333333333333
毁坏,-0.3333333333333333,negative,0.3333333333333333
毁害,-0.5555555555555556,negative,0.5555555555555556
毁弃,-0.3333333333333333,negative,0.3333333333333333
毁损,-0.3333333333333333,negative,0.3333333333333333
毁方投圆,-0.5555555555555556,negative,0.5555555555555556
毁约,-0.1111111111111111,negative,0.1111111111111111
毁誉,-0.5555555555555556,negative,0.5555555555555556
毁谤,-0.3333333333333333,negative,0.3333333333333333
毁钟为铎,-0.7777777777777778,negative,0.7777777777777778
母夜叉,-0.5555555555555556,negative,0.5555555555555556
每况愈下,-0.1111111111111111,negative,0.1111111111111111
毒刑,-0.5555555555555556,negative,0.5555555555555556
毒化,-1.0,negative,1.0
毒品,-0.5555555555555556,negative,0.5555555555555556
毒害,-0.7777777777777778,negative,0.7777777777777778
毒手,-0.5555555555555556,negative,0.5555555555555556
毒打,-0.7777777777777778,negative,0.7777777777777778
毒泷恶雾,-0.7777777777777778,negative,0.7777777777777778
毒物,-1.0,negative,1.0
毒犯,-0.5555555555555556,negative,0.5555555555555556
毒瘤,-0.7777777777777778,negative,0.7777777777777778
毒素,-0.5555555555555556,negative,0.5555555555555556
毒草,-0.5555555555555556,negative,0.5555555555555556
毒蛇猛兽,-0.7777777777777778,negative,0.7777777777777778
毒计,-0.7777777777777778,negative,0.7777777777777778
毒谋,-0.7777777777777778,negative,0.7777777777777778
毒贩,-0.5555555555555556,negative,0.5555555555555556
毒赋賸敛,-0.5555555555555556,negative,0.5555555555555556
毒辣,-1.0,negative,1.0
毒魔狠怪,-0.7777777777777778,negative,0.7777777777777778
毕其功于一役,-0.3333333333333333,negative,0.3333333333333333
毕命,-1.0,negative,1.0
毙命,-0.5555555555555556,negative,0.5555555555555556
毛举细故,-0.7777777777777778,negative,0.7777777777777778
毛发悚然,-1.0,negative,1.0
毛发耸然,-1.0,negative,1.0
毛头毛脑,-0.5555555555555556,negative,0.5555555555555556
毛子,-0.3333333333333333,negative,0.3333333333333333
毛手毛脚,-0.5555555555555556,negative,0.5555555555555556
毛毛躁躁,-0.5555555555555556,negative,0.5555555555555556
毛病,-0.4444444444444444,negative,0.4444444444444444
毛糙,-0.3333333333333333,negative,0.3333333333333333
毛羽未丰,-0.5555555555555556,negative,0.5555555555555556
毛躁,-0.3333333333333333,negative,0.3333333333333333
毛遂堕井,-0.7777777777777778,negative,0.7777777777777778
毛骨悚然,-0.7777777777777778,negative,0.7777777777777778
毛骨竦然,-1.0,negative,1.0
毛骨耸然,-1.0,negative,1.0
毫不客气,-0.5555555555555556,negative,0.5555555555555556
毫不留情,-0.5555555555555556,negative,0.5555555555555556
毫厘千里,-0.7777777777777778,negative,0.7777777777777778
毫无价值,-1.0,negative,1.0
毫无意义,-1.0,negative,1.0
毫无用处,-1.0,negative,1.0
毫釐千里,-0.7777777777777778,negative,0.7777777777777778
民不堪命,-1.0,negative,1.0
民怨,-0.5555555555555556,negative,0.5555555555555556
民怨沸腾,-1.0,negative,1.0
民怨盈涂,-1.0,negative,1.0
民生凋敝,-0.5555555555555556,negative,0.5555555555555556
民穷财尽,-0.5555555555555556,negative,0.5555555555555556
民贼,-0.5555555555555556,negative,0.5555555555555556
气充志骄,-0.7777777777777778,negative,0.7777777777777778
气冲斗牛,-0.7777777777777778,negative,0.7777777777777778
气势汹汹,-0.5555555555555556,negative,0.5555555555555556
气味,-0.5555555555555556,negative,0.5555555555555556
气忍声吞,-0.5555555555555556,negative,0.5555555555555556
气急败丧,-0.7777777777777778,negative,0.7777777777777778
气急败坏,-1.0,negative,1.0
气断声吞,-1.0,negative,1.0
气消胆夺,-1.0,negative,1.0
气焰,-0.6666666666666667,negative,0.6666666666666667
气焰熏天,-1.0,negative,1.0
气短,-0.3333333333333333,negative,0.3333333333333333
水中捉月,-0.5555555555555556,negative,0.5555555555555556
水中捞月,-0.5555555555555556,negative,0.5555555555555556
水底捞月,-0.5555555555555556,negative,0.5555555555555556
水底捞针,-0.5555555555555556,negative,0.5555555555555556
水底摸月,-0.5555555555555556,negative,0.5555555555555556
水性杨花,-0.7777777777777778,negative,0.7777777777777778
水泄不通,-1.0,negative,1.0
水火不相容,-1.0,negative,1.0
水火兵虫,-0.7777777777777778,negative,0.7777777777777778
水至清则无鱼,-0.1111111111111111,negative,0.1111111111111111
求全,-0.1111111111111111,negative,0.1111111111111111
求全之毁,-0.3333333333333333,negative,0.3333333333333333
求全责备,-0.3333333333333333,negative,0.3333333333333333
求生害仁,-0.5555555555555556,negative,0.5555555555555556
求田问舍,-0.5555555555555556,negative,0.5555555555555556
求道于盲,-0.3333333333333333,negative,0.3333333333333333
汉奸,-0.5555555555555556,negative,0.5555555555555556
汗颜,-0.5555555555555556,negative,0.5555555555555556
江山好改，本性难移,-0.5555555555555556,negative,0.5555555555555556
江山好改，秉性难移,-0.5555555555555556,negative,0.5555555555555556
江山易改，本性难移,-0.3333333333333333,negative,0.3333333333333333
江山易改，禀性难移,-0.5555555555555556,negative,0.5555555555555556
江山易改，秉性难移,-0.5555555555555556,negative,0.5555555555555556
江河日下,-0.3333333333333333,negative,0.3333333333333333
江洋大盗,-0.7777777777777778,negative,0.7777777777777778
江流日下,-0.5555555555555556,negative,0.5555555555555556
江淹才尽,-0.5555555555555556,negative,0.5555555555555556
江淹梦笔,-0.5555555555555556,negative,0.5555555555555556
江湖骗子,-0.5555555555555556,negative,0.5555555555555556
江郎才尽,-0.5555555555555556,negative,0.5555555555555556
江郎才掩,-0.5555555555555556,negative,0.5555555555555556
池鱼之祸,-0.7777777777777778,negative,0.7777777777777778
污七八糟,-1.0,negative,1.0
污手垢面,-0.5555555555555556,negative,0.5555555555555556
污染,-0.5555555555555556,negative,0.5555555555555556
污毒,-0.5555555555555556,negative,0.5555555555555556
污泥浊水,-0.7777777777777778,negative,0.7777777777777778
污浊,-0.3333333333333333,negative,0.3333333333333333
污点,-0.5555555555555556,negative,0.5555555555555556
污秽,-0.7777777777777778,negative,0.7777777777777778
汰劣留良,-0.7777777777777778,negative,0.7777777777777778
汹汹,-0.7777777777777778,negative,0.7777777777777778
沆瀣一气,-0.7777777777777778,negative,0.7777777777777778
沉冤,-0.7777777777777778,negative,0.7777777777777778
沉吟,-0.5555555555555556,negative,0.5555555555555556
沉吟不决,-0.3333333333333333,negative,0.3333333333333333
沉沦,-0.5555555555555556,negative,0.5555555555555556
沉沧,-0.5555555555555556,negative,0.5555555555555556
沉渣,-0.5555555555555556,negative,0.5555555555555556
沉溺,-0.1111111111111111,negative,0.1111111111111111
沉滞,-0.3333333333333333,negative,0.3333333333333333
沉痼,-0.5555555555555556,negative,0.5555555555555556
沉迷,-0.5555555555555556,negative,0.5555555555555556
沐猴而冠,-1.0,negative,1.0
沐猴衣冠,-0.6666666666666666,negative,0.6666666666666666
沙场,-0.5555555555555556,negative,0.5555555555555556
沙文主义,-0.5555555555555556,negative,0.5555555555555556
没两下子,-0.7777777777777778,negative,0.7777777777777778
没什么了不得,-0.3333333333333333,negative,0.3333333333333333
没什么了不起,-0.3333333333333333,negative,0.3333333333333333
没出息,-0.3333333333333333,negative,0.3333333333333333
没劲,-0.3333333333333333,negative,0.3333333333333333
没受过教育,-0.3333333333333333,negative,0.3333333333333333
没可奈何,-0.5555555555555556,negative,0.5555555555555556
没味,-0.3333333333333333,negative,0.3333333333333333
没头没脑,-0.5555555555555556,negative,0.5555555555555556
没头没脸,-0.5555555555555556,negative,0.5555555555555556
没头脑,-0.5555555555555556,negative,0.5555555555555556
没头苍蝇,-0.7777777777777778,negative,0.7777777777777778
没奈何,-0.3333333333333333,negative,0.3333333333333333
没好气,-0.5555555555555556,negative,0.5555555555555556
没心没肺,-0.7777777777777778,negative,0.7777777777777778
没心眼儿,-0.3333333333333333,negative,0.3333333333333333
没教养,-0.7777777777777778,negative,0.7777777777777778
没有勇气,-0.1111111111111111,negative,0.1111111111111111
没有头脑,-0.5555555555555556,negative,0.5555555555555556
没有学问,-0.3333333333333333,negative,0.3333333333333333
没有教养,-1.0,negative,1.0
没有礼貌,-0.3333333333333333,negative,0.3333333333333333
没查没利,-0.7777777777777778,negative,0.7777777777777778
没样儿,-0.1111111111111111,negative,0.1111111111111111
没没无闻,-0.1111111111111111,negative,0.1111111111111111
没治,-0.3333333333333333,negative,0.3333333333333333
没法奈何,-0.5555555555555556,negative,0.5555555555555556
没理,-0.3333333333333333,negative,0.3333333333333333
没用,-0.5555555555555556,negative,0.5555555555555556
没皮没脸,-0.5555555555555556,negative,0.5555555555555556
没眉没眼,-0.1111111111111111,negative,0.1111111111111111
没礼貌,-0.3333333333333333,negative,0.3333333333333333
没精塌彩,-0.7777777777777778,negative,0.7777777777777778
没精打彩,-0.7777777777777778,negative,0.7777777777777778
没精打采,-0.3333333333333333,negative,0.3333333333333333
没精没彩,-0.7777777777777778,negative,0.7777777777777778
没羞,-0.3333333333333333,negative,0.3333333333333333
没脸,-0.5555555555555556,negative,0.5555555555555556
没落子,-0.3333333333333333,negative,0.3333333333333333
没见过世面,-0.3333333333333333,negative,0.3333333333333333
没计奈何,-0.5555555555555556,negative,0.5555555555555556
没趣,-0.1111111111111111,negative,0.1111111111111111
没轻没重,-0.5555555555555556,negative,0.5555555555555556
没里没外,-0.1111111111111111,negative,0.1111111111111111
没颠没倒,-0.5555555555555556,negative,0.5555555555555556
没骨头,-0.7777777777777778,negative,0.7777777777777778
沦丧,-0.5555555555555556,negative,0.5555555555555556
沦亡,-0.7777777777777778,negative,0.7777777777777778
沦落,-0.7777777777777778,negative,0.7777777777777778
沦陷,-0.7777777777777778,negative,0.7777777777777778
沧海遗珠,-0.5555555555555556,negative,0.5555555555555556
河东狮吼,-0.3333333333333333,negative,0.3333333333333333
河东狮子,-0.5555555555555556,negative,0.5555555555555556
河东狮子吼,-0.7777777777777778,negative,0.7777777777777778
河决鱼烂,-1.0,negative,1.0
河水不犯井水,-0.5555555555555556,negative,0.5555555555555556
河清海竭,-0.5555555555555556,negative,0.5555555555555556
河蟹,-0.5555555555555556,negative,0.5555555555555556
河门海口,-0.5555555555555556,negative,0.5555555555555556
沸反盈天,-0.7777777777777778,negative,0.7777777777777778
沸沸扬扬,-0.3333333333333333,negative,0.3333333333333333
油光水滑,-0.3333333333333333,negative,0.3333333333333333
油嘴,-0.5555555555555556,negative,0.5555555555555556
油嘴油舌,-0.5555555555555556,negative,0.5555555555555556
油嘴滑舌,-0.5555555555555556,negative,0.5555555555555556
油嘴狗舌,-0.7777777777777778,negative,0.7777777777777778
油嘴花唇,-0.5555555555555556,negative,0.5555555555555556
油嘴花脣,-0.5555555555555556,negative,0.5555555555555556
油头滑脑,-0.5555555555555556,negative,0.5555555555555556
油头滑脑 ,-0.5555555555555556,negative,0.5555555555555556
油头滑脸,-0.5555555555555556,negative,0.5555555555555556
油头滑面,-0.5555555555555556,negative,0.5555555555555556
油头粉面,-0.5555555555555556,negative,0.5555555555555556
油水,-0.3333333333333333,negative,0.3333333333333333
油滑,-0.3333333333333333,negative,0.3333333333333333
油腔滑调,-0.5555555555555556,negative,0.5555555555555556
油腻,-0.3333333333333333,negative,0.3333333333333333
治丝而棼,-0.5555555555555556,negative,0.5555555555555556
沽名,-0.7777777777777778,negative,0.7777777777777778
沽名卖直,-0.7777777777777778,negative,0.7777777777777778
沽名吊誉,-0.7777777777777778,negative,0.7777777777777778
沽名干誉,-0.7777777777777778,negative,0.7777777777777778
沽名要誉,-0.7777777777777778,negative,0.7777777777777778
沽名钓誉,-0.7777777777777778,negative,0.7777777777777778
沽激虚名,-0.5555555555555556,negative,0.5555555555555556
沽誉买直,-0.7777777777777778,negative,0.7777777777777778
沽誉钓名,-0.7777777777777778,negative,0.7777777777777778
沾染,-0.3333333333333333,negative,0.3333333333333333
沾沾自喜,-0.1111111111111111,negative,0.1111111111111111
沾沾自好,-0.3333333333333333,negative,0.3333333333333333
沾沾自满,-0.3333333333333333,negative,0.3333333333333333
沾沾自衒,-0.7777777777777778,negative,0.7777777777777778
沾泥带水,-0.3333333333333333,negative,0.3333333333333333
沾花惹草,-0.5555555555555556,negative,0.5555555555555556
沾风惹草,-0.5555555555555556,negative,0.5555555555555556
沿门托钵,-0.3333333333333333,negative,0.3333333333333333
泄密,-0.5555555555555556,negative,0.5555555555555556
泄愤,-0.3333333333333333,negative,0.3333333333333333
泄露,-0.5555555555555556,negative,0.5555555555555556
法盲,-0.5555555555555556,negative,0.5555555555555556
泛泛而谈,-0.7777777777777778,negative,0.7777777777777778
泛滥,-0.5555555555555556,negative,0.5555555555555556
泛滥成灾,-1.0,negative,1.0
泡汤,-0.5555555555555556,negative,0.5555555555555556
泡病号,-0.5555555555555556,negative,0.5555555555555556
波及,-0.5555555555555556,negative,0.5555555555555556
波折,-0.5555555555555556,negative,0.5555555555555556
波涛,-0.3333333333333333,negative,0.3333333333333333
波荡,-0.5555555555555556,negative,0.5555555555555556
泣不可仰,-1.0,negative,1.0
泣涕如雨,-1.0,negative,1.0
泥古,-0.3333333333333333,negative,0.3333333333333333
泥古不化,-0.7777777777777778,negative,0.7777777777777778
泥古拘方,-0.5555555555555556,negative,0.5555555555555556
泥古非今,-0.5555555555555556,negative,0.5555555555555556
泥名失实,-0.5555555555555556,negative,0.5555555555555556
泥塑木雕,-0.5555555555555556,negative,0.5555555555555556
泥猪瓦狗,-0.5555555555555556,negative,0.5555555555555556
泥猪疥狗,-0.5555555555555556,negative,0.5555555555555556
泥猪癞狗,-0.5555555555555556,negative,0.5555555555555556
泥腿,-0.5555555555555556,negative,0.5555555555555556
泥足巨人,-0.5555555555555556,negative,0.5555555555555556
泥车瓦马,-0.5555555555555556,negative,0.5555555555555556
泯没,-0.5555555555555556,negative,0.5555555555555556
泯灭,-0.5555555555555556,negative,0.5555555555555556
泰山梁木,-0.7777777777777778,negative,0.7777777777777778
泻肚,-0.1111111111111111,negative,0.1111111111111111
泼剌,-0.7777777777777778,negative,0.7777777777777778
泼天大祸,-0.7777777777777778,negative,0.7777777777777778
泼妇,-0.5555555555555556,negative,0.5555555555555556
泼妇骂街,-0.5555555555555556,negative,0.5555555555555556
泼悍,-0.7777777777777778,negative,0.7777777777777778
泼油救火,-0.5555555555555556,negative,0.5555555555555556
泼皮,-0.5555555555555556,negative,0.5555555555555556
泼辣,-0.7777777777777778,negative,0.7777777777777778
泽吻磨牙,-0.5555555555555556,negative,0.5555555555555556
洋鬼子,-0.5555555555555556,negative,0.5555555555555556
洒洒潇潇,-0.5555555555555556,negative,0.5555555555555556
洒狗血,-0.1111111111111111,negative,0.1111111111111111
洗劫,-0.3333333333333333,negative,0.3333333333333333
洗垢求瑕,-0.5555555555555556,negative,0.5555555555555556
洗垢求瘢,-0.5555555555555556,negative,0.5555555555555556
洗垢球瘢,-0.7777777777777778,negative,0.7777777777777778
洗垢索瘢,-0.7777777777777778,negative,0.7777777777777778
洗雪逋负,-0.7777777777777778,negative,0.7777777777777778
洞烛其奸,-0.5555555555555556,negative,0.5555555555555556
洪水横流,-0.7777777777777778,negative,0.7777777777777778
洪水猛兽,-0.7777777777777778,negative,0.7777777777777778
洪灾,-0.5555555555555556,negative,0.5555555555555556
活剥生吞,-0.5555555555555556,negative,0.5555555555555556
活地狱,-0.5555555555555556,negative,0.5555555555555556
活罪,-0.5555555555555556,negative,0.5555555555555556
派头,-0.5555555555555556,negative,0.5555555555555556
流俗,-0.3333333333333333,negative,0.3333333333333333
流天澈地,-0.1111111111111111,negative,0.1111111111111111
流寇,-0.5555555555555556,negative,0.5555555555555556
流寇主义,-0.5555555555555556,negative,0.5555555555555556
流年不利,-0.3333333333333333,negative,0.3333333333333333
流弊,-0.5555555555555556,negative,0.5555555555555556
流毒,-1.0,negative,1.0
流氓,-0.3333333333333333,negative,0.3333333333333333
流气,-0.5555555555555556,negative,0.5555555555555556
流水无情,-0.3333333333333333,negative,0.3333333333333333
流汗浃背,-0.7777777777777778,negative,0.7777777777777778
流离琐尾,-0.5555555555555556,negative,0.5555555555555556
流离颠沛,-1.0,negative,1.0
流离颠疐,-1.0,negative,1.0
流离颠顿,-1.0,negative,1.0
流移失所,-0.7777777777777778,negative,0.7777777777777778
流窜,-0.3333333333333333,negative,0.3333333333333333
流落他乡,-0.3333333333333333,negative,0.3333333333333333
流落天涯,-0.3333333333333333,negative,0.3333333333333333
流落失所,-0.7777777777777778,negative,0.7777777777777778
流落风尘,-0.7777777777777778,negative,0.7777777777777778
流言,-0.3333333333333333,negative,0.3333333333333333
流言惑众,-0.5555555555555556,negative,0.5555555555555556
流言混话,-0.7777777777777778,negative,0.7777777777777778
流言蜚语,-0.1111111111111111,negative,0.1111111111111111
流言风语,-0.7777777777777778,negative,0.7777777777777778
流言飞文,-0.7777777777777778,negative,0.7777777777777778
流言飞语,-0.7777777777777778,negative,0.7777777777777778
流里流气,-0.7777777777777778,negative,0.7777777777777778
浅嚐辄止,-0.5555555555555556,negative,0.5555555555555556
浅学,-0.3333333333333333,negative,0.3333333333333333
浅尝,-0.3333333333333333,negative,0.3333333333333333
浅尝辄止,-0.3333333333333333,negative,0.3333333333333333
浅斟低唱,-0.5555555555555556,negative,0.5555555555555556
浅薄,-0.7777777777777778,negative,0.7777777777777778
浅见,-0.3333333333333333,negative,0.3333333333333333
浅见寡闻,-0.5555555555555556,negative,0.5555555555555556
浅近,-0.1111111111111111,negative,0.1111111111111111
浅陋,-0.5555555555555556,negative,0.5555555555555556
浆酒藿肉,-0.5555555555555556,negative,0.5555555555555556
浆酒霍肉,-1.0,negative,1.0
浇淳散朴,-0.5555555555555556,negative,0.5555555555555556
浇漓,-0.7777777777777778,negative,0.7777777777777778
浇薄,-0.7777777777777778,negative,0.7777777777777778
浇醇散朴,-0.5555555555555556,negative,0.5555555555555556
浊世,-0.5555555555555556,negative,0.5555555555555556
浊流,-0.5555555555555556,negative,0.5555555555555556
浊浪,-0.3333333333333333,negative,0.3333333333333333
浊质凡姿,-0.5555555555555556,negative,0.5555555555555556
浊重,-0.3333333333333333,negative,0.3333333333333333
浑俗和光,-0.5555555555555556,negative,0.5555555555555556
浑噩,-1.0,negative,1.0
浑头浑脑,-0.5555555555555556,negative,0.5555555555555556
浑抡吞枣,-0.5555555555555556,negative,0.5555555555555556
浑水摸鱼,-0.1111111111111111,negative,0.1111111111111111
浑沦吞枣,-0.5555555555555556,negative,0.5555555555555556
浑浑噩噩,-1.0,negative,1.0
浑浑沈沈,-0.5555555555555556,negative,0.5555555555555556
浑浑沌沌,-0.5555555555555556,negative,0.5555555555555556
浑然无知,-0.3333333333333333,negative,0.3333333333333333
浑蛋,-0.5555555555555556,negative,0.5555555555555556
浞訾栗斯,-0.7777777777777778,negative,0.7777777777777778
浪子,-0.3333333333333333,negative,0.3333333333333333
浪蝶游蜂,-0.5555555555555556,negative,0.5555555555555556
浪蝶狂蜂,-0.5555555555555556,negative,0.5555555555555556
浪费,-0.7777777777777778,negative,0.7777777777777778
浪迹浮踪,-0.1111111111111111,negative,0.1111111111111111
浪迹萍踪,-0.5555555555555556,negative,0.5555555555555556
浮云蔽日,-1.0,negative,1.0
浮光掠影,-0.5555555555555556,negative,0.5555555555555556
浮光略影,-0.5555555555555556,negative,0.5555555555555556
浮华,-0.1111111111111111,negative,0.1111111111111111
浮头滑脑,-0.7777777777777778,negative,0.7777777777777778
浮夸,-0.3333333333333333,negative,0.3333333333333333
浮报,-0.3333333333333333,negative,0.3333333333333333
浮收勒折,-0.7777777777777778,negative,0.7777777777777778
浮收勒索,-0.7777777777777778,negative,0.7777777777777778
浮泛,-0.7777777777777778,negative,0.7777777777777778
浮浅,-0.5555555555555556,negative,0.5555555555555556
浮滑,-0.3333333333333333,negative,0.3333333333333333
浮漂,-0.1111111111111111,negative,0.1111111111111111
浮生若梦,-0.5555555555555556,negative,0.5555555555555556
浮皮潦草,-0.5555555555555556,negative,0.5555555555555556
浮皮蹭痒,-0.7777777777777778,negative,0.7777777777777778
浮石沈木,-0.5555555555555556,negative,0.5555555555555556
浮石沉木,-0.5555555555555556,negative,0.5555555555555556
浮礼,-0.1111111111111111,negative,0.1111111111111111
浮笔浪墨,-0.5555555555555556,negative,0.5555555555555556
浮艳,-0.3333333333333333,negative,0.3333333333333333
浮花浪蕊,-0.5555555555555556,negative,0.5555555555555556
浮荡,-0.7777777777777778,negative,0.7777777777777778
浮词,-0.3333333333333333,negative,0.3333333333333333
浮语虚词,-0.5555555555555556,negative,0.5555555555555556
浮躁,-0.5555555555555556,negative,0.5555555555555556
海中捞月,-0.5555555555555556,negative,0.5555555555555556
海匪,-0.3333333333333333,negative,0.3333333333333333
海市蜃楼,-0.7777777777777778,negative,0.7777777777777778
海底捞月,-0.5555555555555556,negative,0.5555555555555556
海底捞针,-0.5555555555555556,negative,0.5555555555555556
海水群飞,-1.0,negative,1.0
海盗,-0.5555555555555556,negative,0.5555555555555556
海阔天高,-0.5555555555555556,negative,0.5555555555555556
海难,-0.3333333333333333,negative,0.3333333333333333
涂炭,-0.7777777777777778,negative,0.7777777777777778
涂脂抹粉,-0.3333333333333333,negative,0.3333333333333333
消损白日,-0.5555555555555556,negative,0.5555555555555556
消极,-0.5555555555555556,negative,0.5555555555555556
涉嫌,-0.5555555555555556,negative,0.5555555555555556
涎皮涎脸,-0.7777777777777778,negative,0.7777777777777778
涎眉邓眼,-0.7777777777777778,negative,0.7777777777777778
涎着脸,-0.5555555555555556,negative,0.5555555555555556
涎脸涎皮,-0.7777777777777778,negative,0.7777777777777778
涎脸餳眼,-0.5555555555555556,negative,0.5555555555555556
涎言涎语,-0.7777777777777778,negative,0.7777777777777778
涕泗滂沲,-1.0,negative,1.0
涕零如雨,-1.0,negative,1.0
涝害,-0.3333333333333333,negative,0.3333333333333333
涣散,-0.3333333333333333,negative,0.3333333333333333
涩滞,-0.3333333333333333,negative,0.3333333333333333
涩苦,-0.3333333333333333,negative,0.3333333333333333
涸泽而渔,-0.7777777777777778,negative,0.7777777777777778
淆乱,-0.3333333333333333,negative,0.3333333333333333
淆惑,-0.7777777777777778,negative,0.7777777777777778
淆惑视听,-0.5555555555555556,negative,0.5555555555555556
淘神,-0.3333333333333333,negative,0.3333333333333333
淡妆浓抹,-0.3333333333333333,negative,0.3333333333333333
淡而不厌,-0.5555555555555556,negative,0.5555555555555556
淡而无味,-0.3333333333333333,negative,0.3333333333333333
淡饭黄齑,-0.5555555555555556,negative,0.5555555555555556
淤积,-0.5555555555555556,negative,0.5555555555555556
淫乐,-0.7777777777777778,negative,0.7777777777777778
淫书,-0.5555555555555556,negative,0.5555555555555556
淫乱,-0.7777777777777778,negative,0.7777777777777778
淫亵,-0.7777777777777778,negative,0.7777777777777778
淫威,-0.7777777777777778,negative,0.7777777777777778
淫心,-0.7777777777777778,negative,0.7777777777777778
淫心匿行,-0.5555555555555556,negative,0.5555555555555556
淫朋狎友,-0.5555555555555556,negative,0.5555555555555556
淫棍,-0.5555555555555556,negative,0.5555555555555556
淫猥,-0.7777777777777778,negative,0.7777777777777778
淫画,-0.5555555555555556,negative,0.5555555555555556
淫秽,-0.7777777777777778,negative,0.7777777777777778
淫糜,-0.7777777777777778,negative,0.7777777777777778
淫荡,-0.7777777777777778,negative,0.7777777777777778
淫言媟语,-0.5555555555555556,negative,0.5555555555555556
淫言狎语,-0.5555555555555556,negative,0.5555555555555556
淫言诐行,-0.3333333333333333,negative,0.3333333333333333
淫词亵语,-0.7777777777777778,negative,0.7777777777777778
淫词秽语,-0.7777777777777778,negative,0.7777777777777778
淫贱,-0.5555555555555556,negative,0.5555555555555556
淫辞,-0.5555555555555556,negative,0.5555555555555556
淫辞秽语,-0.7777777777777778,negative,0.7777777777777778
淫辞邪说,-0.8888888888888888,negative,0.8888888888888888
淫逸,-0.5555555555555556,negative,0.5555555555555556
淫邪,-0.5555555555555556,negative,0.5555555555555556
淫雨,-0.5555555555555556,negative,0.5555555555555556
淫靡,-0.7777777777777778,negative,0.7777777777777778
淫风,-0.5555555555555556,negative,0.5555555555555556
淮王鸡狗,-0.5555555555555556,negative,0.5555555555555556
深仇大恨,-1.0,negative,1.0
深仇宿怨,-0.5555555555555556,negative,0.5555555555555556
深仇重怨,-0.7777777777777778,negative,0.7777777777777778
深奸巨猾,-0.5555555555555556,negative,0.5555555555555556
深恶痛嫉,-0.5555555555555556,negative,0.5555555555555556
深恶痛疾,-0.5555555555555556,negative,0.5555555555555556
深文傅会,-0.5555555555555556,negative,0.5555555555555556
深文周纳,-0.5555555555555556,negative,0.5555555555555556
深文巧诋,-0.5555555555555556,negative,0.5555555555555556
深文曲折,-0.5555555555555556,negative,0.5555555555555556
深根蟠结,-0.7777777777777778,negative,0.7777777777777778
深闭固拒,-0.5555555555555556,negative,0.5555555555555556
混世魔王,-0.7777777777777778,negative,0.7777777777777778
混为一谈,-0.3333333333333333,negative,0.3333333333333333
混事,-0.1111111111111111,negative,0.1111111111111111
混作一谈,-0.5555555555555556,negative,0.5555555555555556
混噩,-0.5555555555555556,negative,0.5555555555555556
混帐,-0.5555555555555556,negative,0.5555555555555556
混水捞鱼,-0.5555555555555556,negative,0.5555555555555556
混水摸鱼,-0.5555555555555556,negative,0.5555555555555556
混淆不清,-0.3333333333333333,negative,0.3333333333333333
混淆是非,-0.5555555555555556,negative,0.5555555555555556
混淆黑白,-0.5555555555555556,negative,0.5555555555555556
混混儿,-0.5555555555555556,negative,0.5555555555555556
混混噩噩,-0.5555555555555556,negative,0.5555555555555556
混混沌沌,-1.0,negative,1.0
混蛋,-0.7777777777777778,negative,0.7777777777777778
混说,-0.1111111111111111,negative,0.1111111111111111
混账,-0.5555555555555556,negative,0.5555555555555556
添乱,-0.5555555555555556,negative,0.5555555555555556
添堵,-0.5555555555555556,negative,0.5555555555555556
添枝加叶,-0.7777777777777778,negative,0.7777777777777778
添枝增叶,-0.7777777777777778,negative,0.7777777777777778
添枝接叶,-0.7777777777777778,negative,0.7777777777777778
添油加醋,-0.7777777777777778,negative,0.7777777777777778
添油炽薪,-0.7777777777777778,negative,0.7777777777777778
添盐着醋,-0.5555555555555556,negative,0.5555555555555556
添醋加油,-0.7777777777777778,negative,0.7777777777777778
清君侧,-0.5555555555555556,negative,0.5555555555555556
清算,-0.3333333333333333,negative,0.3333333333333333
渊鱼丛爵,-0.5555555555555556,negative,0.5555555555555556
渎犯,-0.7777777777777778,negative,0.7777777777777778
渎神,-1.0,negative,1.0
渎职,-0.5555555555555556,negative,0.5555555555555556
渎货无厌,-1.0,negative,1.0
渔人得利,-0.5555555555555556,negative,0.5555555555555556
渔翁之利,-0.5555555555555556,negative,0.5555555555555556
渔翁得利,-0.5555555555555556,negative,0.5555555555555556
渔霸,-0.7777777777777778,negative,0.7777777777777778
渗入,-0.3333333333333333,negative,0.3333333333333333
渣滓,-0.5555555555555556,negative,0.5555555555555556
温吞,-0.5555555555555556,negative,0.5555555555555556
游戏人世,-0.5555555555555556,negative,0.5555555555555556
游戏人间,-0.3333333333333333,negative,0.3333333333333333
游戏笔墨,-0.5555555555555556,negative,0.5555555555555556
游戏翰墨,-0.5555555555555556,negative,0.5555555555555556
游手偷闲,-0.5555555555555556,negative,0.5555555555555556
游手好闲,-0.5555555555555556,negative,0.5555555555555556
游蜂戏蝶,-0.5555555555555556,negative,0.5555555555555556
游蜂浪蝶,-0.5555555555555556,negative,0.5555555555555556
游谈无根,-0.5555555555555556,negative,0.5555555555555556
游闲公子,-1.0,negative,1.0
渺小,-0.1111111111111111,negative,0.1111111111111111
溃不成军,-0.7777777777777778,negative,0.7777777777777778
溃乱,-0.1111111111111111,negative,0.1111111111111111
溃兵游勇,-0.7777777777777778,negative,0.7777777777777778
溃散,-0.7777777777777778,negative,0.7777777777777778
溃败,-1.0,negative,1.0
溘先朝露,-1.0,negative,1.0
溜之乎也,-0.3333333333333333,negative,0.3333333333333333
溜之大吉,-0.5555555555555556,negative,0.5555555555555556
溜号,-0.1111111111111111,negative,0.1111111111111111
溜边,-0.3333333333333333,negative,0.3333333333333333
溜门,-0.5555555555555556,negative,0.5555555555555556
溜须拍马,-0.3333333333333333,negative,0.3333333333333333
溢言虚美,-0.5555555555555556,negative,0.5555555555555556
溺爱,-0.5555555555555556,negative,0.5555555555555556
溽暑,-0.3333333333333333,negative,0.3333333333333333
溽热,-0.1111111111111111,negative,0.1111111111111111
滋事,-0.5555555555555556,negative,0.5555555555555556
滋生,-0.5555555555555556,negative,0.5555555555555556
滋蔓,-0.5555555555555556,negative,0.5555555555555556
滋长,-0.5555555555555556,negative,0.5555555555555556
滑天下之大稽,-0.7777777777777778,negative,0.7777777777777778
滑头,-0.5555555555555556,negative,0.5555555555555556
滑头滑脑,-0.5555555555555556,negative,0.5555555555555556
滑泥扬波,-0.5555555555555556,negative,0.5555555555555556
滔天,-0.7777777777777778,negative,0.7777777777777778
滚出去,-1.0,negative,1.0
滚蛋,-0.5555555555555556,negative,0.5555555555555556
滞后,-0.1111111111111111,negative,0.1111111111111111
滞钝,-1.0,negative,1.0
滞销,-0.5555555555555556,negative,0.5555555555555556
满坑满谷,-0.1111111111111111,negative,0.1111111111111111
满城风雨,-0.5555555555555556,negative,0.5555555555555556
满目凄凉,-0.7777777777777778,negative,0.7777777777777778
满脸横肉,-0.7777777777777778,negative,0.7777777777777778
满腹狐疑,-0.7777777777777778,negative,0.7777777777777778
滥官污吏,-0.7777777777777778,negative,0.7777777777777778
滥用,-0.1111111111111111,negative,0.1111111111111111
滥竽充数,-0.7777777777777778,negative,0.7777777777777778
滥竿充数,-0.5555555555555556,negative,0.5555555555555556
滥调,-0.3333333333333333,negative,0.3333333333333333
滴里嘟噜,-0.3333333333333333,negative,0.3333333333333333
漂亮话,-0.7777777777777778,negative,0.7777777777777778
漏卮,-0.5555555555555556,negative,0.5555555555555556
漏尽钟鸣,-0.5555555555555556,negative,0.5555555555555556
漏尽锺鸣,-0.5555555555555556,negative,0.5555555555555556
漏洞,-0.3333333333333333,negative,0.3333333333333333
漏洞百出,-0.5555555555555556,negative,0.5555555555555556
漏洩春光,-0.3333333333333333,negative,0.3333333333333333
漏税,-0.5555555555555556,negative,0.5555555555555556
漏网,-0.3333333333333333,negative,0.3333333333333333
漏网之鱼,-0.5555555555555556,negative,0.5555555555555556
漏脯充饥,-0.7777777777777778,negative,0.7777777777777778
漠不关心,-0.3333333333333333,negative,0.3333333333333333
漠不相关,-0.5555555555555556,negative,0.5555555555555556
漠然,-0.3333333333333333,negative,0.3333333333333333
漠然置之,-0.5555555555555556,negative,0.5555555555555556
漠视,-0.3333333333333333,negative,0.3333333333333333
漫不加意,-0.5555555555555556,negative,0.5555555555555556
漫不经心,-0.1111111111111111,negative,0.1111111111111111
漫天叫价,-0.5555555555555556,negative,0.5555555555555556
漫天大谎,-1.0,negative,1.0
漫天开价,-0.5555555555555556,negative,0.5555555555555556
漫天要价,-0.5555555555555556,negative,0.5555555555555556
漫天过海,-0.5555555555555556,negative,0.5555555555555556
漫无目标,-0.5555555555555556,negative,0.5555555555555556
漫无边际,-0.5555555555555556,negative,0.5555555555555556
漫漶,-0.5555555555555556,negative,0.5555555555555556
漫骂,-0.5555555555555556,negative,0.5555555555555556
潜窃阳剽,-1.0,negative,1.0
潜踪,-0.3333333333333333,negative,0.3333333333333333
潜逃,-0.5555555555555556,negative,0.5555555555555556
潢池盗弄,-0.5555555555555556,negative,0.5555555555555556
潦原浸天,-0.3333333333333333,negative,0.3333333333333333
潮乎乎,-0.5555555555555556,negative,0.5555555555555556
潮呼呼,-0.1111111111111111,negative,0.1111111111111111
潮湿,-0.1111111111111111,negative,0.1111111111111111
潸然,-0.3333333333333333,negative,0.3333333333333333
澜倒波随,-0.3333333333333333,negative,0.3333333333333333
澡垢索疵,-0.3333333333333333,negative,0.3333333333333333
激进,-0.1111111111111111,negative,0.1111111111111111
濒于,-0.3333333333333333,negative,0.3333333333333333
濒危,-0.7777777777777778,negative,0.7777777777777778
灌夫骂坐,-0.5555555555555556,negative,0.5555555555555556
火上加油,-0.5555555555555556,negative,0.5555555555555556
火上浇油,-0.7777777777777778,negative,0.7777777777777778
火上添油,-0.5555555555555556,negative,0.5555555555555556
火头上,-0.5555555555555556,negative,0.5555555555555556
火妻灰子,-1.0,negative,1.0
火急火燎,-0.5555555555555556,negative,0.5555555555555556
火性,-0.1111111111111111,negative,0.1111111111111111
灭口,-0.5555555555555556,negative,0.5555555555555556
灭绝人性,-1.0,negative,1.0
灭迹,-0.5555555555555556,negative,0.5555555555555556
灭门绝户,-1.0,negative,1.0
灭顶之灾,-1.0,negative,1.0
灯红酒绿,-0.5555555555555556,negative,0.5555555555555556
灯蛾扑火,-0.5555555555555556,negative,0.5555555555555556
灰不溜丢,-0.5555555555555556,negative,0.5555555555555556
灰头土脸儿,-0.3333333333333333,negative,0.3333333333333333
灰头灰脸,-0.7777777777777778,negative,0.7777777777777778
灰容土貌,-0.7777777777777778,negative,0.7777777777777778
灾害,-0.5555555555555556,negative,0.5555555555555556
灾年,-0.5555555555555556,negative,0.5555555555555556
灾患,-1.0,negative,1.0
灾星,-1.0,negative,1.0
灾殃,-0.5555555555555556,negative,0.5555555555555556
灾病,-0.5555555555555556,negative,0.5555555555555556
灾祸,-0.5555555555555556,negative,0.5555555555555556
灾荒,-0.1111111111111111,negative,0.1111111111111111
灾难性,-1.0,negative,1.0
炎凉,-0.7777777777777778,negative,0.7777777777777778
炙手可热,-0.7777777777777778,negative,0.7777777777777778
炫弄,-0.5555555555555556,negative,0.5555555555555556
炫惑,-0.5555555555555556,negative,0.5555555555555556
炫玉贾石,-1.0,negative,1.0
炫耀,-1.0,negative,1.0
炮凤烹龙,-0.7777777777777778,negative,0.7777777777777778
炮制,-0.3333333333333333,negative,0.3333333333333333
炮火连天,-0.7777777777777778,negative,0.7777777777777778
炮灰,-0.5555555555555556,negative,0.5555555555555556
炮筒子,-0.4444444444444444,negative,0.4444444444444444
炮舰外交,-0.5555555555555556,negative,0.5555555555555556
炮舰政策,-0.5555555555555556,negative,0.5555555555555556
点头哈腰,-0.5555555555555556,negative,0.5555555555555556
点火,-0.5555555555555556,negative,0.5555555555555556
点金成铁,-0.5555555555555556,negative,0.5555555555555556
炽燥,-0.5555555555555556,negative,0.5555555555555556
烂人,-0.3333333333333333,negative,0.3333333333333333
烂摊子,-0.7777777777777778,negative,0.7777777777777778
烂污,-0.7777777777777778,negative,0.7777777777777778
烂账,-0.5555555555555556,negative,0.5555555555555556
烂醉如泥,-0.7777777777777778,negative,0.7777777777777778
烂额焦头,-0.7777777777777778,negative,0.7777777777777778
烈日当空,-0.3333333333333333,negative,0.3333333333333333
烈火烹油,-0.7777777777777778,negative,0.7777777777777778
烈火轰雷,-0.7777777777777778,negative,0.7777777777777778
烟幕,-0.5555555555555556,negative,0.5555555555555556
烟视媚行,-0.7777777777777778,negative,0.7777777777777778
烟霞痼疾,-0.3333333333333333,negative,0.3333333333333333
烟鬼,-0.5555555555555556,negative,0.5555555555555556
烦乱,-1.0,negative,1.0
烦冗,-0.1111111111111111,negative,0.1111111111111111
烦厌,-0.7777777777777778,negative,0.7777777777777778
烦嚣,-0.3333333333333333,negative,0.3333333333333333
烦愁,-0.5555555555555556,negative,0.5555555555555556
烦扰,-1.0,negative,1.0
烦文缛礼,-0.5555555555555556,negative,0.5555555555555556
烦杂,-0.1111111111111111,negative,0.1111111111111111
烦燥,-1.0,negative,1.0
烦琐,-0.3333333333333333,negative,0.3333333333333333
烦神,-0.5555555555555556,negative,0.5555555555555556
烦腻,-0.5555555555555556,negative,0.5555555555555556
烦言,-0.1111111111111111,negative,0.1111111111111111
烦躁,-1.0,negative,1.0
烧伤,-0.3333333333333333,negative,0.3333333333333333
烧包,-0.5555555555555556,negative,0.5555555555555556
烧毁,-0.5555555555555556,negative,0.5555555555555556
热泪盈眶,-1.0,negative,1.0
热锅上的蚂蚁,-1.0,negative,1.0
烹犬藏弓,-0.7777777777777778,negative,0.7777777777777778
烹狗藏弓,-0.7777777777777778,negative,0.7777777777777778
烽火连天,-0.5555555555555556,negative,0.5555555555555556
烽鼓不息,-0.5555555555555556,negative,0.5555555555555556
焚书坑儒,-0.7777777777777778,negative,0.7777777777777778
焚林竭泽,-0.5555555555555556,negative,0.5555555555555556
焚林而狩,-0.5555555555555556,negative,0.5555555555555556
焚林而猎,-0.7777777777777778,negative,0.7777777777777778
焚林而田,-0.5555555555555556,negative,0.5555555555555556
焚林而畋,-0.5555555555555556,negative,0.5555555555555556
焚琴煮鹤,-0.7777777777777778,negative,0.7777777777777778
焚琴鬻鹤,-0.7777777777777778,negative,0.7777777777777778
焚花之论,-0.5555555555555556,negative,0.5555555555555556
焚薮而田,-0.7777777777777778,negative,0.7777777777777778
無語,-0.5555555555555556,negative,0.5555555555555556
焦头烂额,-1.0,negative,1.0
焦思苦虑,-0.5555555555555556,negative,0.5555555555555556
焦愁,-0.5555555555555556,negative,0.5555555555555556
焦枯,-0.3333333333333333,negative,0.3333333333333333
焦眉愁眼,-0.5555555555555556,negative,0.5555555555555556
焦眉皱眼,-0.5555555555555556,negative,0.5555555555555556
焦眉苦脸,-0.5555555555555556,negative,0.5555555555555556
焦脣乾肺,-0.5555555555555556,negative,0.5555555555555556
焦脣乾舌,-0.5555555555555556,negative,0.5555555555555556
焦脣敝舌,-0.5555555555555556,negative,0.5555555555555556
焦躁,-1.0,negative,1.0
焦金流石,-0.5555555555555556,negative,0.5555555555555556
煎水作冰,-0.5555555555555556,negative,0.5555555555555556
煞有介事,-1.0,negative,1.0
煞气,-0.3333333333333333,negative,0.3333333333333333
照本宣科,-0.5555555555555556,negative,0.5555555555555556
照猫画虎,-0.3333333333333333,negative,0.3333333333333333
煮豆燃萁,-1.0,negative,1.0
煮鹤烧琴,-0.7777777777777778,negative,0.7777777777777778
煮鹤焚琴,-0.7777777777777778,negative,0.7777777777777778
煽惑,-0.7777777777777778,negative,0.7777777777777778
煽诱,-0.5555555555555556,negative,0.5555555555555556
煽风点火,-0.5555555555555556,negative,0.5555555555555556
熊包,-0.5555555555555556,negative,0.5555555555555556
熏天赫地,-1.0,negative,1.0
熟视无睹,-0.5555555555555556,negative,0.5555555555555556
熬心,-0.3333333333333333,negative,0.3333333333333333
熬磨,-0.5555555555555556,negative,0.5555555555555556
燋头烂额,-0.5555555555555556,negative,0.5555555555555556
燕雀安知鸿鹄之志,-0.3333333333333333,negative,0.3333333333333333
燠热,-0.5555555555555556,negative,0.5555555555555556
燥热,-0.3333333333333333,negative,0.3333333333333333
爆发,-0.7777777777777778,negative,0.7777777777777778
爆烈,-0.3333333333333333,negative,0.3333333333333333
爨桂炊玉,-0.3333333333333333,negative,0.3333333333333333
爪牙,-0.5555555555555556,negative,0.5555555555555556
爱之欲其生，恶之欲其死,-0.7777777777777778,negative,0.7777777777777778
爱则加诸膝，恶则坠诸渊,-0.7777777777777778,negative,0.7777777777777778
爱博而情不专,-0.5555555555555556,negative,0.5555555555555556
爱发牢骚,-0.3333333333333333,negative,0.3333333333333333
爱富嫌贫,-0.5555555555555556,negative,0.5555555555555556
爱小,-0.3333333333333333,negative,0.3333333333333333
爱搭不理,-0.5555555555555556,negative,0.5555555555555556
爱毛反裘,-1.0,negative,1.0
爱理不理,-0.1111111111111111,negative,0.1111111111111111
爱管闲事,-0.3333333333333333,negative,0.3333333333333333
爱财如命,-0.5555555555555556,negative,0.5555555555555556
爱面子,-0.3333333333333333,negative,0.3333333333333333
爱鹤失众,-0.5555555555555556,negative,0.5555555555555556
爽然若失,-0.5555555555555556,negative,0.5555555555555556
片接寸附,-0.1111111111111111,negative,0.1111111111111111
片甲不回,-0.1111111111111111,negative,0.1111111111111111
片甲不存,-0.5555555555555556,negative,0.5555555555555556
片甲不留,-0.1111111111111111,negative,0.1111111111111111
片面,-0.5555555555555556,negative,0.5555555555555556
版版六十四,-0.3333333333333333,negative,0.3333333333333333
牖中窥日,-0.5555555555555556,negative,0.5555555555555556
牗中窥日,-0.5555555555555556,negative,0.5555555555555556
牛头不对马嘴,-0.5555555555555556,negative,0.5555555555555556
牛头马面,-0.7777777777777778,negative,0.7777777777777778
牛角尖,-0.5555555555555556,negative,0.5555555555555556
牛马襟裾,-0.6666666666666666,negative,0.6666666666666666
牛鬼蛇神,-0.7777777777777778,negative,0.7777777777777778
牟利,-0.3333333333333333,negative,0.3333333333333333
牟取,-0.3333333333333333,negative,0.3333333333333333
牢房,-0.3333333333333333,negative,0.3333333333333333
牢狱,-0.5555555555555556,negative,0.5555555555555556
牢笼,-1.0,negative,1.0
物以类聚　,-0.5555555555555556,negative,0.5555555555555556
物欲横流,-0.7777777777777778,negative,0.7777777777777778
牵丝攀藤,-0.3333333333333333,negative,0.3333333333333333
牵就,-0.5555555555555556,negative,0.5555555555555556
牵强,-0.3333333333333333,negative,0.3333333333333333
牵强附会,-0.5555555555555556,negative,0.5555555555555556
牵扯,-0.5555555555555556,negative,0.5555555555555556
牵累,-0.5555555555555556,negative,0.5555555555555556
牵萝补屋,-0.3333333333333333,negative,0.3333333333333333
牵衣肘见,-0.7777777777777778,negative,0.7777777777777778
犬儒,-0.7777777777777778,negative,0.7777777777777778
犬牙交错,-0.7777777777777778,negative,0.7777777777777778
犯上作乱,-0.5555555555555556,negative,0.5555555555555556
犯傻,-0.3333333333333333,negative,0.3333333333333333
犯忌,-0.5555555555555556,negative,0.5555555555555556
犯急,-0.5555555555555556,negative,0.5555555555555556
犯怵,-0.3333333333333333,negative,0.3333333333333333
犯法,-0.5555555555555556,negative,0.5555555555555556
犯疑心病,-0.1111111111111111,negative,0.1111111111111111
犯禁,-0.5555555555555556,negative,0.5555555555555556
犯红眼病,-0.5555555555555556,negative,0.5555555555555556
犯罪,-0.5555555555555556,negative,0.5555555555555556
犯规,-0.3333333333333333,negative,0.3333333333333333
犯贱,-0.7777777777777778,negative,0.7777777777777778
犯难,-0.5555555555555556,negative,0.5555555555555556
犹犹豫豫,-1.0,negative,1.0
犹豫,-0.3333333333333333,negative,0.3333333333333333
犹豫不决,-0.5555555555555556,negative,0.5555555555555556
犹豫不前,-1.0,negative,1.0
犹豫不定,-0.3333333333333333,negative,0.3333333333333333
狂三诈四,-0.7777777777777778,negative,0.7777777777777778
狂乱,-1.0,negative,1.0
狂人,-0.1111111111111111,negative,0.1111111111111111
狂傲,-0.7777777777777778,negative,0.7777777777777778
狂吠,-0.5555555555555556,negative,0.5555555555555556
狂奴故态,-0.7777777777777778,negative,0.7777777777777778
狂妄,-0.7777777777777778,negative,0.7777777777777778
狂妄自大,-1.0,negative,1.0
狂嫖滥赌,-1.0,negative,1.0
狂恣,-1.0,negative,1.0
狂悖,-1.0,negative,1.0
狂暴,-0.7777777777777778,negative,0.7777777777777778
狂朋怪侣,-1.0,negative,1.0
狂朋恠友,-1.0,negative,1.0
狂气,-0.5555555555555556,negative,0.5555555555555556
狂荡,-1.0,negative,1.0
狂蜂浪蝶,-0.7777777777777778,negative,0.7777777777777778
狂言,-0.1111111111111111,negative,0.1111111111111111
狂躁,-0.3333333333333333,negative,0.3333333333333333
狂轰滥炸,-1.0,negative,1.0
狎亵,-0.5555555555555556,negative,0.5555555555555556
狎妓,-0.3333333333333333,negative,0.3333333333333333
狎昵,-0.5555555555555556,negative,0.5555555555555556
狐不二雄,-1.0,negative,1.0
狐假虎咸,-1.0,negative,1.0
狐假虎威,-0.5555555555555556,negative,0.5555555555555556
狐假鸱张,-0.7777777777777778,negative,0.7777777777777778
狐兔之悲,-0.7777777777777778,negative,0.7777777777777778
狐唱枭和,-0.5555555555555556,negative,0.5555555555555556
狐埋狐扬,-0.7777777777777778,negative,0.7777777777777778
狐埋狐搰,-0.5555555555555556,negative,0.5555555555555556
狐奔鼠窜,-0.5555555555555556,negative,0.5555555555555556
狐媚,-0.5555555555555556,negative,0.5555555555555556
狐媚魇道,-0.7777777777777778,negative,0.7777777777777778
狐朋狗党,-0.5555555555555556,negative,0.5555555555555556
狐朋狗友,-0.7777777777777778,negative,0.7777777777777778
狐狸尾巴,-0.7777777777777778,negative,0.7777777777777778
狐狸精,-0.7777777777777778,negative,0.7777777777777778
狐疑,-0.3333333333333333,negative,0.3333333333333333
狐疑不决,-0.7777777777777778,negative,0.7777777777777778
狐疑未决,-0.1111111111111111,negative,0.1111111111111111
狐群狗党,-0.5555555555555556,negative,0.5555555555555556
狐虎之威,-0.7777777777777778,negative,0.7777777777777778
狐裘尨茸,-0.5555555555555556,negative,0.5555555555555556
狐裘羔袖,-0.3333333333333333,negative,0.3333333333333333
狐裘蒙戎,-0.7777777777777778,negative,0.7777777777777778
狐裘蒙茸,-0.5555555555555556,negative,0.5555555555555556
狐鸣枭噪,-0.7777777777777778,negative,0.7777777777777778
狐鸣狗盗,-0.7777777777777778,negative,0.7777777777777778
狐鸣篝中,-0.5555555555555556,negative,0.5555555555555556
狐鸣篝火,-0.5555555555555556,negative,0.5555555555555556
狐鸣鱼书,-0.5555555555555556,negative,0.5555555555555556
狗东西,-0.7777777777777778,negative,0.7777777777777778
狗仗人势,-0.7777777777777778,negative,0.7777777777777778
狗仗官势,-1.0,negative,1.0
狗偷鼠窃,-0.7777777777777778,negative,0.7777777777777778
狗傍人势,-0.7777777777777778,negative,0.7777777777777778
狗党狐朋,-0.7777777777777778,negative,0.7777777777777778
狗党狐群,-0.7777777777777778,negative,0.7777777777777778
狗口里吐不出象牙,-1.0,negative,1.0
狗口里生不出象牙,-1.0,negative,1.0
狗咬吕洞宾,-0.7777777777777778,negative,0.7777777777777778
狗嘴里吐不出象牙,-0.3333333333333333,negative,0.3333333333333333
狗头军师,-0.5555555555555556,negative,0.5555555555555556
狗头鼠脑,-0.7777777777777778,negative,0.7777777777777778
狗尾续貂,-0.3333333333333333,negative,0.3333333333333333
狗尾貂续,-0.7777777777777778,negative,0.7777777777777778
狗屁,-0.7777777777777778,negative,0.7777777777777778
狗屁不通,-0.5555555555555556,negative,0.5555555555555556
狗崽子,-0.7777777777777778,negative,0.7777777777777778
狗彘不如,-1.0,negative,1.0
狗彘不若,-1.0,negative,1.0
狗心狗行,-1.0,negative,1.0
狗急跳墙,-0.5555555555555556,negative,0.5555555555555556
狗拿耗子,-0.7777777777777778,negative,0.7777777777777778
狗熊,-0.7777777777777778,negative,0.7777777777777778
狗盗鸡啼,-0.7777777777777778,negative,0.7777777777777778
狗盗鸡鸣,-0.7777777777777778,negative,0.7777777777777778
狗盗鼠窃,-0.7777777777777778,negative,0.7777777777777778
狗眼看人,-1.0,negative,1.0
狗续侯冠,-0.5555555555555556,negative,0.5555555555555556
狗续貂尾,-0.5555555555555556,negative,0.5555555555555556
狗续金貂,-0.7777777777777778,negative,0.7777777777777778
狗肺狼心,-1.0,negative,1.0
狗腿子,-0.7777777777777778,negative,0.7777777777777778
狗苟蝇营,-1.0,negative,1.0
狗血喷头,-0.7777777777777778,negative,0.7777777777777778
狗行狼心,-1.0,negative,1.0
狗走狐淫,-1.0,negative,1.0
狗追耗子,-0.7777777777777778,negative,0.7777777777777778
狗逮老鼠,-0.7777777777777778,negative,0.7777777777777778
狞恶,-1.0,negative,1.0
狞笑,-0.5555555555555556,negative,0.5555555555555556
狠吞虎咽,-0.3333333333333333,negative,0.3333333333333333
狠命,-0.5555555555555556,negative,0.5555555555555556
狠心,-0.5555555555555556,negative,0.5555555555555556
狠毒,-0.7777777777777778,negative,0.7777777777777778
狡兔三窟,-0.5555555555555556,negative,0.5555555555555556
狡兔死，良狗烹,-1.0,negative,1.0
狡滑,-0.1111111111111111,negative,0.1111111111111111
狡焉思启,-0.5555555555555556,negative,0.5555555555555556
狡焉思肆,-0.5555555555555556,negative,0.5555555555555556
狡焉思逞,-0.5555555555555556,negative,0.5555555555555556
狡狯,-0.3333333333333333,negative,0.3333333333333333
狡猾,-0.5555555555555556,negative,0.5555555555555556
狡计,-0.5555555555555556,negative,0.5555555555555556
狡计多端,-0.7777777777777778,negative,0.7777777777777778
狡诈,-0.5555555555555556,negative,0.5555555555555556
狡赖,-0.5555555555555556,negative,0.5555555555555556
狡辩,-0.5555555555555556,negative,0.5555555555555556
狡黠,-0.3333333333333333,negative,0.3333333333333333
独吞,-0.5555555555555556,negative,0.5555555555555556
独夫,-0.5555555555555556,negative,0.5555555555555556
独夫民贼,-0.5555555555555556,negative,0.5555555555555556
独弦哀歌,-0.5555555555555556,negative,0.5555555555555556
独断,-0.5555555555555556,negative,0.5555555555555556
独断专行,-0.7777777777777778,negative,0.7777777777777778
独断独行,-0.5555555555555556,negative,0.5555555555555556
独是独非,-0.5555555555555556,negative,0.5555555555555556
独立王国,-0.5555555555555556,negative,0.5555555555555556
独行其是,-0.5555555555555556,negative,0.5555555555555556
独行独断,-0.5555555555555556,negative,0.5555555555555556
独裁,-0.7777777777777778,negative,0.7777777777777778
独裁者,-0.7777777777777778,negative,0.7777777777777778
独霸,-0.5555555555555556,negative,0.5555555555555556
狭小,-0.3333333333333333,negative,0.3333333333333333
狭路相逢,-0.8888888888888888,negative,0.8888888888888888
狭隘,-0.5555555555555556,negative,0.5555555555555556
狮子大开口,-0.5555555555555556,negative,0.5555555555555556
狰狞,-0.7777777777777778,negative,0.7777777777777778
狰狞面目,-0.7777777777777778,negative,0.7777777777777778
狷急,-0.3333333333333333,negative,0.3333333333333333
狼前虎后,-0.7777777777777778,negative,0.7777777777777778
狼号鬼哭,-1.0,negative,1.0
狼吃幞头,-0.7777777777777778,negative,0.7777777777777778
狼吞虎咽,-0.3333333333333333,negative,0.3333333333333333
狼吞虎噬,-1.0,negative,1.0
狼嗥狗叫,-0.7777777777777778,negative,0.7777777777777778
狼嗥鬼叫,-0.7777777777777778,negative,0.7777777777777778
狼嚎鬼叫,-1.0,negative,1.0
狼奔兔脱,-1.0,negative,1.0
狼奔豕突,-0.7777777777777778,negative,0.7777777777777778
狼奔鼠偷,-0.5555555555555556,negative,0.5555555555555556
狼奔鼠窜,-0.5555555555555556,negative,0.5555555555555556
狼子兽心,-0.7777777777777778,negative,0.7777777777777778
狼子野心,-0.3333333333333333,negative,0.3333333333333333
狼心狗肺,-0.7777777777777778,negative,0.7777777777777778
狼心狗行,-0.7777777777777778,negative,0.7777777777777778
狼烟大话,-0.7777777777777778,negative,0.7777777777777778
狼狈,-0.3333333333333333,negative,0.3333333333333333
狼狈万状,-0.3333333333333333,negative,0.3333333333333333
狼狈不堪,-0.5555555555555556,negative,0.5555555555555556
狼狈为奸,-0.7777777777777778,negative,0.7777777777777778
狼狈周章,-0.7777777777777778,negative,0.7777777777777778
狼猛蜂毒,-1.0,negative,1.0
狼突豕窜,-0.7777777777777778,negative,0.7777777777777778
狼突鸱张,-1.0,negative,1.0
狼籍,-0.7777777777777778,negative,0.7777777777777778
狼羊同饲,-0.5555555555555556,negative,0.5555555555555556
狼艰狈蹶,-0.5555555555555556,negative,0.5555555555555556
狼藉,-0.3333333333333333,negative,0.3333333333333333
狼蟲虎豹,-1.0,negative,1.0
狼贪鼠窃,-0.7777777777777778,negative,0.7777777777777778
狼顾虎视,-0.5555555555555556,negative,0.5555555555555556
狼顾鸢视,-0.5555555555555556,negative,0.5555555555555556
狼顾鸱张,-1.0,negative,1.0
狼顾鸱跱,-1.0,negative,1.0
狼顾麕惊,-1.0,negative,1.0
狼餐虎噬,-0.7777777777777778,negative,0.7777777777777778
猎取,-0.1111111111111111,negative,0.1111111111111111
猖狂,-0.7777777777777778,negative,0.7777777777777778
猖獗,-0.3333333333333333,negative,0.3333333333333333
猜忌,-0.5555555555555556,negative,0.5555555555555556
猜疑,-0.5555555555555556,negative,0.5555555555555556
猢狲入袋,-0.5555555555555556,negative,0.5555555555555556
猥亵,-0.7777777777777778,negative,0.7777777777777778
猥劣,-0.7777777777777778,negative,0.7777777777777778
猥琐,-1.0,negative,1.0
猥词,-0.7777777777777778,negative,0.7777777777777778
猥贱,-1.0,negative,1.0
猥辞,-0.7777777777777778,negative,0.7777777777777778
猥鄙,-1.0,negative,1.0
猥陋,-0.3333333333333333,negative,0.3333333333333333
猪八戒吃人参果，全不知滋味,-0.5555555555555556,negative,0.5555555555555556
猪头,-0.3333333333333333,negative,0.3333333333333333
猪朋狗友,-0.7777777777777778,negative,0.7777777777777778
猪猡,-1.0,negative,1.0
猪瘟,-0.7777777777777778,negative,0.7777777777777778
猪突豨勇,-0.5555555555555556,negative,0.5555555555555556
猫哭老鼠,-1.0,negative,1.0
猫噬鹦鹉,-0.7777777777777778,negative,0.7777777777777778
猫腻,-0.1111111111111111,negative,0.1111111111111111
猫鼠同乳,-0.7777777777777778,negative,0.7777777777777778
猫鼠同处,-1.0,negative,1.0
猬辞,-0.5555555555555556,negative,0.5555555555555556
献媚,-0.5555555555555556,negative,0.5555555555555556
猿鹤虫沙,-0.5555555555555556,negative,0.5555555555555556
獐头鼠目,-1.0,negative,1.0
玄乎,-0.3333333333333333,negative,0.3333333333333333
玄奥,-1.0,negative,1.0
玄妙,-1.0,negative,1.0
玄而又玄,-1.0,negative,1.0
玄虚,-0.3333333333333333,negative,0.3333333333333333
率兽食人,-1.0,negative,1.0
率尔,-0.5555555555555556,negative,0.5555555555555556
率尔操觚,-0.3333333333333333,negative,0.3333333333333333
率由旧章,-0.3333333333333333,negative,0.3333333333333333
玉卮无当,-0.5555555555555556,negative,0.5555555555555556
玉楼赴召,-0.5555555555555556,negative,0.5555555555555556
玉毁椟中,-0.7777777777777778,negative,0.7777777777777778
玉石不分,-0.5555555555555556,negative,0.5555555555555556
玉石俱焚,-0.3333333333333333,negative,0.3333333333333333
玉粒桂薪,-0.3333333333333333,negative,0.3333333333333333
玉食锦衣,-0.5555555555555556,negative,0.5555555555555556
王八,-0.7777777777777778,negative,0.7777777777777778
王八蛋,-0.7777777777777778,negative,0.7777777777777778
玩世不恭,-0.7777777777777778,negative,0.7777777777777778
玩儿完,-0.5555555555555556,negative,0.5555555555555556
玩兵黩武,-1.0,negative,1.0
玩岁愒日,-0.7777777777777778,negative,0.7777777777777778
玩岁愒时,-0.7777777777777778,negative,0.7777777777777778
玩岁愒月,-0.7777777777777778,negative,0.7777777777777778
玩弄,-0.5555555555555556,negative,0.5555555555555556
玩忽,-0.7777777777777778,negative,0.7777777777777778
玩忽职守,-0.7777777777777778,negative,0.7777777777777778
玩故習常,-0.7777777777777778,negative,0.7777777777777778
玩日愒时,-0.7777777777777778,negative,0.7777777777777778
玩时愒日,-0.7777777777777778,negative,0.7777777777777778
玩时贪日,-0.7777777777777778,negative,0.7777777777777778
玩火自焚,-0.3333333333333333,negative,0.3333333333333333
玩物丧志,-0.7777777777777778,negative,0.7777777777777778
玩狎,-0.7777777777777778,negative,0.7777777777777778
玩花样,-0.1111111111111111,negative,0.1111111111111111
环堵萧然,-0.3333333333333333,negative,0.3333333333333333
现世,-0.5555555555555556,negative,0.5555555555555556
现形,-0.3333333333333333,negative,0.3333333333333333
现成话,-0.5555555555555556,negative,0.5555555555555556
现成饭,-0.5555555555555556,negative,0.5555555555555556
现臭,-0.5555555555555556,negative,0.5555555555555556
现行,-0.3333333333333333,negative,0.3333333333333333
现行犯,-0.3333333333333333,negative,0.3333333333333333
现话,-0.5555555555555556,negative,0.5555555555555556
现钟不打,-0.3333333333333333,negative,0.3333333333333333
现钟弗打,-0.5555555555555556,negative,0.5555555555555556
玷辱,-0.5555555555555556,negative,0.5555555555555556
珊珊来迟,-0.5555555555555556,negative,0.5555555555555556
珠投璧抵,-0.5555555555555556,negative,0.5555555555555556
班门弄斧,-0.5555555555555556,negative,0.5555555555555556
理亏,-0.5555555555555556,negative,0.5555555555555556
理亏|,-0.1111111111111111,negative,0.1111111111111111
理屈,-0.3333333333333333,negative,0.3333333333333333
理屈词穷,-0.1111111111111111,negative,0.1111111111111111
琐碎,-0.3333333333333333,negative,0.3333333333333333
琵琶旧语,-0.7777777777777778,negative,0.7777777777777778
琵琶胡语,-0.3333333333333333,negative,0.3333333333333333
瑕玷,-0.3333333333333333,negative,0.3333333333333333
瑕疵,-0.5555555555555556,negative,0.5555555555555556
瑟瑟,-0.5555555555555556,negative,0.5555555555555556
瓜垢磨痕,-0.5555555555555556,negative,0.5555555555555556
瓜蔓抄,-0.7777777777777778,negative,0.7777777777777778
瓦全,-0.5555555555555556,negative,0.5555555555555556
瓦器蚌盘,-0.7777777777777778,negative,0.7777777777777778
瓦影龟鱼,-0.5555555555555556,negative,0.5555555555555556
瓦影鱼,-1.0,negative,1.0
瓦查尿溺,-1.0,negative,1.0
瓦解,-0.5555555555555556,negative,0.5555555555555556
瓦解冰泮,-1.0,negative,1.0
瓦解冰销,-1.0,negative,1.0
瓦釜雷鸣,-1.0,negative,1.0
瓮声甕气,-0.7777777777777778,negative,0.7777777777777778
瓮天之见,-0.7777777777777778,negative,0.7777777777777778
瓮天蠡海,-0.7777777777777778,negative,0.7777777777777778
瓮尽杯乾,-0.7777777777777778,negative,0.7777777777777778
瓮牖绳枢,-0.5555555555555556,negative,0.5555555555555556
瓮里醯鸡,-1.0,negative,1.0
甚嚣尘上,-0.5555555555555556,negative,0.5555555555555556
甜嘴蜜舌,-0.5555555555555556,negative,0.5555555555555556
生事,-0.3333333333333333,negative,0.3333333333333333
生前,-0.5555555555555556,negative,0.5555555555555556
生变,-0.5555555555555556,negative,0.5555555555555556
生吞活剥,-0.5555555555555556,negative,0.5555555555555556
生吞蜈蚣－百爪挠心,-1.0,negative,1.0
生拉硬拽,-0.1111111111111111,negative,0.1111111111111111
生搬硬套,-0.5555555555555556,negative,0.5555555555555556
生杀予夺,-0.7777777777777778,negative,0.7777777777777778
生死存亡,-1.0,negative,1.0
生气,-0.5555555555555556,negative,0.5555555555555556
生涩,-0.3333333333333333,negative,0.3333333333333333
生灵涂炭,-1.0,negative,1.0
生番,-0.3333333333333333,negative,0.3333333333333333
生疏,-0.3333333333333333,negative,0.3333333333333333
生硬,-0.3333333333333333,negative,0.3333333333333333
生造,-0.3333333333333333,negative,0.3333333333333333
生闲气,-0.3333333333333333,negative,0.3333333333333333
用尽心机,-0.3333333333333333,negative,0.3333333333333333
用管窥天,-0.5555555555555556,negative,0.5555555555555556
甩脸子,-0.3333333333333333,negative,0.3333333333333333
申雪,-0.7777777777777778,negative,0.7777777777777778
男盗女娼,-1.0,negative,1.0
画地为牢,-0.5555555555555556,negative,0.5555555555555556
画地而趋,-0.3333333333333333,negative,0.3333333333333333
画无人色,-1.0,negative,1.0
画蛇添足,-0.3333333333333333,negative,0.3333333333333333
画饼充饥,-0.3333333333333333,negative,0.3333333333333333
畏威怀德,-0.7777777777777778,negative,0.7777777777777778
畏敌如虎,-0.7777777777777778,negative,0.7777777777777778
畏缩不前,-0.5555555555555556,negative,0.5555555555555556
畏葸不前,-0.5555555555555556,negative,0.5555555555555556
畏首畏尾,-0.5555555555555556,negative,0.5555555555555556
留难,-0.5555555555555556,negative,0.5555555555555556
畜生,-1.0,negative,1.0
略识之无,-0.3333333333333333,negative,0.3333333333333333
疏忽,-0.3333333333333333,negative,0.3333333333333333
疏懒,-0.5555555555555556,negative,0.5555555555555556
疏放,-0.5555555555555556,negative,0.5555555555555556
疏阔,-0.3333333333333333,negative,0.3333333333333333
疑心生暗鬼,-0.5555555555555556,negative,0.5555555555555556
疑忌,-0.5555555555555556,negative,0.5555555555555556
疑神疑鬼,-1.0,negative,1.0
疑虑重重,-0.5555555555555556,negative,0.5555555555555556
疙里疙瘩,-0.5555555555555556,negative,0.5555555555555556
疮痍,-0.7777777777777778,negative,0.7777777777777778
疯狂,-0.7777777777777778,negative,0.7777777777777778
疯话,-0.3333333333333333,negative,0.3333333333333333
疲困,-0.3333333333333333,negative,0.3333333333333333
疲塌,-0.5555555555555556,negative,0.5555555555555556
疲敝,-0.5555555555555556,negative,0.5555555555555556
疲沓,-0.5555555555555556,negative,0.5555555555555556
疲软,-0.3333333333333333,negative,0.3333333333333333
疵品,-0.3333333333333333,negative,0.3333333333333333
疵点,-0.3333333333333333,negative,0.3333333333333333
疾恶如仇,-1.0,negative,1.0
疾首蹙额,-0.7777777777777778,negative,0.7777777777777778
病例,-0.5555555555555556,negative,0.5555555555555556
病入膏肓,-0.5555555555555556,negative,0.5555555555555556
病包儿,-0.7777777777777778,negative,0.7777777777777778
病原体,-0.7777777777777778,negative,0.7777777777777778
病原菌,-0.5555555555555556,negative,0.5555555555555556
病原虫,-0.5555555555555556,negative,0.5555555555555556
病号,-0.3333333333333333,negative,0.3333333333333333
病夫,-0.7777777777777778,negative,0.7777777777777778
病害,-0.5555555555555556,negative,0.5555555555555556
病容,-0.5555555555555556,negative,0.5555555555555556
病床,-0.5555555555555556,negative,0.5555555555555556
病态,-0.7777777777777778,negative,0.7777777777777778
病急乱投医,-0.3333333333333333,negative,0.3333333333333333
病恹恹,-0.1111111111111111,negative,0.1111111111111111
病房,-0.5555555555555556,negative,0.5555555555555556
病根,-0.5555555555555556,negative,0.5555555555555556
病案,-0.5555555555555556,negative,0.5555555555555556
病毒,-0.5555555555555556,negative,0.5555555555555556
病毒性肝炎,-0.7777777777777778,negative,0.7777777777777778
病笃,-0.7777777777777778,negative,0.7777777777777778
病粒,-0.5555555555555556,negative,0.5555555555555556
病虫害,-0.5555555555555556,negative,0.5555555555555556
病象,-0.5555555555555556,negative,0.5555555555555556
病院,-0.5555555555555556,negative,0.5555555555555556
病魔,-0.7777777777777778,negative,0.7777777777777778
痈疽,-0.5555555555555556,negative,0.5555555555555556
痛击,-0.5555555555555556,negative,0.5555555555555556
痛定思痛,-1.0,negative,1.0
痛恶,-0.7777777777777778,negative,0.7777777777777778
痞子,-0.3333333333333333,negative,0.3333333333333333
痞棍,-0.3333333333333333,negative,0.3333333333333333
痫入骨髓,-1.0,negative,1.0
痴人说梦,-0.5555555555555556,negative,0.5555555555555556
痴呆,-0.5555555555555556,negative,0.5555555555555556
痴子,-0.7777777777777778,negative,0.7777777777777778
痴心妄想,-1.0,negative,1.0
痴想,-0.5555555555555556,negative,0.5555555555555556
痴愚,-0.7777777777777778,negative,0.7777777777777778
痴肥,-0.3333333333333333,negative,0.3333333333333333
痴话,-0.1111111111111111,negative,0.1111111111111111
瘆人,-0.1111111111111111,negative,0.1111111111111111
瘟神,-0.5555555555555556,negative,0.5555555555555556
瘦弱,-1.0,negative,1.0
瘦瘠,-0.5555555555555556,negative,0.5555555555555556
瘪三,-0.5555555555555556,negative,0.5555555555555556
瘭疽,-0.5555555555555556,negative,0.5555555555555556
癖好,-1.0,negative,1.0
癞子,-0.3333333333333333,negative,0.3333333333333333
癞皮狗,-0.7777777777777778,negative,0.7777777777777778
癞蛤蟆想吃天鹅肉,-0.7777777777777778,negative,0.7777777777777778
癫狂,-0.3333333333333333,negative,0.3333333333333333
白丁,-0.1111111111111111,negative,0.1111111111111111
白丁俗客,-0.5555555555555556,negative,0.5555555555555556
白党,-0.5555555555555556,negative,0.5555555555555556
白区,-0.1111111111111111,negative,0.1111111111111111
白字,-0.1111111111111111,negative,0.1111111111111111
白搭,-0.1111111111111111,negative,0.1111111111111111
白日做梦,-0.7777777777777778,negative,0.7777777777777778
白日做梦－胡思乱想,-0.5555555555555556,negative,0.5555555555555556
白日见鬼,-0.3333333333333333,negative,0.3333333333333333
白璧微瑕,-0.3333333333333333,negative,0.3333333333333333
白痴,-0.7777777777777778,negative,0.7777777777777778
白痴般,-0.5555555555555556,negative,0.5555555555555556
白眼,-0.5555555555555556,negative,0.5555555555555556
白费,-0.3333333333333333,negative,0.3333333333333333
白骨露野,-1.0,negative,1.0
百依百顺,-0.3333333333333333,negative,0.3333333333333333
百口莫辩,-0.7777777777777778,negative,0.7777777777777778
百孔千疮,-0.5555555555555556,negative,0.5555555555555556
百弊丛生,-0.5555555555555556,negative,0.5555555555555556
百思不解,-0.5555555555555556,negative,0.5555555555555556
百无一成,-0.7777777777777778,negative,0.7777777777777778
百无一是,-0.7777777777777778,negative,0.7777777777777778
百无一用,-0.7777777777777778,negative,0.7777777777777778
百无一能,-0.1111111111111111,negative,0.1111111111111111
百星不如一月,-0.5555555555555556,negative,0.5555555555555556
百约百叛,-1.0,negative,1.0
百舍重趼,-0.5555555555555556,negative,0.5555555555555556
百般刁难,-0.5555555555555556,negative,0.5555555555555556
百般奉承,-0.3333333333333333,negative,0.3333333333333333
百足之虫，死而不僵,-0.7777777777777778,negative,0.7777777777777778
百辞莫辩,-0.7777777777777778,negative,0.7777777777777778
百里之才,-0.1111111111111111,negative,0.1111111111111111
皮之不存，毛将焉附,-0.1111111111111111,negative,0.1111111111111111
皮囊,-0.3333333333333333,negative,0.3333333333333333
皮毛,-0.5555555555555556,negative,0.5555555555555556
皮相,-0.3333333333333333,negative,0.3333333333333333
皮相之谈,-0.5555555555555556,negative,0.5555555555555556
皮笑肉不笑,-0.7777777777777778,negative,0.7777777777777778
皮脸,-0.5555555555555556,negative,0.5555555555555556
皱巴,-1.0,negative,1.0
皱巴巴,-0.3333333333333333,negative,0.3333333333333333
监守自盗,-0.7777777777777778,negative,0.7777777777777778
盖不由己,-0.3333333333333333,negative,0.3333333333333333
盗劫,-0.5555555555555556,negative,0.5555555555555556
盗匪,-0.5555555555555556,negative,0.5555555555555556
盗卖,-0.5555555555555556,negative,0.5555555555555556
盗印,-0.3333333333333333,negative,0.3333333333333333
盗寇,-0.7777777777777778,negative,0.7777777777777778
盗憎主人,-0.5555555555555556,negative,0.5555555555555556
盗猎,-0.5555555555555556,negative,0.5555555555555556
盗用,-0.5555555555555556,negative,0.5555555555555556
盗窃,-0.5555555555555556,negative,0.5555555555555556
盗贼,-0.5555555555555556,negative,0.5555555555555556
盗骗,-0.5555555555555556,negative,0.5555555555555556
盘根错节,-0.5555555555555556,negative,0.5555555555555556
盘踞,-0.5555555555555556,negative,0.5555555555555556
盘马弯弓,-0.5555555555555556,negative,0.5555555555555556
盛名之下，其实难副,-0.3333333333333333,negative,0.3333333333333333
盛气凌人,-0.5555555555555556,negative,0.5555555555555556
盛筵难再,-0.1111111111111111,negative,0.1111111111111111
目不交睫,-0.7777777777777778,negative,0.7777777777777778
目不见睫,-0.7777777777777778,negative,0.7777777777777778
目不识丁,-0.3333333333333333,negative,0.3333333333333333
目中无人,-0.7777777777777778,negative,0.7777777777777778
目使颐令,-0.7777777777777778,negative,0.7777777777777778
目光凶狠,-0.5555555555555556,negative,0.5555555555555556
目光如豆,-0.7777777777777778,negative,0.7777777777777778
目光如鼠,-0.5555555555555556,negative,0.5555555555555556
目光短浅,-0.7777777777777778,negative,0.7777777777777778
目动言肆,-0.5555555555555556,negative,0.5555555555555556
目指气使,-0.7777777777777778,negative,0.7777777777777778
目挑心招,-0.3333333333333333,negative,0.3333333333333333
目无三尺,-0.5555555555555556,negative,0.5555555555555556
目无下尘,-0.5555555555555556,negative,0.5555555555555556
目无余子,-0.5555555555555556,negative,0.5555555555555556
目无尊长,-0.5555555555555556,negative,0.5555555555555556
目无法纪,-0.7777777777777778,negative,0.7777777777777778
目无王法,-0.7777777777777778,negative,0.7777777777777778
目无馀子,-0.5555555555555556,negative,0.5555555555555556
目眢心忳,-0.8888888888888888,negative,0.8888888888888888
目睫之论,-0.5555555555555556,negative,0.5555555555555556
目空一世,-0.7777777777777778,negative,0.7777777777777778
目空一切,-0.7777777777777778,negative,0.7777777777777778
目空馀子,-0.7777777777777778,negative,0.7777777777777778
目论,-0.3333333333333333,negative,0.3333333333333333
目迷五色,-0.3333333333333333,negative,0.3333333333333333
盱衡厉色,-1.0,negative,1.0
盲人扪烛,-0.5555555555555556,negative,0.5555555555555556
盲人摸象,-0.1111111111111111,negative,0.1111111111111111
盲人瞎马,-0.5555555555555556,negative,0.5555555555555556
盲人说象,-0.5555555555555556,negative,0.5555555555555556
盲人骑瞎马,-0.3333333333333333,negative,0.3333333333333333
盲从,-0.5555555555555556,negative,0.5555555555555556
盲干,-0.3333333333333333,negative,0.3333333333333333
盲用,-0.1111111111111111,negative,0.1111111111111111
盲目,-0.5555555555555556,negative,0.5555555555555556
盲翁扪籥,-0.5555555555555556,negative,0.5555555555555556
直勾勾,-1.0,negative,1.0
直情径行,-0.5555555555555556,negative,0.5555555555555556
直愣愣,-1.0,negative,1.0
直木先伐,-0.7777777777777778,negative,0.7777777777777778
直言贾祸,-0.5555555555555556,negative,0.5555555555555556
相形失色,-0.3333333333333333,negative,0.3333333333333333
相形见绌,-0.3333333333333333,negative,0.3333333333333333
相惊伯有,-0.7777777777777778,negative,0.7777777777777778
相持不下,-0.3333333333333333,negative,0.3333333333333333
相提并论,-0.7777777777777778,negative,0.7777777777777778
相煎何急,-1.0,negative,1.0
眄视指使,-0.5555555555555556,negative,0.5555555555555556
眉来眼去,-0.3333333333333333,negative,0.3333333333333333
眉目不清,-0.3333333333333333,negative,0.3333333333333333
眉睫之祸,-0.5555555555555556,negative,0.5555555555555556
看不上,-0.3333333333333333,negative,0.3333333333333333
看不开,-0.3333333333333333,negative,0.3333333333333333
看不惯,-0.1111111111111111,negative,0.1111111111111111
看人眉睫,-0.5555555555555556,negative,0.5555555555555556
看人行事,-0.3333333333333333,negative,0.3333333333333333
看低,-0.3333333333333333,negative,0.3333333333333333
看扁,-0.5555555555555556,negative,0.5555555555555556
看淡,-0.5555555555555556,negative,0.5555555555555556
看财奴,-0.5555555555555556,negative,0.5555555555555556
看轻,-0.1111111111111111,negative,0.1111111111111111
看风使舵,-0.5555555555555556,negative,0.5555555555555556
真TM,-0.5555555555555556,negative,0.5555555555555556
眩惑,-0.5555555555555556,negative,0.5555555555555556
眼不见，心不烦,-0.3333333333333333,negative,0.3333333333333333
眼中钉,-0.8888888888888888,negative,0.8888888888888888
眼光短浅,-1.0,negative,1.0
眼巴巴,-0.5555555555555556,negative,0.5555555555555556
眼拙,-0.7777777777777778,negative,0.7777777777777778
眼晕,-0.5555555555555556,negative,0.5555555555555556
眼皮子薄,-0.5555555555555556,negative,0.5555555555555556
眼睁睁,-0.5555555555555556,negative,0.5555555555555556
眼馋肚饱,-0.5555555555555556,negative,0.5555555555555556
眼高手低,-0.3333333333333333,negative,0.3333333333333333
着三不着两,-0.5555555555555556,negative,0.5555555555555556
着慌,-0.3333333333333333,negative,0.3333333333333333
睚眦之怨,-0.7777777777777778,negative,0.7777777777777778
睥睨,-0.3333333333333333,negative,0.3333333333333333
睹物思人,-0.7777777777777778,negative,0.7777777777777778
瞎吹,-0.5555555555555556,negative,0.5555555555555556
瞎子摸象,-0.5555555555555556,negative,0.5555555555555556
瞎扯,-0.5555555555555556,negative,0.5555555555555556
瞎抓,-0.5555555555555556,negative,0.5555555555555556
瞎胡闹,-0.3333333333333333,negative,0.3333333333333333
瞎话,-0.3333333333333333,negative,0.3333333333333333
瞎说,-0.7777777777777778,negative,0.7777777777777778
瞎闹,-0.5555555555555556,negative,0.5555555555555556
瞒上欺下,-0.3333333333333333,negative,0.3333333333333333
瞒哄,-0.5555555555555556,negative,0.5555555555555556
瞒天昧地,-0.7777777777777778,negative,0.7777777777777778
瞒天过海,-0.5555555555555556,negative,0.5555555555555556
瞒心昧己,-0.7777777777777778,negative,0.7777777777777778
瞒骗,-0.3333333333333333,negative,0.3333333333333333
瞪眼,-0.7777777777777778,negative,0.7777777777777778
瞻前顾后,-0.3333333333333333,negative,0.3333333333333333
瞽言妄举,-0.5555555555555556,negative,0.5555555555555556
矜功伐善,-0.7777777777777778,negative,0.7777777777777778
矜功伐能,-0.7777777777777778,negative,0.7777777777777778
矜功自伐,-1.0,negative,1.0
矜夸,-0.3333333333333333,negative,0.3333333333333333
矜才使气,-0.5555555555555556,negative,0.5555555555555556
矢口,-0.5555555555555556,negative,0.5555555555555556
知人论世,-0.7777777777777778,negative,0.7777777777777778
知其一，不知其二,-0.1111111111111111,negative,0.1111111111111111
知情不举,-0.7777777777777778,negative,0.7777777777777778
知法犯法,-0.3333333333333333,negative,0.3333333333333333
知白守黑,-0.3333333333333333,negative,0.3333333333333333
知荣守辱,-0.7777777777777778,negative,0.7777777777777778
矫情,-0.3333333333333333,negative,0.3333333333333333
矫情造作,-0.7777777777777778,negative,0.7777777777777778
矫揉造作,-0.7777777777777778,negative,0.7777777777777778
矫枉过正,-0.5555555555555556,negative,0.5555555555555556
矫饰,-0.3333333333333333,negative,0.3333333333333333
短处,-0.3333333333333333,negative,0.3333333333333333
短气,-0.1111111111111111,negative,0.1111111111111111
短浅,-0.3333333333333333,negative,0.3333333333333333
短见,-0.5555555555555556,negative,0.5555555555555556
短视,-0.7777777777777778,negative,0.7777777777777778
短针攻疽,-0.3333333333333333,negative,0.3333333333333333
矮人看场,-0.5555555555555556,negative,0.5555555555555556
矮墩墩,-0.1111111111111111,negative,0.1111111111111111
矮子,-0.3333333333333333,negative,0.3333333333333333
矮子看戏,-0.5555555555555556,negative,0.5555555555555556
砭庸针俗,-0.5555555555555556,negative,0.5555555555555556
破产,-0.3333333333333333,negative,0.3333333333333333
破卵倾巢,-0.7777777777777778,negative,0.7777777777777778
破家危国,-1.0,negative,1.0
破灭,-0.5555555555555556,negative,0.5555555555555556
破烂,-0.7777777777777778,negative,0.7777777777777778
破烂不堪,-0.3333333333333333,negative,0.3333333333333333
破玩意兒,-0.3333333333333333,negative,0.3333333333333333
破约,-0.3333333333333333,negative,0.3333333333333333
破绽百出,-0.5555555555555556,negative,0.5555555555555556
破罐破摔,-0.1111111111111111,negative,0.1111111111111111
破脸,-0.3333333333333333,negative,0.3333333333333333
破裂,-0.3333333333333333,negative,0.3333333333333333
破败,-0.3333333333333333,negative,0.3333333333333333
破门而入,-0.1111111111111111,negative,0.1111111111111111
破陋,-0.3333333333333333,negative,0.3333333333333333
破鞋,-0.5555555555555556,negative,0.5555555555555556
砸锅,-0.5555555555555556,negative,0.5555555555555556
砸饭碗,-0.7777777777777778,negative,0.7777777777777778
硁砭之愚,-0.5555555555555556,negative,0.5555555555555556
硗薄,-0.3333333333333333,negative,0.3333333333333333
硬撅撅,-0.7777777777777778,negative,0.7777777777777778
硬生生,-1.0,negative,1.0
碌碌,-0.7777777777777778,negative,0.7777777777777778
碌碌寡合,-0.1111111111111111,negative,0.1111111111111111
碌碌无为,-0.7777777777777778,negative,0.7777777777777778
碌碌无奇,-0.5555555555555556,negative,0.5555555555555556
碌碌无能,-0.5555555555555556,negative,0.5555555555555556
碍事,-0.3333333333333333,negative,0.3333333333333333
碍手碍脚,-0.5555555555555556,negative,0.5555555555555556
碍眼,-0.5555555555555556,negative,0.5555555555555556
碍足碍手,-0.5555555555555556,negative,0.5555555555555556
碎嘴子,-0.5555555555555556,negative,0.5555555555555556
碎尸万段,-1.0,negative,1.0
碎心裂胆,-1.0,negative,1.0
碎瓦穨垣,-0.5555555555555556,negative,0.5555555555555556
碎骨粉尸,-1.0,negative,1.0
磨折,-0.5555555555555556,negative,0.5555555555555556
磨洋工,-0.5555555555555556,negative,0.5555555555555556
磨烦,-0.3333333333333333,negative,0.3333333333333333
磨砖成镜,-0.1111111111111111,negative,0.1111111111111111
磨磨蹭蹭,-0.3333333333333333,negative,0.3333333333333333
示众,-0.3333333333333333,negative,0.3333333333333333
示弱,-0.5555555555555556,negative,0.5555555555555556
社会贤达,-0.7777777777777778,negative,0.7777777777777778
社鼠城狐,-0.7777777777777778,negative,0.7777777777777778
祖龙之虐,-0.7777777777777778,negative,0.7777777777777778
祝不胜诅,-0.5555555555555556,negative,0.5555555555555556
祝鮀之佞,-0.7777777777777778,negative,0.7777777777777778
神不守舍,-0.5555555555555556,negative,0.5555555555555556
神不收舍,-0.5555555555555556,negative,0.5555555555555556
神不附体,-0.5555555555555556,negative,0.5555555555555556
神丧胆落,-1.0,negative,1.0
神伤,-0.5555555555555556,negative,0.5555555555555556
神号鬼哭,-0.5555555555555556,negative,0.5555555555555556
神头鬼脸,-0.5555555555555556,negative,0.5555555555555556
神头鬼面,-0.5555555555555556,negative,0.5555555555555556
神奸巨猾,-0.5555555555555556,negative,0.5555555555555556
神奸巨蠹,-1.0,negative,1.0
神志委靡,-0.5555555555555556,negative,0.5555555555555556
神思恍惚,-0.5555555555555556,negative,0.5555555555555556
神情不属,-0.5555555555555556,negative,0.5555555555555556
神机鬼械,-0.5555555555555556,negative,0.5555555555555556
神权,-0.5555555555555556,negative,0.5555555555555556
神气活现,-0.7777777777777778,negative,0.7777777777777778
神焦鬼烂,-0.7777777777777778,negative,0.7777777777777778
神牵鬼制,-0.5555555555555556,negative,0.5555555555555556
神眉鬼眼,-0.5555555555555556,negative,0.5555555555555556
神短气浮,-0.5555555555555556,negative,0.5555555555555556
神经,-0.5555555555555556,negative,0.5555555555555556
神经兮兮,-0.3333333333333333,negative,0.3333333333333333
神经病,-0.5555555555555556,negative,0.5555555555555556
神经质,-0.5555555555555556,negative,0.5555555555555556
神经错乱,-0.5555555555555556,negative,0.5555555555555556
神譁鬼叫,-0.5555555555555556,negative,0.5555555555555556
神迷意夺,-0.5555555555555556,negative,0.5555555555555556
神逝魄夺,-0.5555555555555556,negative,0.5555555555555556
神郁气悴,-0.5555555555555556,negative,0.5555555555555556
神魂荡飏,-0.5555555555555556,negative,0.5555555555555556
神魂颠倒,-0.3333333333333333,negative,0.3333333333333333
神魂飘荡,-0.5555555555555556,negative,0.5555555555555556
祸乱,-0.1111111111111111,negative,0.1111111111111111
祸事,-0.3333333333333333,negative,0.3333333333333333
祸从口出,-0.7777777777777778,negative,0.7777777777777778
祸从天降,-1.0,negative,1.0
祸国殃民,-0.7777777777777778,negative,0.7777777777777778
祸心,-0.5555555555555556,negative,0.5555555555555556
祸患,-0.3333333333333333,negative,0.3333333333333333
祸根,-0.5555555555555556,negative,0.5555555555555556
祸水,-0.7777777777777778,negative,0.7777777777777778
祸福无门,-0.7777777777777778,negative,0.7777777777777778
祸稔恶积,-1.0,negative,1.0
祸胎,-1.0,negative,1.0
祸起萧墙,-0.5555555555555556,negative,0.5555555555555556
祸首,-0.5555555555555556,negative,0.5555555555555556
禁锢,-0.3333333333333333,negative,0.3333333333333333
福善祸淫,-0.5555555555555556,negative,0.5555555555555556
福无双至,-0.7777777777777778,negative,0.7777777777777778
离乡别井,-1.0,negative,1.0
离乡别土,-1.0,negative,1.0
离乡背井,-1.0,negative,1.0
离乡背土,-1.0,negative,1.0
离乱,-0.7777777777777778,negative,0.7777777777777778
离合悲欢,-0.7777777777777778,negative,0.7777777777777778
离奇,-0.5555555555555556,negative,0.5555555555555556
离弃,-0.7777777777777778,negative,0.7777777777777778
离心离德,-0.7777777777777778,negative,0.7777777777777778
离愁,-0.1111111111111111,negative,0.1111111111111111
离本依末,-0.3333333333333333,negative,0.3333333333333333
离本徼末,-0.3333333333333333,negative,0.3333333333333333
离本趣末,-0.3333333333333333,negative,0.3333333333333333
离格,-0.5555555555555556,negative,0.5555555555555556
离格儿,-0.3333333333333333,negative,0.3333333333333333
离经叛道,-0.5555555555555556,negative,0.5555555555555556
离谱,-0.5555555555555556,negative,0.5555555555555556
离谱儿,-0.3333333333333333,negative,0.3333333333333333
离间,-0.7777777777777778,negative,0.7777777777777778
离鸾别凤,-0.5555555555555556,negative,0.5555555555555556
离鸾别鹤,-0.5555555555555556,negative,0.5555555555555556
禽兽,-1.0,negative,1.0
禽兽不如,-1.0,negative,1.0
禽息鸟视,-0.7777777777777778,negative,0.7777777777777778
私下,-0.7777777777777778,negative,0.7777777777777778
私下里,-1.0,negative,1.0
私了,-0.5555555555555556,negative,0.5555555555555556
私党,-0.5555555555555556,negative,0.5555555555555556
私刑,-0.5555555555555556,negative,0.5555555555555556
私利,-0.5555555555555556,negative,0.5555555555555556
私吞,-0.5555555555555556,negative,0.5555555555555556
私图,-0.5555555555555556,negative,0.5555555555555556
私奔,-0.5555555555555556,negative,0.5555555555555556
私娼,-0.5555555555555556,negative,0.5555555555555556
私弊,-0.5555555555555556,negative,0.5555555555555556
私心,-0.5555555555555556,negative,0.5555555555555556
私心杂念,-0.5555555555555556,negative,0.5555555555555556
私念,-0.3333333333333333,negative,0.3333333333333333
私情,-0.5555555555555556,negative,0.5555555555555556
私枭,-0.5555555555555556,negative,0.5555555555555556
私欲,-0.3333333333333333,negative,0.3333333333333333
私生子,-0.5555555555555556,negative,0.5555555555555556
私相授受,-0.5555555555555556,negative,0.5555555555555556
私窝子,-0.5555555555555556,negative,0.5555555555555556
私自,-0.3333333333333333,negative,0.3333333333333333
私见,-0.3333333333333333,negative,0.3333333333333333
私话,-0.5555555555555556,negative,0.5555555555555556
私货,-0.5555555555555556,negative,0.5555555555555556
私通,-0.7777777777777778,negative,0.7777777777777778
秉性剌戾,-1.0,negative,1.0
秋荼密网,-0.5555555555555556,negative,0.5555555555555556
秋风过耳,-0.5555555555555556,negative,0.5555555555555556
种族主义,-0.7777777777777778,negative,0.7777777777777778
种族歧视,-1.0,negative,1.0
科头跣足,-0.5555555555555556,negative,0.5555555555555556
科盲,-0.1111111111111111,negative,0.1111111111111111
秕子,-0.3333333333333333,negative,0.3333333333333333
秕糠,-0.1111111111111111,negative,0.1111111111111111
租心浮气,-0.3333333333333333,negative,0.3333333333333333
积弊,-0.7777777777777778,negative,0.7777777777777778
积毁销骨,-0.7777777777777778,negative,0.7777777777777778
积羽沉舟,-0.7777777777777778,negative,0.7777777777777778
积郁,-0.5555555555555556,negative,0.5555555555555556
积重难返,-0.7777777777777778,negative,0.7777777777777778
称大,-0.3333333333333333,negative,0.3333333333333333
称王称霸,-0.5555555555555556,negative,0.5555555555555556
称臣,-0.1111111111111111,negative,0.1111111111111111
称薪而爨,-0.5555555555555556,negative,0.5555555555555556
称霸,-0.5555555555555556,negative,0.5555555555555556
移东补西,-0.5555555555555556,negative,0.5555555555555556
移天易日,-1.0,negative,1.0
移花接木,-0.5555555555555556,negative,0.5555555555555556
秽乱,-1.0,negative,1.0
秽亵,-1.0,negative,1.0
秽气,-0.5555555555555556,negative,0.5555555555555556
秽行,-0.5555555555555556,negative,0.5555555555555556
秽语,-0.5555555555555556,negative,0.5555555555555556
秽迹,-0.5555555555555556,negative,0.5555555555555556
秽闻,-0.5555555555555556,negative,0.5555555555555556
稀松,-0.3333333333333333,negative,0.3333333333333333
稀烂,-0.3333333333333333,negative,0.3333333333333333
稀碎,-0.3333333333333333,negative,0.3333333333333333
稀里糊涂,-1.0,negative,1.0
稂莠,-0.5555555555555556,negative,0.5555555555555556
穷乏,-0.5555555555555556,negative,0.5555555555555556
穷乡僻壤,-0.5555555555555556,negative,0.5555555555555556
穷兵黩武,-0.5555555555555556,negative,0.5555555555555556
穷凶恶极,-1.0,negative,1.0
穷凶极恶,-1.0,negative,1.0
穷困潦倒,-0.7777777777777778,negative,0.7777777777777778
穷奢极侈,-1.0,negative,1.0
穷奢极欲,-0.7777777777777778,negative,0.7777777777777778
穷寇,-0.1111111111111111,negative,0.1111111111111111
穷山恶水,-0.7777777777777778,negative,0.7777777777777778
穷形尽相,-0.7777777777777778,negative,0.7777777777777778
穷极无聊,-0.5555555555555556,negative,0.5555555555555556
穷极潦倒,-1.0,negative,1.0
穷途,-0.3333333333333333,negative,0.3333333333333333
穷途之哭,-0.5555555555555556,negative,0.5555555555555556
穷途潦倒,-0.7777777777777778,negative,0.7777777777777778
穷酸,-0.3333333333333333,negative,0.3333333333333333
穷阎漏屋,-0.1111111111111111,negative,0.1111111111111111
空中楼阁,-0.7777777777777778,negative,0.7777777777777778
空乏,-0.3333333333333333,negative,0.3333333333333333
空喊,-0.5555555555555556,negative,0.5555555555555556
空头,-0.3333333333333333,negative,0.3333333333333333
空头支票,-0.5555555555555556,negative,0.5555555555555556
空幻,-0.7777777777777778,negative,0.7777777777777778
空想,-0.7777777777777778,negative,0.7777777777777778
空文,-0.3333333333333333,negative,0.3333333333333333
空泛,-0.3333333333333333,negative,0.3333333333333333
空洞,-0.3333333333333333,negative,0.3333333333333333
空洞无物,-0.5555555555555556,negative,0.5555555555555556
空洞无聊,-0.7777777777777778,negative,0.7777777777777778
空洞洞,-0.3333333333333333,negative,0.3333333333333333
空疏,-0.3333333333333333,negative,0.3333333333333333
空穴来风,-0.5555555555555556,negative,0.5555555555555556
空空洞洞,-0.7777777777777778,negative,0.7777777777777778
空耗,-0.1111111111111111,negative,0.1111111111111111
空论,-0.3333333333333333,negative,0.3333333333333333
空话,-0.1111111111111111,negative,0.1111111111111111
空话连篇,-0.7777777777777778,negative,0.7777777777777778
空谈,-1.0,negative,1.0
空谈快意,-0.5555555555555556,negative,0.5555555555555556
穿凿,-0.3333333333333333,negative,0.3333333333333333
穿凿附会,-0.5555555555555556,negative,0.5555555555555556
穿窬,-0.5555555555555556,negative,0.5555555555555556
穿窬之盗,-0.7777777777777778,negative,0.7777777777777778
窃位素餐,-1.0,negative,1.0
窃取,-0.5555555555555556,negative,0.5555555555555556
窃国,-1.0,negative,1.0
窃夺,-0.5555555555555556,negative,0.5555555555555556
窃据,-0.5555555555555556,negative,0.5555555555555556
窃据要津,-0.5555555555555556,negative,0.5555555555555556
窃案,-0.7777777777777778,negative,0.7777777777777778
窃窃,-0.5555555555555556,negative,0.5555555555555556
窃窃私议,-0.3333333333333333,negative,0.3333333333333333
窃窃私语,-0.3333333333333333,negative,0.3333333333333333
窃贼,-0.5555555555555556,negative,0.5555555555555556
窄狭,-0.3333333333333333,negative,0.3333333333333333
窑子,-0.5555555555555556,negative,0.5555555555555556
窑宅之所,-0.3333333333333333,negative,0.3333333333333333
窜扰,-0.5555555555555556,negative,0.5555555555555556
窜改,-0.3333333333333333,negative,0.3333333333333333
窜犯,-0.5555555555555556,negative,0.5555555555555556
窜端匿迹,-0.3333333333333333,negative,0.3333333333333333
窜逃,-0.3333333333333333,negative,0.3333333333333333
窝主,-0.7777777777777778,negative,0.7777777777777778
窝囊,-0.7777777777777778,negative,0.7777777777777778
窝囊废,-0.7777777777777778,negative,0.7777777777777778
窝工,-0.5555555555555556,negative,0.5555555555555556
窝心,-0.5555555555555556,negative,0.5555555555555556
窝点,-0.7777777777777778,negative,0.7777777777777778
窝赃,-0.7777777777777778,negative,0.7777777777777778
窥伺,-0.3333333333333333,negative,0.3333333333333333
窥豹一斑,-0.1111111111111111,negative,0.1111111111111111
窥间伺隙,-0.7777777777777778,negative,0.7777777777777778
窳劣,-0.7777777777777778,negative,0.7777777777777778
窳惰,-0.5555555555555556,negative,0.5555555555555556
窳败,-0.7777777777777778,negative,0.7777777777777778
立足之地,-0.5555555555555556,negative,0.5555555555555556
立锥之地,-0.1111111111111111,negative,0.1111111111111111
竖子,-0.7777777777777778,negative,0.7777777777777778
竖子成名,-0.5555555555555556,negative,0.5555555555555556
竖子成名　,-0.7777777777777778,negative,0.7777777777777778
竭泽而渔,-0.7777777777777778,negative,0.7777777777777778
竹篮子打水,-1.0,negative,1.0
竹篮子打水一场空,-0.5555555555555556,negative,0.5555555555555556
竹篮打水,-1.0,negative,1.0
笑里藏刀,-1.0,negative,1.0
笑面夜叉,-0.5555555555555556,negative,0.5555555555555556
笑面虎,-0.5555555555555556,negative,0.5555555555555556
笨伯,-0.3333333333333333,negative,0.3333333333333333
笨口拙舌,-0.3333333333333333,negative,0.3333333333333333
笨头笨脑,-0.5555555555555556,negative,0.5555555555555556
笨手笨脚,-0.5555555555555556,negative,0.5555555555555556
笨拙,-0.5555555555555556,negative,0.5555555555555556
笨蛋,-0.3333333333333333,negative,0.3333333333333333
笨重,-0.1111111111111111,negative,0.1111111111111111
笼络,-0.3333333333333333,negative,0.3333333333333333
笼络人心,-0.5555555555555556,negative,0.5555555555555556
笼统,-0.1111111111111111,negative,0.1111111111111111
等因奉此,-0.5555555555555556,negative,0.5555555555555556
等外,-0.5555555555555556,negative,0.5555555555555556
等米下锅,-0.1111111111111111,negative,0.1111111111111111
等而下之,-0.5555555555555556,negative,0.5555555555555556
等闲视之,-0.3333333333333333,negative,0.3333333333333333
筋疲力尽,-0.7777777777777778,negative,0.7777777777777778
筑室道谋,-0.3333333333333333,negative,0.3333333333333333
策划,-0.1111111111111111,negative,0.1111111111111111
策动,-0.5555555555555556,negative,0.5555555555555556
筛糠,-0.5555555555555556,negative,0.5555555555555556
简慢,-0.3333333333333333,negative,0.3333333333333333
简陋,-0.3333333333333333,negative,0.3333333333333333
算帐,-0.5555555555555556,negative,0.5555555555555556
算计,-0.7777777777777778,negative,0.7777777777777778
管中窥豹,-0.7777777777777778,negative,0.7777777777777778
管窥之见,-0.5555555555555556,negative,0.5555555555555556
管窥所及,-0.1111111111111111,negative,0.1111111111111111
管窥筐举,-0.5555555555555556,negative,0.5555555555555556
管窥蠡测,-0.5555555555555556,negative,0.5555555555555556
管见,-0.4444444444444444,negative,0.4444444444444444
管见所及,-0.5555555555555556,negative,0.5555555555555556
篡位,-0.7777777777777778,negative,0.7777777777777778
篡国,-0.5555555555555556,negative,0.5555555555555556
篡夺,-0.5555555555555556,negative,0.5555555555555556
篡改,-0.5555555555555556,negative,0.5555555555555556
篡权,-0.5555555555555556,negative,0.5555555555555556
簧舌,-0.5555555555555556,negative,0.5555555555555556
簧鼓,-0.5555555555555556,negative,0.5555555555555556
簸弄,-0.3333333333333333,negative,0.3333333333333333
簸荡,-0.5555555555555556,negative,0.5555555555555556
米珠薪桂,-0.7777777777777778,negative,0.7777777777777778
粉饰,-0.3333333333333333,negative,0.3333333333333333
粉饰太平,-0.5555555555555556,negative,0.5555555555555556
粗俗,-0.7777777777777778,negative,0.7777777777777778
粗制滥造,-0.5555555555555556,negative,0.5555555555555556
粗劣,-0.5555555555555556,negative,0.5555555555555556
粗心,-0.3333333333333333,negative,0.3333333333333333
粗心大意,-0.5555555555555556,negative,0.5555555555555556
粗手笨脚,-0.5555555555555556,negative,0.5555555555555556
粗拉,-0.1111111111111111,negative,0.1111111111111111
粗拙,-0.5555555555555556,negative,0.5555555555555556
粗暴,-0.5555555555555556,negative,0.5555555555555556
粗服乱头,-0.1111111111111111,negative,0.1111111111111111
粗枝大叶,-0.1111111111111111,negative,0.1111111111111111
粗活,-0.5555555555555556,negative,0.5555555555555556
粗浅,-0.3333333333333333,negative,0.3333333333333333
粗浮,-0.7777777777777778,negative,0.7777777777777778
粗率,-0.5555555555555556,negative,0.5555555555555556
粗疏,-0.3333333333333333,negative,0.3333333333333333
粗笨,-0.5555555555555556,negative,0.5555555555555556
粗腿病,-0.7777777777777778,negative,0.7777777777777778
粗莽,-0.5555555555555556,negative,0.5555555555555556
粗蛮,-0.7777777777777778,negative,0.7777777777777778
粗话,-0.3333333333333333,negative,0.3333333333333333
粗鄙,-0.7777777777777778,negative,0.7777777777777778
粗野,-0.5555555555555556,negative,0.5555555555555556
粗陋,-0.7777777777777778,negative,0.7777777777777778
粗鲁,-0.5555555555555556,negative,0.5555555555555556
粤犬吠雪,-0.5555555555555556,negative,0.5555555555555556
粪土,-0.5555555555555556,negative,0.5555555555555556
粪土不如,-0.7777777777777778,negative,0.7777777777777778
精疲力竭,-0.7777777777777778,negative,0.7777777777777778
精神不振,-0.5555555555555556,negative,0.5555555555555556
精神病,-0.3333333333333333,negative,0.3333333333333333
糊弄局,-0.5555555555555556,negative,0.5555555555555556
糊涂,-0.3333333333333333,negative,0.3333333333333333
糊涂虫,-0.5555555555555556,negative,0.5555555555555556
糊糊涂涂,-0.3333333333333333,negative,0.3333333333333333
糊里糊涂,-0.3333333333333333,negative,0.3333333333333333
糖弹,-0.3333333333333333,negative,0.3333333333333333
糖衣炮弹,-0.7777777777777778,negative,0.7777777777777778
糜烂,-0.5555555555555556,negative,0.5555555555555556
糜费,-0.3333333333333333,negative,0.3333333333333333
糟害,-0.7777777777777778,negative,0.7777777777777778
糟心,-0.3333333333333333,negative,0.3333333333333333
糟报,-0.5555555555555556,negative,0.5555555555555556
糟改,-0.7777777777777778,negative,0.7777777777777778
糟朽,-0.5555555555555556,negative,0.5555555555555556
糟烂,-0.3333333333333333,negative,0.3333333333333333
糟粕,-0.5555555555555556,negative,0.5555555555555556
糟糕,-0.3333333333333333,negative,0.3333333333333333
糟踏,-1.0,negative,1.0
糟蹋,-0.7777777777777778,negative,0.7777777777777778
糠菜半年粮,-0.3333333333333333,negative,0.3333333333333333
糠豆不赡,-0.3333333333333333,negative,0.3333333333333333
系缚,-0.3333333333333333,negative,0.3333333333333333
系风捕影,-0.5555555555555556,negative,0.5555555555555556
紊乱,-0.3333333333333333,negative,0.3333333333333333
素口骂人,-0.5555555555555556,negative,0.5555555555555556
索垢寻疵,-0.7777777777777778,negative,0.7777777777777778
索寞,-0.3333333333333333,negative,0.3333333333333333
索然乏味,-1.0,negative,1.0
索然寡味,-1.0,negative,1.0
索然无味,-0.5555555555555556,negative,0.5555555555555556
索贿,-0.7777777777777778,negative,0.7777777777777778
累卵,-0.5555555555555556,negative,0.5555555555555556
累块积苏,-0.1111111111111111,negative,0.1111111111111111
累牍连篇,-0.5555555555555556,negative,0.5555555555555556
累累,-0.7777777777777778,negative,0.7777777777777778
累赘,-0.5555555555555556,negative,0.5555555555555556
絮叨,-1.0,negative,1.0
絮烦,-0.1111111111111111,negative,0.1111111111111111
絮絮,-0.5555555555555556,negative,0.5555555555555556
絮絮叨叨,-0.3333333333333333,negative,0.3333333333333333
絮聒,-1.0,negative,1.0
絮语,-0.5555555555555556,negative,0.5555555555555556
綦谿利跂,-0.5555555555555556,negative,0.5555555555555556
繁乱,-0.3333333333333333,negative,0.3333333333333333
繁冗,-0.3333333333333333,negative,0.3333333333333333
繁复,-0.5555555555555556,negative,0.5555555555555556
繁文缛节　,-0.5555555555555556,negative,0.5555555555555556
繁杂,-0.3333333333333333,negative,0.3333333333333333
繁琐,-0.3333333333333333,negative,0.3333333333333333
繁缛,-0.5555555555555556,negative,0.5555555555555556
繁芜,-0.5555555555555556,negative,0.5555555555555556
纠合,-0.5555555555555556,negative,0.5555555555555556
纠缠,-0.5555555555555556,negative,0.5555555555555556
纠集,-0.5555555555555556,negative,0.5555555555555556
红不棱登,-0.3333333333333333,negative,0.3333333333333333
红眼,-1.0,negative,1.0
红眼病,-0.5555555555555556,negative,0.5555555555555556
红颜薄命,-0.5555555555555556,negative,0.5555555555555556
纤弱,-0.5555555555555556,negative,0.5555555555555556
纨绔子弟,-0.7777777777777778,negative,0.7777777777777778
纰漏,-0.3333333333333333,negative,0.3333333333333333
纲纪废弛,-1.0,negative,1.0
纳履踵决,-0.3333333333333333,negative,0.3333333333333333
纳粹,-0.7777777777777778,negative,0.7777777777777778
纳贿,-0.3333333333333333,negative,0.3333333333333333
纵容,-0.3333333333333333,negative,0.3333333333333333
纵欲,-0.5555555555555556,negative,0.5555555555555556
纷乱,-0.5555555555555556,negative,0.5555555555555556
纷扰,-0.5555555555555556,negative,0.5555555555555556
纷杂,-0.3333333333333333,negative,0.3333333333333333
纸上谈兵,-0.5555555555555556,negative,0.5555555555555556
纸老虎,-0.5555555555555556,negative,0.5555555555555556
纸醉金迷,-1.0,negative,1.0
细大不捐,-0.5555555555555556,negative,0.5555555555555556
细弱,-0.3333333333333333,negative,0.3333333333333333
终天之恨,-1.0,negative,1.0
绊脚石,-0.5555555555555556,negative,0.5555555555555556
经心,-0.5555555555555556,negative,0.5555555555555556
经验不足,-0.7777777777777778,negative,0.7777777777777778
绑匪,-0.5555555555555556,negative,0.5555555555555556
绑架,-0.5555555555555556,negative,0.5555555555555556
绑票,-0.5555555555555556,negative,0.5555555555555556
结伙,-0.3333333333333333,negative,0.3333333333333333
结党营私,-1.0,negative,1.0
结核杆菌,-0.5555555555555556,negative,0.5555555555555556
结驷联骑,-1.0,negative,1.0
结驷连骑,-1.0,negative,1.0
绕圈子,-0.7777777777777778,negative,0.7777777777777778
绕脖子,-0.3333333333333333,negative,0.3333333333333333
绞手,-0.7777777777777778,negative,0.7777777777777778
绞杀,-0.7777777777777778,negative,0.7777777777777778
绞杀战,-0.7777777777777778,negative,0.7777777777777778
绠短汲深,-0.3333333333333333,negative,0.3333333333333333
绣花枕头,-0.5555555555555556,negative,0.5555555555555556
续貂,-0.3333333333333333,negative,0.3333333333333333
绵力薄材,-0.5555555555555556,negative,0.5555555555555556
绵里藏针,-0.7777777777777778,negative,0.7777777777777778
绷着脸,-0.3333333333333333,negative,0.3333333333333333
缄口藏舌,-0.3333333333333333,negative,0.3333333333333333
缘木求鱼,-0.5555555555555556,negative,0.5555555555555556
缠手,-0.7777777777777778,negative,0.7777777777777778
缠扰,-0.3333333333333333,negative,0.3333333333333333
缠磨,-0.3333333333333333,negative,0.3333333333333333
缩头缩尾,-0.3333333333333333,negative,0.3333333333333333
缩头缩脑,-0.5555555555555556,negative,0.5555555555555556
缩手缩脚,-1.0,negative,1.0
缪说,-0.5555555555555556,negative,0.5555555555555556
缪错,-0.3333333333333333,negative,0.3333333333333333
缺乏,-0.3333333333333333,negative,0.3333333333333333
缺乏幽默,-0.5555555555555556,negative,0.5555555555555556
缺乏才智,-0.5555555555555556,negative,0.5555555555555556
缺乏教养,-0.5555555555555556,negative,0.5555555555555556
缺乏绅士风度,-0.5555555555555556,negative,0.5555555555555556
缺失,-0.3333333333333333,negative,0.3333333333333333
缺德,-0.7777777777777778,negative,0.7777777777777778
缺心眼,-0.7777777777777778,negative,0.7777777777777778
缺心眼儿,-0.7777777777777778,negative,0.7777777777777778
缺点,-1.0,negative,1.0
缺陷,-0.3333333333333333,negative,0.3333333333333333
罄竹难书,-1.0,negative,1.0
罅漏,-0.5555555555555556,negative,0.5555555555555556
罅隙,-0.1111111111111111,negative,0.1111111111111111
网漏吞舟,-0.7777777777777778,negative,0.7777777777777778
罗掘俱穷,-0.7777777777777778,negative,0.7777777777777778
罗雀掘鼠,-0.3333333333333333,negative,0.3333333333333333
罚不当罪,-0.3333333333333333,negative,0.3333333333333333
罢免,-0.5555555555555556,negative,0.5555555555555556
罢职,-0.5555555555555556,negative,0.5555555555555556
罢黜,-0.5555555555555556,negative,0.5555555555555556
罪不容诛,-1.0,negative,1.0
罪人,-0.7777777777777778,negative,0.7777777777777778
罪加一等,-0.5555555555555556,negative,0.5555555555555556
罪在不赦,-1.0,negative,1.0
罪大恶极,-1.0,negative,1.0
罪孽,-1.0,negative,1.0
罪孽深重,-0.7777777777777778,negative,0.7777777777777778
罪尤,-1.0,negative,1.0
罪当万死,-1.0,negative,1.0
罪恶,-1.0,negative,1.0
罪恶多端,-1.0,negative,1.0
罪恶如山,-1.0,negative,1.0
罪恶昭彰,-1.0,negative,1.0
罪恶昭著,-1.0,negative,1.0
罪恶深重,-1.0,negative,1.0
罪恶滔天,-1.0,negative,1.0
罪情,-0.7777777777777778,negative,0.7777777777777778
罪愆,-1.0,negative,1.0
罪有应得,-0.5555555555555556,negative,0.5555555555555556
罪状,-1.0,negative,1.0
罪莫大焉,-1.0,negative,1.0
罪行,-0.5555555555555556,negative,0.5555555555555556
罪该万死,-1.0,negative,1.0
罪责,-1.0,negative,1.0
罪过,-0.3333333333333333,negative,0.3333333333333333
罪魁祸首,-1.0,negative,1.0
置之不理,-0.3333333333333333,negative,0.3333333333333333
置之不顾,-0.3333333333333333,negative,0.3333333333333333
置之死地而后快,-0.5555555555555556,negative,0.5555555555555556
置若罔闻,-0.3333333333333333,negative,0.3333333333333333
置身事外,-0.5555555555555556,negative,0.5555555555555556
羊入虎群,-0.7777777777777778,negative,0.7777777777777778
羊狠狼贪,-1.0,negative,1.0
羊肠小道,-0.7777777777777778,negative,0.7777777777777778
羊落虎口,-0.5555555555555556,negative,0.5555555555555556
羊质虎皮,-0.5555555555555556,negative,0.5555555555555556
美中不足,-0.3333333333333333,negative,0.3333333333333333
羞与为伍,-0.5555555555555556,negative,0.5555555555555556
羞人答答,-0.3333333333333333,negative,0.3333333333333333
羞惭,-0.5555555555555556,negative,0.5555555555555556
羞耻,-0.5555555555555556,negative,0.5555555555555556
群居终日，盲不及义,-0.7777777777777778,negative,0.7777777777777778
群氓,-0.5555555555555556,negative,0.5555555555555556
群起而攻之,-0.3333333333333333,negative,0.3333333333333333
群魔乱舞,-1.0,negative,1.0
羼杂,-0.7777777777777778,negative,0.7777777777777778
羽毛未丰,-0.5555555555555556,negative,0.5555555555555556
翘尾巴,-0.5555555555555556,negative,0.5555555555555556
翘辫子,-1.0,negative,1.0
翻云覆雨,-0.5555555555555556,negative,0.5555555555555556
翻天,-0.3333333333333333,negative,0.3333333333333333
翻悔,-0.1111111111111111,negative,0.1111111111111111
翻手云覆手雨,-0.5555555555555556,negative,0.5555555555555556
翻来覆去,-0.5555555555555556,negative,0.5555555555555556
翻版,-0.1111111111111111,negative,0.1111111111111111
翻翻覆覆,-0.3333333333333333,negative,0.3333333333333333
翻黄倒皁,-0.5555555555555556,negative,0.5555555555555556
耀武扬威,-1.0,negative,1.0
老一套,-0.1111111111111111,negative,0.1111111111111111
老不晓事,-0.3333333333333333,negative,0.3333333333333333
老于世故,-0.3333333333333333,negative,0.3333333333333333
老八辈子,-0.1111111111111111,negative,0.1111111111111111
老古董,-0.5555555555555556,negative,0.5555555555555556
老大难,-0.7777777777777778,negative,0.7777777777777778
老太太吃炒胡豆－咬牙切齿,-1.0,negative,1.0
老奸巨滑,-1.0,negative,1.0
老奸巨猾,-0.5555555555555556,negative,0.5555555555555556
老好人,-0.3333333333333333,negative,0.3333333333333333
老巢,-0.3333333333333333,negative,0.3333333333333333
老态龙钟,-0.3333333333333333,negative,0.3333333333333333
老气横秋,-0.5555555555555556,negative,0.5555555555555556
老汉啃甘蔗－咬牙切齿,-1.0,negative,1.0
老江湖,-0.5555555555555556,negative,0.5555555555555556
老油子,-0.7777777777777778,negative,0.7777777777777778
老派,-0.5555555555555556,negative,0.5555555555555556
老牛破车,-0.3333333333333333,negative,0.3333333333333333
老狐狸,-0.7777777777777778,negative,0.7777777777777778
老生常谈,-0.7777777777777778,negative,0.7777777777777778
老相,-0.1111111111111111,negative,0.1111111111111111
老粗,-0.5555555555555556,negative,0.5555555555555556
老脸,-0.5555555555555556,negative,0.5555555555555556
老虎屁股摸不得,-0.3333333333333333,negative,0.3333333333333333
老蚕作茧,-0.5555555555555556,negative,0.5555555555555556
老调,-0.3333333333333333,negative,0.3333333333333333
老调重弹,-0.3333333333333333,negative,0.3333333333333333
老谋深算,-0.5555555555555556,negative,0.5555555555555556
老赶,-0.5555555555555556,negative,0.5555555555555556
老辣,-0.5555555555555556,negative,0.5555555555555556
老顽固,-0.5555555555555556,negative,0.5555555555555556
老饕,-0.3333333333333333,negative,0.3333333333333333
"老鼠过街,人人喊打",-0.5555555555555556,negative,0.5555555555555556
耍嘴皮子,-0.5555555555555556,negative,0.5555555555555556
耍奸,-0.5555555555555556,negative,0.5555555555555556
耍子,-0.5555555555555556,negative,0.5555555555555556
耍弄,-0.7777777777777778,negative,0.7777777777777778
耍心眼儿,-0.5555555555555556,negative,0.5555555555555556
耍态度,-0.5555555555555556,negative,0.5555555555555556
耍手段,-0.1111111111111111,negative,0.1111111111111111
耍无赖,-0.5555555555555556,negative,0.5555555555555556
耍滑,-0.3333333333333333,negative,0.3333333333333333
耍滑头,-0.1111111111111111,negative,0.1111111111111111
耍笑,-0.5555555555555556,negative,0.5555555555555556
耍花招,-0.1111111111111111,negative,0.1111111111111111
耍花枪,-0.3333333333333333,negative,0.3333333333333333
耍花腔,-0.1111111111111111,negative,0.1111111111111111
耍贫嘴,-0.5555555555555556,negative,0.5555555555555556
耍赖,-0.5555555555555556,negative,0.5555555555555556
耍钱,-0.5555555555555556,negative,0.5555555555555556
耳报神,-0.5555555555555556,negative,0.5555555555555556
耳视目食,-0.5555555555555556,negative,0.5555555555555556
耳软心活,-0.5555555555555556,negative,0.5555555555555556
耳边风,-0.7777777777777778,negative,0.7777777777777778
耳食之谈,-0.3333333333333333,negative,0.3333333333333333
耸人听闻,-0.3333333333333333,negative,0.3333333333333333
耻笑,-0.5555555555555556,negative,0.5555555555555556
耻辱,-0.7777777777777778,negative,0.7777777777777778
耻骂,-0.5555555555555556,negative,0.5555555555555556
耽搁,-0.3333333333333333,negative,0.3333333333333333
耽误,-0.3333333333333333,negative,0.3333333333333333
耿耿于怀,-0.3333333333333333,negative,0.3333333333333333
聊以卒岁,-0.3333333333333333,negative,0.3333333333333333
聊以塞责,-0.5555555555555556,negative,0.5555555555555556
聊以自慰,-0.7777777777777778,negative,0.7777777777777778
聒耳,-0.1111111111111111,negative,0.1111111111111111
聚敛,-0.5555555555555556,negative,0.5555555555555556
聚敛无厌,-0.7777777777777778,negative,0.7777777777777778
聚讼纷纭,-0.7777777777777778,negative,0.7777777777777778
聪明反被聪明误,-0.5555555555555556,negative,0.5555555555555556
肃杀,-0.3333333333333333,negative,0.3333333333333333
肆意,-0.1111111111111111,negative,0.1111111111111111
肆意妄为,-0.7777777777777778,negative,0.7777777777777778
肆意横行,-0.7777777777777778,negative,0.7777777777777778
肆扰,-0.5555555555555556,negative,0.5555555555555556
肆无忌惮,-1.0,negative,1.0
肆虐,-0.7777777777777778,negative,0.7777777777777778
肆行,-0.5555555555555556,negative,0.5555555555555556
肆言如狂,-0.5555555555555556,negative,0.5555555555555556
肆言詈辱,-0.7777777777777778,negative,0.7777777777777778
肆言谩骂,-0.7777777777777778,negative,0.7777777777777778
肇事,-0.5555555555555556,negative,0.5555555555555556
肇祸,-0.5555555555555556,negative,0.5555555555555556
肉中刺,-0.7777777777777778,negative,0.7777777777777778
肉头,-0.3333333333333333,negative,0.3333333333333333
肉欲,-0.3333333333333333,negative,0.3333333333333333
肉食者鄙,-0.5555555555555556,negative,0.5555555555555556
肋脦,-0.7777777777777778,negative,0.7777777777777778
肓干,-0.3333333333333333,negative,0.3333333333333333
肘胁之患,-0.5555555555555556,negative,0.5555555555555556
肘腋之患,-0.5555555555555556,negative,0.5555555555555556
肝肠寸断,-1.0,negative,1.0
肝髓流野,-1.0,negative,1.0
肠伤寒,-0.5555555555555556,negative,0.5555555555555556
肠肥脑满,-0.5555555555555556,negative,0.5555555555555556
肠阻塞,-0.5555555555555556,negative,0.5555555555555556
股匪,-0.3333333333333333,negative,0.3333333333333333
肢解,-0.5555555555555556,negative,0.5555555555555556
肤末支离,-0.5555555555555556,negative,0.5555555555555556
肤泛,-0.3333333333333333,negative,0.3333333333333333
肤浅,-0.7777777777777778,negative,0.7777777777777778
肤皮潦草,-0.7777777777777778,negative,0.7777777777777778
肤粟股栗,-1.0,negative,1.0
肤见謭识,-0.5555555555555556,negative,0.5555555555555556
肥头大耳,-0.5555555555555556,negative,0.5555555555555556
肥肠满脑,-0.5555555555555556,negative,0.5555555555555556
肥马轻裘,-0.3333333333333333,negative,0.3333333333333333
肮脏,-1.0,negative,1.0
肮里肮脏,-0.5555555555555556,negative,0.5555555555555556
胁从,-0.5555555555555556,negative,0.5555555555555556
胁持,-0.3333333333333333,negative,0.3333333333333333
胁肩低眉,-0.5555555555555556,negative,0.5555555555555556
胁肩低首,-0.5555555555555556,negative,0.5555555555555556
胁肩谄笑,-0.7777777777777778,negative,0.7777777777777778
胁迫,-0.5555555555555556,negative,0.5555555555555556
胆丧魂惊,-1.0,negative,1.0
胆丧魂消,-1.0,negative,1.0
胆大包天,-0.7777777777777778,negative,0.7777777777777778
胆大妄为,-1.0,negative,1.0
胆大心粗,-0.5555555555555556,negative,0.5555555555555556
胆寒发竖,-1.0,negative,1.0
胆小,-0.3333333333333333,negative,0.3333333333333333
胆小如豆,-0.5555555555555556,negative,0.5555555555555556
胆小如鼠,-0.3333333333333333,negative,0.3333333333333333
胆小如鼷,-0.5555555555555556,negative,0.5555555555555556
胆小怕事,-0.7777777777777778,negative,0.7777777777777778
胆小鬼,-0.5555555555555556,negative,0.5555555555555556
胆怯,-0.1111111111111111,negative,0.1111111111111111
胆战心寒,-0.7777777777777778,negative,0.7777777777777778
胆战心慌,-0.7777777777777778,negative,0.7777777777777778
胆战心摇,-0.7777777777777778,negative,0.7777777777777778
胆敢,-0.3333333333333333,negative,0.3333333333333333
胆裂魂飞,-1.0,negative,1.0
背不住,-0.7777777777777778,negative,0.7777777777777778
背义忘恩,-0.5555555555555556,negative,0.5555555555555556
背义负信,-0.5555555555555556,negative,0.5555555555555556
背义负恩,-0.5555555555555556,negative,0.5555555555555556
背信,-0.7777777777777778,negative,0.7777777777777778
背信弃义,-0.5555555555555556,negative,0.5555555555555556
背倍弃义,-0.7777777777777778,negative,0.7777777777777778
背债,-0.5555555555555556,negative,0.5555555555555556
背公向私,-0.5555555555555556,negative,0.5555555555555556
背公营私,-0.7777777777777778,negative,0.7777777777777778
背兴,-0.3333333333333333,negative,0.3333333333333333
背包袱,-0.3333333333333333,negative,0.3333333333333333
背叛,-0.5555555555555556,negative,0.5555555555555556
背地里,-0.5555555555555556,negative,0.5555555555555556
背山起楼,-0.5555555555555556,negative,0.5555555555555556
背弃,-0.5555555555555556,negative,0.5555555555555556
背思忘义,-1.0,negative,1.0
背恩弃义,-0.7777777777777778,negative,0.7777777777777778
背恩忘义,-0.5555555555555556,negative,0.5555555555555556
背恩负义,-0.7777777777777778,negative,0.7777777777777778
背时,-0.5555555555555556,negative,0.5555555555555556
背本就末,-0.7777777777777778,negative,0.7777777777777778
背本趋末,-0.7777777777777778,negative,0.7777777777777778
背气,-0.3333333333333333,negative,0.3333333333333333
背理,-0.3333333333333333,negative,0.3333333333333333
背盟败约,-0.5555555555555556,negative,0.5555555555555556
背离,-0.7777777777777778,negative,0.7777777777777778
背约,-0.5555555555555556,negative,0.5555555555555556
背谬,-0.3333333333333333,negative,0.3333333333333333
背运,-0.7777777777777778,negative,0.7777777777777778
背道而驰,-0.3333333333333333,negative,0.3333333333333333
背黑锅,-0.7777777777777778,negative,0.7777777777777778
胡乱,-0.3333333333333333,negative,0.3333333333333333
胡作乱为,-0.7777777777777778,negative,0.7777777777777778
胡作胡为,-0.7777777777777778,negative,0.7777777777777778
胡作非为,-1.0,negative,1.0
胡子拉碴,-0.3333333333333333,negative,0.3333333333333333
胡子拉茬,-0.3333333333333333,negative,0.3333333333333333
胡思乱想,-0.1111111111111111,negative,0.1111111111111111
胡思乱量,-0.5555555555555556,negative,0.5555555555555556
胡扯,-0.1111111111111111,negative,0.1111111111111111
胡拉乱扯,-0.5555555555555556,negative,0.5555555555555556
胡搅,-0.5555555555555556,negative,0.5555555555555556
胡搅蛮缠,-0.5555555555555556,negative,0.5555555555555556
胡支扯叶,-0.7777777777777778,negative,0.7777777777777778
胡来,-0.5555555555555556,negative,0.5555555555555556
胡枝扯叶,-0.5555555555555556,negative,0.5555555555555556
胡猜乱想,-0.5555555555555556,negative,0.5555555555555556
胡行乱为,-0.7777777777777778,negative,0.7777777777777778
胡言,-0.5555555555555556,negative,0.5555555555555556
胡言乱语,-0.5555555555555556,negative,0.5555555555555556
胡言乱道,-0.5555555555555556,negative,0.5555555555555556
胡言汉语,-0.5555555555555556,negative,0.5555555555555556
胡诌,-0.1111111111111111,negative,0.1111111111111111
胡诌乱扯,-0.5555555555555556,negative,0.5555555555555556
胡诌乱说,-0.5555555555555556,negative,0.5555555555555556
胡诌乱道,-0.5555555555555556,negative,0.5555555555555556
胡诌八扯,-0.5555555555555556,negative,0.5555555555555556
胡说,-0.1111111111111111,negative,0.1111111111111111
胡说乱道,-0.5555555555555556,negative,0.5555555555555556
胡说八道,-0.7777777777777778,negative,0.7777777777777778
胡说白道,-0.5555555555555556,negative,0.5555555555555556
胡里胡涂,-0.3333333333333333,negative,0.3333333333333333
胡闹,-0.5555555555555556,negative,0.5555555555555556
胫大於股,-0.5555555555555556,negative,0.5555555555555556
胯下蒲伏,-0.7777777777777778,negative,0.7777777777777778
胰见,-0.5555555555555556,negative,0.5555555555555556
胶柱调瑟,-0.5555555555555556,negative,0.5555555555555556
胶柱鼓瑟,-0.3333333333333333,negative,0.3333333333333333
胸中无数,-0.5555555555555556,negative,0.5555555555555556
胸中鳞甲,-1.0,negative,1.0
胸无大志,-0.7777777777777778,negative,0.7777777777777778
胸无点墨,-1.0,negative,1.0
脆而不坚,-0.5555555555555556,negative,0.5555555555555556
脏乎乎,-0.5555555555555556,negative,0.5555555555555556
脏乱,-0.7777777777777778,negative,0.7777777777777778
脏乱差,-1.0,negative,1.0
脏字,-0.5555555555555556,negative,0.5555555555555556
脏心烂肺,-0.7777777777777778,negative,0.7777777777777778
脏污,-0.5555555555555556,negative,0.5555555555555556
脏话,-0.5555555555555556,negative,0.5555555555555556
脑中无数,-0.5555555555555556,negative,0.5555555555555556
脚忙手乱,-0.5555555555555556,negative,0.5555555555555556
脚踏两只船,-0.5555555555555556,negative,0.5555555555555556
脚高步低,-0.3333333333333333,negative,0.3333333333333333
脱漏,-0.5555555555555556,negative,0.5555555555555556
脱班,-0.5555555555555556,negative,0.5555555555555556
脱误,-0.3333333333333333,negative,0.3333333333333333
脱轨,-0.5555555555555556,negative,0.5555555555555556
脸无人色,-0.7777777777777778,negative,0.7777777777777778
脸皮厚,-0.1111111111111111,negative,0.1111111111111111
脸红筋暴,-0.7777777777777778,negative,0.7777777777777778
脸青鼻肿,-0.7777777777777778,negative,0.7777777777777778
脸黄肌瘦,-0.3333333333333333,negative,0.3333333333333333
脾气,-0.5555555555555556,negative,0.5555555555555556
脾气暴,-0.5555555555555556,negative,0.5555555555555556
脾气爆躁,-0.3333333333333333,negative,0.3333333333333333
腐化堕落,-1.0,negative,1.0
腐恶,-0.7777777777777778,negative,0.7777777777777778
腐旧,-0.7777777777777778,negative,0.7777777777777778
腐朽,-0.7777777777777778,negative,0.7777777777777778
腐朽没落,-1.0,negative,1.0
腐臭,-1.0,negative,1.0
腐蚀,-0.1111111111111111,negative,0.1111111111111111
腐败堕落,-1.0,negative,1.0
腥膻,-0.3333333333333333,negative,0.3333333333333333
腥臊,-0.3333333333333333,negative,0.3333333333333333
腥臭,-0.3333333333333333,negative,0.3333333333333333
腥风血雨,-0.7777777777777778,negative,0.7777777777777778
腹心之疾,-0.7777777777777778,negative,0.7777777777777778
腹有鳞甲,-0.5555555555555556,negative,0.5555555555555556
腹背受敌,-0.7777777777777778,negative,0.7777777777777778
腹诽心谤,-0.5555555555555556,negative,0.5555555555555556
腻人,-0.5555555555555556,negative,0.5555555555555556
腻味,-0.1111111111111111,negative,0.1111111111111111
腻歪,-0.3333333333333333,negative,0.3333333333333333
腻烦,-0.7777777777777778,negative,0.7777777777777778
腾云驾雾,-0.7777777777777778,negative,0.7777777777777778
腾腾兀兀,-0.5555555555555556,negative,0.5555555555555556
腿子,-0.7777777777777778,negative,0.7777777777777778
膏粱子弟,-0.7777777777777778,negative,0.7777777777777778
膏脣岐舌,-0.7777777777777778,negative,0.7777777777777778
膏脣拭舌,-0.7777777777777778,negative,0.7777777777777778
膏脣贩舌,-0.7777777777777778,negative,0.7777777777777778
臃肿,-0.3333333333333333,negative,0.3333333333333333
臆断,-0.5555555555555556,negative,0.5555555555555556
臆测,-0.5555555555555556,negative,0.5555555555555556
臆说,-0.5555555555555556,negative,0.5555555555555556
臆造,-0.5555555555555556,negative,0.5555555555555556
臊气,-0.5555555555555556,negative,0.5555555555555556
自不量力,-0.3333333333333333,negative,0.3333333333333333
自专,-0.5555555555555556,negative,0.5555555555555556
自以为得计,-0.3333333333333333,negative,0.3333333333333333
自以为是,-0.7777777777777778,negative,0.7777777777777778
自作主张,-0.3333333333333333,negative,0.3333333333333333
自作孽,-1.0,negative,1.0
自作聪明,-0.3333333333333333,negative,0.3333333333333333
自作自受,-0.7777777777777778,negative,0.7777777777777778
自傲,-0.5555555555555556,negative,0.5555555555555556
自卑,-0.3333333333333333,negative,0.3333333333333333
自卖自夸,-0.5555555555555556,negative,0.5555555555555556
自取其咎,-0.7777777777777778,negative,0.7777777777777778
自取其祸,-0.7777777777777778,negative,0.7777777777777778
自取灭亡,-1.0,negative,1.0
自吹自擂,-0.3333333333333333,negative,0.3333333333333333
自命不凡,-0.7777777777777778,negative,0.7777777777777778
自命清高,-1.0,negative,1.0
自大,-0.7777777777777778,negative,0.7777777777777778
自寻烦恼,-0.1111111111111111,negative,0.1111111111111111
自居,-0.5555555555555556,negative,0.5555555555555556
自己打自己的嘴巴,-0.5555555555555556,negative,0.5555555555555556
自怨自艾,-0.7777777777777778,negative,0.7777777777777778
自恃,-0.5555555555555556,negative,0.5555555555555556
自恃其才,-0.5555555555555556,negative,0.5555555555555556
自恋,-0.3333333333333333,negative,0.3333333333333333
自我解嘲,-0.6666666666666666,negative,0.6666666666666666
自是,-0.5555555555555556,negative,0.5555555555555556
自暴自弃,-0.5555555555555556,negative,0.5555555555555556
自欺欺人,-0.5555555555555556,negative,0.5555555555555556
自满,-0.3333333333333333,negative,0.3333333333333333
自炫,-0.5555555555555556,negative,0.5555555555555556
自用则小,-0.7777777777777778,negative,0.7777777777777778
自由放任,-0.5555555555555556,negative,0.5555555555555556
自相残害,-0.7777777777777778,negative,0.7777777777777778
自相残杀,-0.7777777777777778,negative,0.7777777777777778
自相水火,-0.7777777777777778,negative,0.7777777777777778
自相矛盾,-1.0,negative,1.0
自相鱼肉,-0.7777777777777778,negative,0.7777777777777778
自私,-0.7777777777777778,negative,0.7777777777777778
自私自利,-0.7777777777777778,negative,0.7777777777777778
自行其是,-0.5555555555555556,negative,0.5555555555555556
自视,-0.5555555555555556,negative,0.5555555555555556
自讨没趣,-0.5555555555555556,negative,0.5555555555555556
自讨苦吃,-0.5555555555555556,negative,0.5555555555555556
自诩,-0.5555555555555556,negative,0.5555555555555556
自负,-0.7777777777777778,negative,0.7777777777777778
自贻伊戚,-0.1111111111111111,negative,0.1111111111111111
自食其果,-0.7777777777777778,negative,0.7777777777777778
自食其言,-0.5555555555555556,negative,0.5555555555555556
自高其功,-0.5555555555555556,negative,0.5555555555555556
自高自大,-0.7777777777777778,negative,0.7777777777777778
自鸣得意,-0.5555555555555556,negative,0.5555555555555556
臭不可当,-1.0,negative,1.0
臭不可闻,-1.0,negative,1.0
臭乎乎,-0.7777777777777778,negative,0.7777777777777778
臭名,-0.3333333333333333,negative,0.3333333333333333
臭名昭彰,-1.0,negative,1.0
臭名昭著,-0.7777777777777778,negative,0.7777777777777778
臭名远扬,-1.0,negative,1.0
臭味相投,-0.5555555555555556,negative,0.5555555555555556
臭哄哄,-1.0,negative,1.0
臭嘴,-0.3333333333333333,negative,0.3333333333333333
臭架子,-0.1111111111111111,negative,0.1111111111111111
臭棋,-0.1111111111111111,negative,0.1111111111111111
臭气冲天,-1.0,negative,1.0
臭气熏天,-1.0,negative,1.0
臭烘烘,-1.0,negative,1.0
臭皮囊,-0.7777777777777778,negative,0.7777777777777778
臭肉来蝇,-1.0,negative,1.0
至死不悟,-0.5555555555555556,negative,0.5555555555555556
至毒,-1.0,negative,1.0
致使,-0.5555555555555556,negative,0.5555555555555556
致命,-0.5555555555555556,negative,0.5555555555555556
致死不悟,-0.7777777777777778,negative,0.7777777777777778
舆台,-0.3333333333333333,negative,0.3333333333333333
舌剑唇枪,-0.7777777777777778,negative,0.7777777777777778
舌挢不下,-0.7777777777777778,negative,0.7777777777777778
舌敝唇焦,-0.7777777777777778,negative,0.7777777777777778
舌敝耳聋,-0.8888888888888888,negative,0.8888888888888888
舍弃,-0.5555555555555556,negative,0.5555555555555556
舍本事末,-0.5555555555555556,negative,0.5555555555555556
舍本求末,-0.7777777777777778,negative,0.7777777777777778
舍本逐末,-0.7777777777777778,negative,0.7777777777777778
舍近务远,-0.5555555555555556,negative,0.5555555555555556
舍近即远,-0.5555555555555556,negative,0.5555555555555556
舍近求远,-0.5555555555555556,negative,0.5555555555555556
舐皮论骨,-0.7777777777777778,negative,0.7777777777777778
舐糠及米,-0.5555555555555556,negative,0.5555555555555556
舒头探脑,-0.3333333333333333,negative,0.3333333333333333
舛讹,-0.3333333333333333,negative,0.3333333333333333
舛误,-0.5555555555555556,negative,0.5555555555555556
舛错,-0.3333333333333333,negative,0.3333333333333333
舞弊,-0.5555555555555556,negative,0.5555555555555556
舞文巧诋,-0.7777777777777778,negative,0.7777777777777778
舞文弄墨,-0.5555555555555556,negative,0.5555555555555556
舞文弄法,-0.5555555555555556,negative,0.5555555555555556
舞文饰智,-0.5555555555555556,negative,0.5555555555555556
舞爪张牙,-0.7777777777777778,negative,0.7777777777777778
舟中敌国,-0.5555555555555556,negative,0.5555555555555556
船到江心补漏迟,-1.0,negative,1.0
良莠不齐,-0.7777777777777778,negative,0.7777777777777778
艰难竭蹶,-0.5555555555555556,negative,0.5555555555555556
色厉内荏,-0.3333333333333333,negative,0.3333333333333333
色情,-0.5555555555555556,negative,0.5555555555555556
色迷迷,-1.0,negative,1.0
艳情,-0.5555555555555556,negative,0.5555555555555556
艴然不悦,-0.3333333333333333,negative,0.3333333333333333
节外生枝,-0.5555555555555556,negative,0.5555555555555556
节节败退,-0.5555555555555556,negative,0.5555555555555556
芜劣,-0.5555555555555556,negative,0.5555555555555556
芜杂,-0.5555555555555556,negative,0.5555555555555556
芜鄙,-0.5555555555555556,negative,0.5555555555555556
芟荑,-0.5555555555555556,negative,0.5555555555555556
芥蒂,-0.1111111111111111,negative,0.1111111111111111
花不棱登,-0.3333333333333333,negative,0.3333333333333333
花天酒地,-0.7777777777777778,negative,0.7777777777777778
花心,-0.3333333333333333,negative,0.3333333333333333
花招,-0.1111111111111111,negative,0.1111111111111111
花拳绣腿,-0.5555555555555556,negative,0.5555555555555556
花枪,-0.5555555555555556,negative,0.5555555555555556
花样,-0.5555555555555556,negative,0.5555555555555556
花残月缺,-0.7777777777777778,negative,0.7777777777777778
花着,-0.5555555555555556,negative,0.5555555555555556
花腔,-0.1111111111111111,negative,0.1111111111111111
花花公子,-0.5555555555555556,negative,0.5555555555555556
花花搭搭,-0.3333333333333333,negative,0.3333333333333333
花街柳巷,-0.7777777777777778,negative,0.7777777777777778
花言巧语,-0.5555555555555556,negative,0.5555555555555556
花里胡哨,-0.3333333333333333,negative,0.3333333333333333
苍蝇药不死人－恶心,-0.7777777777777778,negative,0.7777777777777778
苗而不秀,-0.5555555555555556,negative,0.5555555555555556
苛刻,-0.5555555555555556,negative,0.5555555555555556
苛待,-0.3333333333333333,negative,0.3333333333333333
苛捐杂税,-0.7777777777777778,negative,0.7777777777777778
苛政,-0.5555555555555556,negative,0.5555555555555556
苛政猛于虎,-1.0,negative,1.0
苛杂,-0.1111111111111111,negative,0.1111111111111111
苛求,-0.3333333333333333,negative,0.3333333333333333
苛责,-0.1111111111111111,negative,0.1111111111111111
苞苴竿牍,-0.5555555555555556,negative,0.5555555555555556
苟且,-0.7777777777777778,negative,0.7777777777777778
苟且偷安,-0.5555555555555556,negative,0.5555555555555556
苟合,-0.5555555555555556,negative,0.5555555555555556
苟合取容,-0.5555555555555556,negative,0.5555555555555556
苟安,-0.7777777777777778,negative,0.7777777777777778
苟延残喘,-0.1111111111111111,negative,0.1111111111111111
苟活,-0.3333333333333333,negative,0.3333333333333333
若有所丧,-0.3333333333333333,negative,0.3333333333333333
若要人不知，除非己莫为,-0.7777777777777778,negative,0.7777777777777778
苦不唧,-0.5555555555555556,negative,0.5555555555555556
苦乐不均,-0.5555555555555556,negative,0.5555555555555556
苦涩,-0.1111111111111111,negative,0.1111111111111111
英雄气短,-0.1111111111111111,negative,0.1111111111111111
茕茕孑立,-1.0,negative,1.0
茫无头绪,-0.5555555555555556,negative,0.5555555555555556
茫然,-0.3333333333333333,negative,0.3333333333333333
茫茫然,-0.7777777777777778,negative,0.7777777777777778
茹柔吐刚,-1.0,negative,1.0
荆天棘地,-0.5555555555555556,negative,0.5555555555555556
荆室蓬户,-0.3333333333333333,negative,0.3333333333333333
荆棘满途,-0.5555555555555556,negative,0.5555555555555556
荆棘载途,-0.7777777777777778,negative,0.7777777777777778
荆棘铜驼,-0.5555555555555556,negative,0.5555555555555556
草包,-0.7777777777777778,negative,0.7777777777777778
草寇,-0.5555555555555556,negative,0.5555555555555556
草木愚夫,-0.3333333333333333,negative,0.3333333333333333
草木皆兵,-1.0,negative,1.0
草率,-0.5555555555555556,negative,0.5555555555555556
草率收兵,-0.5555555555555556,negative,0.5555555555555556
草芥,-0.3333333333333333,negative,0.3333333333333333
草草了事,-0.5555555555555556,negative,0.5555555555555556
草草收兵,-0.5555555555555556,negative,0.5555555555555556
草菅人命,-1.0,negative,1.0
草薙禽狝,-0.7777777777777778,negative,0.7777777777777778
草行露宿,-0.5555555555555556,negative,0.5555555555555556
草衣木食,-0.1111111111111111,negative,0.1111111111111111
草野,-0.3333333333333333,negative,0.3333333333333333
草间求活,-0.5555555555555556,negative,0.5555555555555556
草鸡,-0.7777777777777778,negative,0.7777777777777778
荏弱,-0.5555555555555556,negative,0.5555555555555556
荒唐,-1.0,negative,1.0
荒寂,-0.7777777777777778,negative,0.7777777777777778
荒废,-0.5555555555555556,negative,0.5555555555555556
荒淫,-0.7777777777777778,negative,0.7777777777777778
荒淫无度,-1.0,negative,1.0
荒淫无耻,-0.7777777777777778,negative,0.7777777777777778
荒淫无道,-1.0,negative,1.0
荒疏,-0.7777777777777778,negative,0.7777777777777778
荒瘠,-0.7777777777777778,negative,0.7777777777777778
荒芜,-0.1111111111111111,negative,0.1111111111111111
荒诞,-0.5555555555555556,negative,0.5555555555555556
荒诞不经,-0.5555555555555556,negative,0.5555555555555556
荒诞无稽,-1.0,negative,1.0
荒诞派,-0.7777777777777778,negative,0.7777777777777778
荒谬,-0.5555555555555556,negative,0.5555555555555556
荒谬绝伦,-1.0,negative,1.0
荡析离居,-0.5555555555555556,negative,0.5555555555555556
荡检逾闲,-0.7777777777777778,negative,0.7777777777777778
荧惑,-0.7777777777777778,negative,0.7777777777777778
药店飞龙,-0.5555555555555556,negative,0.5555555555555556
荷荷,-0.5555555555555556,negative,0.5555555555555556
荼毒,-0.7777777777777778,negative,0.7777777777777778
荼毒生灵,-1.0,negative,1.0
莫予毒也,-0.5555555555555556,negative,0.5555555555555556
莫名其妙,-0.5555555555555556,negative,0.5555555555555556
莫此为甚,-1.0,negative,1.0
莫辨楮叶,-0.7777777777777778,negative,0.7777777777777778
莫须有,-0.7777777777777778,negative,0.7777777777777778
莽撞,-0.5555555555555556,negative,0.5555555555555556
莽莽撞撞,-0.5555555555555556,negative,0.5555555555555556
莽莽苍苍,-0.1111111111111111,negative,0.1111111111111111
萎靡,-0.3333333333333333,negative,0.3333333333333333
萎靡不振,-0.5555555555555556,negative,0.5555555555555556
营私,-0.5555555555555556,negative,0.5555555555555556
营私作弊,-0.5555555555555556,negative,0.5555555555555556
营私植党,-0.5555555555555556,negative,0.5555555555555556
营私罔利,-0.5555555555555556,negative,0.5555555555555556
营私舞弊,-0.7777777777777778,negative,0.7777777777777778
营营苟苟,-0.5555555555555556,negative,0.5555555555555556
营蝇斐锦,-0.5555555555555556,negative,0.5555555555555556
萧墙之危,-0.7777777777777778,negative,0.7777777777777778
萧然,-0.3333333333333333,negative,0.3333333333333333
萧索,-0.5555555555555556,negative,0.5555555555555556
萧规曹随,-0.5555555555555556,negative,0.5555555555555556
落井下石,-0.7777777777777778,negative,0.7777777777777778
落伍,-0.5555555555555556,negative,0.5555555555555556
落俗套,-0.5555555555555556,negative,0.5555555555555556
落套,-0.1111111111111111,negative,0.1111111111111111
落拓不羁,-0.5555555555555556,negative,0.5555555555555556
落月屋梁,-0.7777777777777778,negative,0.7777777777777778
落架,-0.5555555555555556,negative,0.5555555555555556
落水狗,-0.5555555555555556,negative,0.5555555555555556
落漠,-0.7777777777777778,negative,0.7777777777777778
落空,-0.1111111111111111,negative,0.1111111111111111
落花流水,-0.3333333333333333,negative,0.3333333333333333
落荒,-0.3333333333333333,negative,0.3333333333333333
落荒而逃,-0.7777777777777778,negative,0.7777777777777778
落落寡合,-0.3333333333333333,negative,0.3333333333333333
落落穆穆,-0.5555555555555556,negative,0.5555555555555556
落落难合,-0.5555555555555556,negative,0.5555555555555556
落马,-0.3333333333333333,negative,0.3333333333333333
落魄,-0.5555555555555556,negative,0.5555555555555556
落魄江湖,-0.3333333333333333,negative,0.3333333333333333
葊陋,-0.5555555555555556,negative,0.5555555555555556
葬送,-0.5555555555555556,negative,0.5555555555555556
蒙事,-0.5555555555555556,negative,0.5555555555555556
蒙哄,-0.3333333333333333,negative,0.3333333333333333
蒙在鼓里,-0.3333333333333333,negative,0.3333333333333333
蒙头转向,-0.3333333333333333,negative,0.3333333333333333
蒙昧,-0.5555555555555556,negative,0.5555555555555556
蒙昧无知,-0.5555555555555556,negative,0.5555555555555556
蒙混,-0.1111111111111111,negative,0.1111111111111111
蒙蔽,-0.1111111111111111,negative,0.1111111111111111
蒙难,-0.3333333333333333,negative,0.3333333333333333
蒙骗,-0.5555555555555556,negative,0.5555555555555556
蒲柳之姿,-0.3333333333333333,negative,0.3333333333333333
蒿目时艰,-0.3333333333333333,negative,0.3333333333333333
蓄意,-0.7777777777777778,negative,0.7777777777777778
蓄谋,-0.7777777777777778,negative,0.7777777777777778
蓬乱,-0.1111111111111111,negative,0.1111111111111111
蓬头历齿,-0.3333333333333333,negative,0.3333333333333333
蓬头垢面,-0.7777777777777778,negative,0.7777777777777778
蓬头散发,-0.7777777777777778,negative,0.7777777777777778
蓬户柴门,-0.3333333333333333,negative,0.3333333333333333
蓬户瓮牖,-0.3333333333333333,negative,0.3333333333333333
蓬户筚门,-0.1111111111111111,negative,0.1111111111111111
蓬蓬,-0.6666666666666666,negative,0.6666666666666666
蔑称,-0.3333333333333333,negative,0.3333333333333333
蔑视,-0.7777777777777778,negative,0.7777777777777778
蔫不出溜,-0.3333333333333333,negative,0.3333333333333333
蔫不唧儿,-0.5555555555555556,negative,0.5555555555555556
蔫不溜,-0.3333333333333333,negative,0.3333333333333333
蔫儿坏,-0.3333333333333333,negative,0.3333333333333333
蔫头耷脑,-0.5555555555555556,negative,0.5555555555555556
蔽塞,-0.5555555555555556,negative,0.5555555555555556
蔽美扬恶,-0.7777777777777778,negative,0.7777777777777778
蔽聪塞明,-0.5555555555555556,negative,0.5555555555555556
薄命,-0.7777777777777778,negative,0.7777777777777778
薄唇轻言,-0.5555555555555556,negative,0.5555555555555556
薄幸,-0.3333333333333333,negative,0.3333333333333333
薄弱,-0.1111111111111111,negative,0.1111111111111111
薄情,-0.3333333333333333,negative,0.3333333333333333
薏苡明珠,-0.5555555555555556,negative,0.5555555555555556
藏垢纳污,-0.7777777777777778,negative,0.7777777777777778
藏头露尾,-0.5555555555555556,negative,0.5555555555555556
藏奸,-0.5555555555555556,negative,0.5555555555555556
藏掖,-0.5555555555555556,negative,0.5555555555555556
藐小,-0.1111111111111111,negative,0.1111111111111111
虎头蛇尾,-0.5555555555555556,negative,0.5555555555555556
虎尾春冰,-0.7777777777777778,negative,0.7777777777777778
虎狼,-0.5555555555555556,negative,0.5555555555555556
虎着脸,-0.5555555555555556,negative,0.5555555555555556
虎穴,-0.5555555555555556,negative,0.5555555555555556
虎视,-0.5555555555555556,negative,0.5555555555555556
虎视眈眈,-0.5555555555555556,negative,0.5555555555555556
虐待,-0.7777777777777778,negative,0.7777777777777778
虐政,-0.7777777777777778,negative,0.7777777777777778
虐杀,-0.7777777777777778,negative,0.7777777777777778
虚与委蛇,-0.5555555555555556,negative,0.5555555555555556
虚伪,-1.0,negative,1.0
虚倩假意,-1.0,negative,1.0
虚假,-0.3333333333333333,negative,0.3333333333333333
虚华,-0.5555555555555556,negative,0.5555555555555556
虚名,-0.5555555555555556,negative,0.5555555555555556
虚夸,-0.5555555555555556,negative,0.5555555555555556
虚妄,-0.5555555555555556,negative,0.5555555555555556
虚应故事,-0.5555555555555556,negative,0.5555555555555556
虚度,-0.5555555555555556,negative,0.5555555555555556
虚度年华,-0.5555555555555556,negative,0.5555555555555556
虚张声势,-0.5555555555555556,negative,0.5555555555555556
虚怯,-0.3333333333333333,negative,0.3333333333333333
虚悬,-0.5555555555555556,negative,0.5555555555555556
虚情假意,-1.0,negative,1.0
虚报,-0.5555555555555556,negative,0.5555555555555556
虚掷,-0.5555555555555556,negative,0.5555555555555556
虚掷光阴,-0.5555555555555556,negative,0.5555555555555556
虚无缥缈,-1.0,negative,1.0
虚无飘渺,-1.0,negative,1.0
虚有其表,-0.3333333333333333,negative,0.3333333333333333
虚构,-0.5555555555555556,negative,0.5555555555555556
虚浮,-0.3333333333333333,negative,0.3333333333333333
虚荣,-0.7777777777777778,negative,0.7777777777777778
虚荣心,-0.7777777777777778,negative,0.7777777777777778
虚言,-0.5555555555555556,negative,0.5555555555555556
虚设,-0.5555555555555556,negative,0.5555555555555556
虚诈,-0.5555555555555556,negative,0.5555555555555556
虚词诡说,-1.0,negative,1.0
虚话,-0.5555555555555556,negative,0.5555555555555556
虚诳,-0.5555555555555556,negative,0.5555555555555556
虚谈高议,-0.5555555555555556,negative,0.5555555555555556
虚谎,-0.5555555555555556,negative,0.5555555555555556
虚费词说,-0.8888888888888888,negative,0.8888888888888888
虚造,-0.5555555555555556,negative,0.5555555555555556
虚饰,-0.5555555555555556,negative,0.5555555555555556
虚骄,-0.7777777777777778,negative,0.7777777777777778
虚骄恃气,-0.7777777777777778,negative,0.7777777777777778
虱处裈中,-0.5555555555555556,negative,0.5555555555555556
蚀本,-0.5555555555555556,negative,0.5555555555555556
蚂蚁缘槐,-0.5555555555555556,negative,0.5555555555555556
蚍蜉带盆,-0.5555555555555556,negative,0.5555555555555556
蚍蜉撼大树,-1.0,negative,1.0
蚍蜉撼树,-0.3333333333333333,negative,0.3333333333333333
蚕食,-0.3333333333333333,negative,0.3333333333333333
蚕食鲸吞,-0.7777777777777778,negative,0.7777777777777778
蛀心虫,-0.6666666666666666,negative,0.6666666666666666
蛀虫,-0.5555555555555556,negative,0.5555555555555556
蛀蚀,-0.5555555555555556,negative,0.5555555555555556
蛀齿,-0.6666666666666666,negative,0.6666666666666666
蛆虫,-0.7777777777777778,negative,0.7777777777777778
蛇吞象,-0.7777777777777778,negative,0.7777777777777778
蛇头,-0.5555555555555556,negative,0.5555555555555556
蛇欲吞象,-1.0,negative,1.0
蛇蝎,-0.7777777777777778,negative,0.7777777777777778
蛇蝎为心,-1.0,negative,1.0
蛊惑,-0.7777777777777778,negative,0.7777777777777778
蛊惑人心,-0.5555555555555556,negative,0.5555555555555556
蛋白质,-0.5555555555555556,negative,0.5555555555555556
蛮不讲理,-0.7777777777777778,negative,0.7777777777777778
蛮勇,-0.3333333333333333,negative,0.3333333333333333
蛮干,-0.3333333333333333,negative,0.3333333333333333
蛮悍,-0.7777777777777778,negative,0.7777777777777778
蛮横,-0.5555555555555556,negative,0.5555555555555556
蛮横无理,-0.7777777777777778,negative,0.7777777777777778
蛮荒,-0.1111111111111111,negative,0.1111111111111111
蜀犬吠日,-0.3333333333333333,negative,0.3333333333333333
蜃景,-0.3333333333333333,negative,0.3333333333333333
蜕化,-0.3333333333333333,negative,0.3333333333333333
蜕化变质,-1.0,negative,1.0
蜗名微利,-0.5555555555555556,negative,0.5555555555555556
蜗舍荆扉,-0.3333333333333333,negative,0.3333333333333333
蜗行牛步,-0.3333333333333333,negative,0.3333333333333333
蜗角虚名,-0.5555555555555556,negative,0.5555555555555556
蜻蜓点水,-0.3333333333333333,negative,0.3333333333333333
蝇营狗苟,-1.0,negative,1.0
蝇蝇,-0.5555555555555556,negative,0.5555555555555556
蝉腹龟肠,-0.5555555555555556,negative,0.5555555555555556
螳臂当车,-0.1111111111111111,negative,0.1111111111111111
蟊贼,-0.5555555555555556,negative,0.5555555555555556
蟪蛄不知春秋,-0.5555555555555556,negative,0.5555555555555556
蠕蠕,-0.7777777777777778,negative,0.7777777777777778
蠢事,-0.3333333333333333,negative,0.3333333333333333
蠢人,-0.5555555555555556,negative,0.5555555555555556
蠢动,-1.0,negative,1.0
蠢头蠢脑,-0.7777777777777778,negative,0.7777777777777778
蠢如鹿豕,-0.5555555555555556,negative,0.5555555555555556
蠢材,-0.7777777777777778,negative,0.7777777777777778
蠢笨,-0.7777777777777778,negative,0.7777777777777778
蠢蠢,-0.3333333333333333,negative,0.3333333333333333
蠢蠢欲动,-0.5555555555555556,negative,0.5555555555555556
蠢话,-0.5555555555555556,negative,0.5555555555555556
蠢货,-0.7777777777777778,negative,0.7777777777777778
蠹众木折,-0.5555555555555556,negative,0.5555555555555556
蠹弊,-1.0,negative,1.0
蠹虫,-0.7777777777777778,negative,0.7777777777777778
血债累累,-1.0,negative,1.0
血口,-0.5555555555555556,negative,0.5555555555555556
血口喷人,-0.7777777777777778,negative,0.7777777777777778
血气方刚,-0.5555555555555556,negative,0.5555555555555556
血泪盈襟,-1.0,negative,1.0
血流成河,-0.5555555555555556,negative,0.5555555555555556
血流漂杵,-0.5555555555555556,negative,0.5555555555555556
血腥,-0.5555555555555556,negative,0.5555555555555556
血雨腥风,-1.0,negative,1.0
衅发萧墙,-0.7777777777777778,negative,0.7777777777777778
行不从径,-0.5555555555555556,negative,0.5555555555555556
行不副言,-0.5555555555555556,negative,0.5555555555555556
行为不检,-1.0,negative,1.0
行为不端,-1.0,negative,1.0
行凶,-0.7777777777777778,negative,0.7777777777777778
行同狗彘,-0.7777777777777778,negative,0.7777777777777778
行奸卖俏,-1.0,negative,1.0
行将就木,-0.3333333333333333,negative,0.3333333333333333
行尸走肉,-0.7777777777777778,negative,0.7777777777777778
行尸走骨,-1.0,negative,1.0
行径,-0.5555555555555556,negative,0.5555555555555556
行成于思,-0.7777777777777778,negative,0.7777777777777778
行浊言清,-1.0,negative,1.0
行色匆匆,-0.3333333333333333,negative,0.3333333333333333
行若狗彘,-0.7777777777777778,negative,0.7777777777777778
行贿,-0.5555555555555556,negative,0.5555555555555556
衒玉求售,-0.3333333333333333,negative,0.3333333333333333
衒玉自售,-0.3333333333333333,negative,0.3333333333333333
衒玉贾石,-0.3333333333333333,negative,0.3333333333333333
街号巷哭,-1.0,negative,1.0
衡阳雁断,-0.5555555555555556,negative,0.5555555555555556
衣冠禽兽,-1.0,negative,1.0
衣来伸手，饭来张口,-0.3333333333333333,negative,0.3333333333333333
衣架饭囊,-0.5555555555555556,negative,0.5555555555555556
衣绣昼行,-1.0,negative,1.0
衣衫不整,-1.0,negative,1.0
衣锦还乡,-0.7777777777777778,negative,0.7777777777777778
衣食不周,-0.5555555555555556,negative,0.5555555555555556
补正,-0.7777777777777778,negative,0.7777777777777778
补考,-0.7777777777777778,negative,0.7777777777777778
表里为奸,-0.5555555555555556,negative,0.5555555555555556
表面化,-0.3333333333333333,negative,0.3333333333333333
衮衮诸公,-0.5555555555555556,negative,0.5555555555555556
衰替,-0.3333333333333333,negative,0.3333333333333333
衰朽,-0.5555555555555556,negative,0.5555555555555556
衰萎,-0.5555555555555556,negative,0.5555555555555556
衰颓,-0.5555555555555556,negative,0.5555555555555556
衷曲,-0.7777777777777778,negative,0.7777777777777778
袍哥,-0.3333333333333333,negative,0.3333333333333333
袍笏登场,-0.5555555555555556,negative,0.5555555555555556
袒护,-0.3333333333333333,negative,0.3333333333333333
袒裼裸裎,-0.5555555555555556,negative,0.5555555555555556
袖手旁观,-0.3333333333333333,negative,0.3333333333333333
被动,-0.1111111111111111,negative,0.1111111111111111
被告,-0.5555555555555556,negative,0.5555555555555556
袭人故技,-0.5555555555555556,negative,0.5555555555555556
袭人故智,-0.5555555555555556,negative,0.5555555555555556
裁处,-0.7777777777777778,negative,0.7777777777777778
裁汰,-0.7777777777777778,negative,0.7777777777777778
装b,-0.7777777777777778,negative,0.7777777777777778
装佯,-0.3333333333333333,negative,0.3333333333333333
装假,-0.3333333333333333,negative,0.3333333333333333
装怯作勇,-1.0,negative,1.0
装样子,-0.5555555555555556,negative,0.5555555555555556
装模作样,-1.0,negative,1.0
装点门面,-1.0,negative,1.0
装疯卖傻,-0.5555555555555556,negative,0.5555555555555556
装相,-0.5555555555555556,negative,0.5555555555555556
装神弄鬼,-0.5555555555555556,negative,0.5555555555555556
装糊涂,-0.5555555555555556,negative,0.5555555555555556
装聋作哑,-0.3333333333333333,negative,0.3333333333333333
装腔,-0.8888888888888888,negative,0.8888888888888888
装腔作势,-1.0,negative,1.0
装蒜,-0.5555555555555556,negative,0.5555555555555556
装门面,-0.5555555555555556,negative,0.5555555555555556
裒敛无厌,-0.7777777777777778,negative,0.7777777777777778
裘弊金尽,-0.5555555555555556,negative,0.5555555555555556
裘马轻肥,-1.0,negative,1.0
裙屐少年,-0.7777777777777778,negative,0.7777777777777778
裙带,-0.5555555555555556,negative,0.5555555555555556
裙带关系,-0.7777777777777778,negative,0.7777777777777778
裹乱,-0.5555555555555556,negative,0.5555555555555556
裹足不前,-0.5555555555555556,negative,0.5555555555555556
褊急,-0.3333333333333333,negative,0.3333333333333333
褊狭,-0.7777777777777778,negative,0.7777777777777778
褎如充耳,-0.7777777777777778,negative,0.7777777777777778
褪套儿,-0.5555555555555556,negative,0.5555555555555556
褫其华衮，示人本相,-0.7777777777777778,negative,0.7777777777777778
西化,-0.3333333333333333,negative,0.3333333333333333
西崽,-0.3333333333333333,negative,0.3333333333333333
西洋景,-0.5555555555555556,negative,0.5555555555555556
西风,-0.5555555555555556,negative,0.5555555555555556
要不得,-0.3333333333333333,negative,0.3333333333333333
要命,-0.5555555555555556,negative,0.5555555555555556
要挟,-0.5555555555555556,negative,0.5555555555555556
要死要活,-0.7777777777777778,negative,0.7777777777777778
要面子,-0.3333333333333333,negative,0.3333333333333333
覆巢无完卵,-0.7777777777777778,negative,0.7777777777777778
覆辙,-0.5555555555555556,negative,0.5555555555555556
覆雨翻云,-0.5555555555555556,negative,0.5555555555555556
见不得人,-1.0,negative,1.0
见事生风,-0.5555555555555556,negative,0.5555555555555556
见事风生,-0.5555555555555556,negative,0.5555555555555556
见利忘义,-0.7777777777777778,negative,0.7777777777777778
见噎废食,-0.5555555555555556,negative,0.5555555555555556
见小闇大,-0.5555555555555556,negative,0.5555555555555556
见异思迁,-0.7777777777777778,negative,0.7777777777777778
见异思迂,-1.0,negative,1.0
见弹求鸮,-0.5555555555555556,negative,0.5555555555555556
见弹求鹗,-0.5555555555555556,negative,0.5555555555555556
见死不救,-0.7777777777777778,negative,0.7777777777777778
见神见鬼,-0.5555555555555556,negative,0.5555555555555556
见笑大方,-0.5555555555555556,negative,0.5555555555555556
见识短浅,-0.5555555555555556,negative,0.5555555555555556
见豕负涂,-0.5555555555555556,negative,0.5555555555555556
见财起意,-0.5555555555555556,negative,0.5555555555555556
见钱眼开,-0.7777777777777778,negative,0.7777777777777778
见钱眼红,-0.5555555555555556,negative,0.5555555555555556
见风使帆,-0.5555555555555556,negative,0.5555555555555556
见风使舵,-0.7777777777777778,negative,0.7777777777777778
见风使船,-0.5555555555555556,negative,0.5555555555555556
见风是雨,-0.5555555555555556,negative,0.5555555555555556
见风转篷,-0.5555555555555556,negative,0.5555555555555556
见风转舵,-0.7777777777777778,negative,0.7777777777777778
观场矮人,-0.7777777777777778,negative,0.7777777777777778
观望不前,-0.5555555555555556,negative,0.5555555555555556
观眉说眼,-0.5555555555555556,negative,0.5555555555555556
规求元度,-0.7777777777777778,negative,0.7777777777777778
规求无度,-0.5555555555555556,negative,0.5555555555555556
规行矩止,-0.5555555555555556,negative,0.5555555555555556
规行矩步,-0.5555555555555556,negative,0.5555555555555556
视丹如绿,-0.7777777777777778,negative,0.7777777777777778
视为兒戏,-0.5555555555555556,negative,0.5555555555555556
视为寇雠,-0.5555555555555556,negative,0.5555555555555556
视为畏途,-0.3333333333333333,negative,0.3333333333333333
视同儿戏,-0.5555555555555556,negative,0.5555555555555556
视同兒戏,-0.5555555555555556,negative,0.5555555555555556
视同秦越,-0.5555555555555556,negative,0.5555555555555556
视同路人,-0.7777777777777778,negative,0.7777777777777778
视同陌路,-0.5555555555555556,negative,0.5555555555555556
视如土芥,-0.5555555555555556,negative,0.5555555555555556
视如寇仇,-0.7777777777777778,negative,0.7777777777777778
视如敝屣,-0.7777777777777778,negative,0.7777777777777778
视如粪土,-1.0,negative,1.0
视如草芥,-0.5555555555555556,negative,0.5555555555555556
视如陌路,-0.5555555555555556,negative,0.5555555555555556
视而不见,-0.5555555555555556,negative,0.5555555555555556
视而不见，听而不闻,-1.0,negative,1.0
视若儿戏,-0.3333333333333333,negative,0.3333333333333333
视若兒戏,-0.5555555555555556,negative,0.5555555555555556
视若无睹,-0.1111111111111111,negative,0.1111111111111111
视若草芥,-0.7777777777777778,negative,0.7777777777777778
视若路人,-0.3333333333333333,negative,0.3333333333333333
视财如命,-0.5555555555555556,negative,0.5555555555555556
视远步高,-0.5555555555555556,negative,0.5555555555555556
觉人觉世,-0.1111111111111111,negative,0.1111111111111111
觊觎,-0.5555555555555556,negative,0.5555555555555556
角巾私第,-0.5555555555555556,negative,0.5555555555555556
角户分门,-0.5555555555555556,negative,0.5555555555555556
解衣包火,-0.5555555555555556,negative,0.5555555555555556
解衣抱火,-0.5555555555555556,negative,0.5555555555555556
触犯,-0.3333333333333333,negative,0.3333333333333333
触目,-0.7777777777777778,negative,0.7777777777777778
触目兴叹,-0.1111111111111111,negative,0.1111111111111111
言三语四,-0.5555555555555556,negative,0.5555555555555556
言不及义,-0.3333333333333333,negative,0.3333333333333333
言不尽意,-0.6666666666666666,negative,0.6666666666666666
言不由衷,-0.3333333333333333,negative,0.3333333333333333
言不顾行,-0.3333333333333333,negative,0.3333333333333333
言之无物,-0.3333333333333333,negative,0.3333333333333333
言外之意,-0.7777777777777778,negative,0.7777777777777778
言归正传,-0.7777777777777778,negative,0.7777777777777778
言清行浊,-0.7777777777777778,negative,0.7777777777777778
言者谆谆，听者藐藐,-0.5555555555555556,negative,0.5555555555555556
言而不信,-0.7777777777777778,negative,0.7777777777777778
言而无信,-0.7777777777777778,negative,0.7777777777777778
言而无情,-1.0,negative,1.0
言行不一,-0.1111111111111111,negative,0.1111111111111111
言行相诡,-1.0,negative,1.0
言过其实,-0.5555555555555556,negative,0.5555555555555556
訾议,-0.5555555555555556,negative,0.5555555555555556
詀言詀语,-0.3333333333333333,negative,0.3333333333333333
詈夷为跖,-0.5555555555555556,negative,0.5555555555555556
詹言曲说,-0.3333333333333333,negative,0.3333333333333333
计功谋利,-0.5555555555555556,negative,0.5555555555555556
计穷途拙,-0.7777777777777778,negative,0.7777777777777778
计较锱铢,-0.7777777777777778,negative,0.7777777777777778
认头,-0.3333333333333333,negative,0.3333333333333333
认奴作郎,-0.5555555555555556,negative,0.5555555555555556
认死理,-0.7777777777777778,negative,0.7777777777777778
认死理儿,-0.7777777777777778,negative,0.7777777777777778
认罪,-0.7777777777777778,negative,0.7777777777777778
认贼为子,-0.7777777777777778,negative,0.7777777777777778
认贼作父,-0.7777777777777778,negative,0.7777777777777778
认输,-0.5555555555555556,negative,0.5555555555555556
讥笑,-0.5555555555555556,negative,0.5555555555555556
讥讽,-0.1111111111111111,negative,0.1111111111111111
讥诮,-0.5555555555555556,negative,0.5555555555555556
讨人嫌,-0.8888888888888888,negative,0.8888888888888888
讨价还价,-0.1111111111111111,negative,0.1111111111111111
讨便宜,-0.5555555555555556,negative,0.5555555555555556
讨厌,-0.7777777777777778,negative,0.7777777777777778
讨好,-0.1111111111111111,negative,0.1111111111111111
讨嫌,-0.3333333333333333,negative,0.3333333333333333
讨是寻非,-0.7777777777777778,negative,0.7777777777777778
讨流溯源,-0.7777777777777778,negative,0.7777777777777778
讪皮讪脸,-0.5555555555555556,negative,0.5555555555555556
讪笑,-0.5555555555555556,negative,0.5555555555555556
讪脸,-0.5555555555555556,negative,0.5555555555555556
讬之空言,-0.5555555555555556,negative,0.5555555555555556
讬于空言,-0.5555555555555556,negative,0.5555555555555556
讬公报私,-0.7777777777777778,negative,0.7777777777777778
讬公行私,-0.7777777777777778,negative,0.7777777777777778
讬凤攀龙,-0.7777777777777778,negative,0.7777777777777778
讬诸空言,-0.5555555555555556,negative,0.5555555555555556
训斥,-0.5555555555555556,negative,0.5555555555555556
记仇,-0.5555555555555556,negative,0.5555555555555556
记恨,-0.3333333333333333,negative,0.3333333333333333
讳恶不悛,-0.7777777777777778,negative,0.7777777777777778
讳疾忌医,-0.5555555555555556,negative,0.5555555555555556
讹以传讹,-0.5555555555555556,negative,0.5555555555555556
讹以滋讹,-0.5555555555555556,negative,0.5555555555555556
讹传,-0.3333333333333333,negative,0.3333333333333333
讹脱,-0.1111111111111111,negative,0.1111111111111111
讹诈,-0.5555555555555556,negative,0.5555555555555556
讹误,-0.3333333333333333,negative,0.3333333333333333
讹谬,-0.7777777777777778,negative,0.7777777777777778
讹赖,-0.5555555555555556,negative,0.5555555555555556
论甘忌辛,-0.5555555555555556,negative,0.5555555555555556
论短道长,-0.3333333333333333,negative,0.3333333333333333
论调,-0.3333333333333333,negative,0.3333333333333333
论资排辈,-0.1111111111111111,negative,0.1111111111111111
论长说短,-0.3333333333333333,negative,0.3333333333333333
论长道短,-0.3333333333333333,negative,0.3333333333333333
论高寡合,-0.5555555555555556,negative,0.5555555555555556
论黄数白,-0.5555555555555556,negative,0.5555555555555556
论黄数黑,-0.5555555555555556,negative,0.5555555555555556
讽刺,-0.1111111111111111,negative,0.1111111111111111
设心处虑,-0.5555555555555556,negative,0.5555555555555556
设心积虑,-0.5555555555555556,negative,0.5555555555555556
证龟成鳖,-0.5555555555555556,negative,0.5555555555555556
诃佛诋巫,-0.5555555555555556,negative,0.5555555555555556
评头品足,-0.5555555555555556,negative,0.5555555555555556
诅咒,-0.7777777777777778,negative,0.7777777777777778
诈唬,-0.3333333333333333,negative,0.3333333333333333
诈奸不及,-0.7777777777777778,negative,0.7777777777777778
诈败佯输,-1.0,negative,1.0
诈骗,-0.5555555555555556,negative,0.5555555555555556
诉苦,-0.5555555555555556,negative,0.5555555555555556
诋毁,-0.5555555555555556,negative,0.5555555555555556
词不达意,-0.3333333333333333,negative,0.3333333333333333
诓骗,-0.5555555555555556,negative,0.5555555555555556
诗书发冢,-0.5555555555555556,negative,0.5555555555555556
诘屈磝碻,-0.5555555555555556,negative,0.5555555555555556
诘屈聱牙,-0.5555555555555556,negative,0.5555555555555556
诘屈謷牙,-0.5555555555555556,negative,0.5555555555555556
诘曲聱牙,-0.5555555555555556,negative,0.5555555555555556
诘诎聱牙,-0.5555555555555556,negative,0.5555555555555556
诛尽杀绝,-0.7777777777777778,negative,0.7777777777777778
诛戮,-0.7777777777777778,negative,0.7777777777777778
诛求,-0.7777777777777778,negative,0.7777777777777778
诛求不已,-1.0,negative,1.0
诛求无厌,-0.7777777777777778,negative,0.7777777777777778
诛求无已,-0.7777777777777778,negative,0.7777777777777778
诛求无度,-0.7777777777777778,negative,0.7777777777777778
诛灭,-0.7777777777777778,negative,0.7777777777777778
诛锄异己,-0.7777777777777778,negative,0.7777777777777778
诛除,-0.7777777777777778,negative,0.7777777777777778
话中有话,-0.7777777777777778,negative,0.7777777777777778
话柄,-0.1111111111111111,negative,0.1111111111111111
话长说短,-0.5555555555555556,negative,0.5555555555555556
诞妄不经,-0.5555555555555556,negative,0.5555555555555556
诞幻不经,-0.5555555555555556,negative,0.5555555555555556
诞罔不经,-0.5555555555555556,negative,0.5555555555555556
诞谩不经,-0.5555555555555556,negative,0.5555555555555556
诟骂,-0.5555555555555556,negative,0.5555555555555556
诡形奇制,-0.7777777777777778,negative,0.7777777777777778
诡秘,-0.5555555555555556,negative,0.5555555555555556
诡衔窃辔,-0.1111111111111111,negative,0.1111111111111111
诡言浮说,-0.5555555555555556,negative,0.5555555555555556
诡计,-0.7777777777777778,negative,0.7777777777777778
诡计多端,-1.0,negative,1.0
诡诈,-0.7777777777777778,negative,0.7777777777777778
诡诞,-0.3333333333333333,negative,0.3333333333333333
诡诞不经,-0.7777777777777778,negative,0.7777777777777778
诡谲,-0.7777777777777778,negative,0.7777777777777778
诡雅异俗,-0.7777777777777778,negative,0.7777777777777778
该死,-0.7777777777777778,negative,0.7777777777777778
诪张,-0.5555555555555556,negative,0.5555555555555556
诪张为幻,-0.7777777777777778,negative,0.7777777777777778
诪张变眩,-0.7777777777777778,negative,0.7777777777777778
诬告,-0.5555555555555556,negative,0.5555555555555556
诬害,-0.7777777777777778,negative,0.7777777777777778
诬枉,-0.7777777777777778,negative,0.7777777777777778
诬栽,-0.7777777777777778,negative,0.7777777777777778
诬罔,-0.7777777777777778,negative,0.7777777777777778
诬蔑,-0.5555555555555556,negative,0.5555555555555556
诬赖,-0.7777777777777778,negative,0.7777777777777778
诬陷,-1.0,negative,1.0
语无伦次,-0.5555555555555556,negative,0.5555555555555556
语无诠次,-0.5555555555555556,negative,0.5555555555555556
语病,-0.3333333333333333,negative,0.3333333333333333
语言无味,-0.5555555555555556,negative,0.5555555555555556
语近词冗,-0.5555555555555556,negative,0.5555555555555556
诮呵,-0.3333333333333333,negative,0.3333333333333333
误事,-0.5555555555555556,negative,0.5555555555555556
误入歧途,-0.5555555555555556,negative,0.5555555555555556
误国殃民,-1.0,negative,1.0
误国殄民,-1.0,negative,1.0
误场,-0.5555555555555556,negative,0.5555555555555556
误导,-0.5555555555555556,negative,0.5555555555555556
误点,-0.5555555555555556,negative,0.5555555555555556
误解,-0.5555555555555556,negative,0.5555555555555556
诱使,-0.5555555555555556,negative,0.5555555555555556
诱发,-0.5555555555555556,negative,0.5555555555555556
诱奸,-0.7777777777777778,negative,0.7777777777777778
诱导,-0.3333333333333333,negative,0.3333333333333333
诱惑,-0.3333333333333333,negative,0.3333333333333333
诱拐,-0.5555555555555556,negative,0.5555555555555556
诱秦诓楚,-0.5555555555555556,negative,0.5555555555555556
诱胁,-0.5555555555555556,negative,0.5555555555555556
诱致,-0.5555555555555556,negative,0.5555555555555556
诱饵,-0.3333333333333333,negative,0.3333333333333333
诲奸导淫,-0.5555555555555556,negative,0.5555555555555556
诲尔谆谆，听我藐藐,-0.5555555555555556,negative,0.5555555555555556
诲淫诲盗,-0.5555555555555556,negative,0.5555555555555556
诳时惑众,-0.7777777777777778,negative,0.7777777777777778
诳语,-0.1111111111111111,negative,0.1111111111111111
说三道四,-0.7777777777777778,negative,0.7777777777777778
说不过去,-0.3333333333333333,negative,0.3333333333333333
说嘴,-0.5555555555555556,negative,0.5555555555555556
说嘴打嘴,-0.7777777777777778,negative,0.7777777777777778
说地谈天,-0.5555555555555556,negative,0.5555555555555556
说客,-0.5555555555555556,negative,0.5555555555555556
说情,-0.5555555555555556,negative,0.5555555555555556
说教,-0.3333333333333333,negative,0.3333333333333333
说是弄非,-0.5555555555555556,negative,0.5555555555555556
说是谈非,-0.5555555555555556,negative,0.5555555555555556
说是道非,-0.5555555555555556,negative,0.5555555555555556
说白道绿,-0.5555555555555556,negative,0.5555555555555556
说白道黑,-0.5555555555555556,negative,0.5555555555555556
说短论长,-0.7777777777777778,negative,0.7777777777777778
说谎,-0.5555555555555556,negative,0.5555555555555556
说长道短,-0.5555555555555556,negative,0.5555555555555556
说闲话,-0.5555555555555556,negative,0.5555555555555556
说风凉话,-0.5555555555555556,negative,0.5555555555555556
说黄道黑,-0.5555555555555556,negative,0.5555555555555556
请降,-0.7777777777777778,negative,0.7777777777777778
诺诺连声,-0.3333333333333333,negative,0.3333333333333333
诽谤,-0.7777777777777778,negative,0.7777777777777778
课嘴撩牙,-0.5555555555555556,negative,0.5555555555555556
课语讹言,-0.5555555555555556,negative,0.5555555555555556
调三惑四,-0.5555555555555556,negative,0.5555555555555556
调三斡四,-0.5555555555555556,negative,0.5555555555555556
调三窝四,-0.5555555555555556,negative,0.5555555555555556
调停两用,-0.5555555555555556,negative,0.5555555555555556
调唆,-0.7777777777777778,negative,0.7777777777777778
调嘴学舌,-0.5555555555555556,negative,0.5555555555555556
调嘴弄舌,-0.5555555555555556,negative,0.5555555555555556
调嘴调舌,-0.5555555555555556,negative,0.5555555555555556
调情,-0.5555555555555556,negative,0.5555555555555556
调戏,-0.7777777777777778,negative,0.7777777777777778
调拨,-0.5555555555555556,negative,0.5555555555555556
调笑,-0.5555555555555556,negative,0.5555555555555556
调脣弄舌,-0.5555555555555556,negative,0.5555555555555556
调词架讼,-0.5555555555555556,negative,0.5555555555555556
谄上抑下,-0.5555555555555556,negative,0.5555555555555556
谄上欺下,-0.5555555555555556,negative,0.5555555555555556
谄媚,-0.7777777777777778,negative,0.7777777777777778
谄山傲下,-0.5555555555555556,negative,0.5555555555555556
谄笑,-0.7777777777777778,negative,0.7777777777777778
谄笑胁肩,-0.5555555555555556,negative,0.5555555555555556
谄词令色,-0.5555555555555556,negative,0.5555555555555556
谄谀,-0.5555555555555556,negative,0.5555555555555556
谈优务劣,-0.5555555555555556,negative,0.5555555555555556
谈空说有,-0.3333333333333333,negative,0.3333333333333333
谈过其实,-0.7777777777777778,negative,0.7777777777777778
谋反,-0.5555555555555556,negative,0.5555555555555556
谋图不轨,-0.5555555555555556,negative,0.5555555555555556
谋害,-0.5555555555555556,negative,0.5555555555555556
谋杀,-0.5555555555555556,negative,0.5555555555555556
谋私,-0.5555555555555556,negative,0.5555555555555556
谋财害命,-1.0,negative,1.0
谋陷,-0.5555555555555556,negative,0.5555555555555556
谎报,-0.3333333333333333,negative,0.3333333333333333
谎言,-0.3333333333333333,negative,0.3333333333333333
谎话,-0.3333333333333333,negative,0.3333333333333333
谏尸谤屠,-0.5555555555555556,negative,0.5555555555555556
谑而不虐,-0.7777777777777778,negative,0.7777777777777778
谗佞,-0.7777777777777778,negative,0.7777777777777778
谗口嗷嗷,-0.5555555555555556,negative,0.5555555555555556
谗口铄金,-0.5555555555555556,negative,0.5555555555555556
谗害,-0.5555555555555556,negative,0.5555555555555556
谗言,-0.5555555555555556,negative,0.5555555555555556
谣言,-0.5555555555555556,negative,0.5555555555555556
谣诼,-0.5555555555555556,negative,0.5555555555555556
谤书,-0.5555555555555556,negative,0.5555555555555556
谤毁,-0.5555555555555556,negative,0.5555555555555556
谤议,-0.3333333333333333,negative,0.3333333333333333
谨小慎微,-0.1111111111111111,negative,0.1111111111111111
谩上不谩下,-0.5555555555555556,negative,0.5555555555555556
谩不经意,-0.5555555555555556,negative,0.5555555555555556
谩天昧地,-0.5555555555555556,negative,0.5555555555555556
谩天谩地,-0.5555555555555556,negative,0.5555555555555556
谩藏诲盗,-0.5555555555555556,negative,0.5555555555555556
谩辞譁说,-0.5555555555555556,negative,0.5555555555555556
谩骂,-0.5555555555555556,negative,0.5555555555555556
谬以千里,-0.5555555555555556,negative,0.5555555555555556
谬妄无稽,-0.5555555555555556,negative,0.5555555555555556
谬想天开,-0.5555555555555556,negative,0.5555555555555556
谬种,-0.7777777777777778,negative,0.7777777777777778
谬种流传,-0.5555555555555556,negative,0.5555555555555556
谬论,-0.5555555555555556,negative,0.5555555555555556
谬误,-0.3333333333333333,negative,0.3333333333333333
谮下谩上,-0.5555555555555556,negative,0.5555555555555556
谰言,-0.1111111111111111,negative,0.1111111111111111
谲诈,-0.7777777777777778,negative,0.7777777777777778
谴谪,-0.5555555555555556,negative,0.5555555555555556
谷贱伤农,-0.5555555555555556,negative,0.5555555555555556
豆剖瓜分,-0.7777777777777778,negative,0.7777777777777778
豆萁燃豆,-0.5555555555555556,negative,0.5555555555555556
豆萁相煎,-0.5555555555555556,negative,0.5555555555555556
豆重榆瞑,-0.7777777777777778,negative,0.7777777777777778
豕分蛇断,-0.5555555555555556,negative,0.5555555555555556
豕突狼奔,-0.7777777777777778,negative,0.7777777777777778
豕窜狼逋,-0.5555555555555556,negative,0.5555555555555556
象齿焚身,-0.7777777777777778,negative,0.7777777777777778
豢养,-0.5555555555555556,negative,0.5555555555555556
豪侈,-0.5555555555555556,negative,0.5555555555555556
豪取智笼,-0.7777777777777778,negative,0.7777777777777778
豪夺,-0.7777777777777778,negative,0.7777777777777778
豪夺巧取,-0.7777777777777778,negative,0.7777777777777778
豪干暴取,-0.7777777777777778,negative,0.7777777777777778
豪末不掇，将成斧柯,-0.5555555555555556,negative,0.5555555555555556
豪横,-0.3333333333333333,negative,0.3333333333333333
豪绅,-0.1111111111111111,negative,0.1111111111111111
豺狐之心,-0.7777777777777778,negative,0.7777777777777778
豺狼,-0.5555555555555556,negative,0.5555555555555556
豺狼当路,-0.5555555555555556,negative,0.5555555555555556
豺狼当道,-1.0,negative,1.0
豺狼成性,-1.0,negative,1.0
豺狼横道,-0.5555555555555556,negative,0.5555555555555556
豺虎肆虐,-0.7777777777777778,negative,0.7777777777777778
貂狗相属,-0.5555555555555556,negative,0.5555555555555556
貂裘换酒,-0.5555555555555556,negative,0.5555555555555556
貌似公正,-0.5555555555555556,negative,0.5555555555555556
貌似强大,-0.3333333333333333,negative,0.3333333333333333
貌似真实的,-0.3333333333333333,negative,0.3333333333333333
貌合心离,-0.1111111111111111,negative,0.1111111111111111
貌合神离,-0.1111111111111111,negative,0.1111111111111111
貌合行离,-0.1111111111111111,negative,0.1111111111111111
貌是心非,-0.1111111111111111,negative,0.1111111111111111
貌是情非,-0.1111111111111111,negative,0.1111111111111111
貌离神合,-0.1111111111111111,negative,0.1111111111111111
负义忘恩,-1.0,negative,1.0
负俗之累,-0.5555555555555556,negative,0.5555555555555556
负地矜才,-0.7777777777777778,negative,0.7777777777777778
负屈,-0.5555555555555556,negative,0.5555555555555556
负德孤恩,-1.0,negative,1.0
负德背义,-1.0,negative,1.0
负心,-0.5555555555555556,negative,0.5555555555555556
负恩忘义,-1.0,negative,1.0
负恩背义,-1.0,negative,1.0
负才任气,-0.7777777777777778,negative,0.7777777777777778
负才使气,-0.7777777777777778,negative,0.7777777777777778
负才傲物,-0.7777777777777778,negative,0.7777777777777778
负材任气,-0.7777777777777778,negative,0.7777777777777778
负材矜地,-0.7777777777777778,negative,0.7777777777777778
负气,-0.1111111111111111,negative,0.1111111111111111
负气斗狠,-1.0,negative,1.0
负约,-0.3333333333333333,negative,0.3333333333333333
负薪之忧　,-0.5555555555555556,negative,0.5555555555555556
负薪救火,-0.5555555555555556,negative,0.5555555555555556
负隅,-0.3333333333333333,negative,0.3333333333333333
负隅顽抗,-0.5555555555555556,negative,0.5555555555555556
负面,-0.3333333333333333,negative,0.3333333333333333
财政危机,-0.7777777777777778,negative,0.7777777777777778
财迷,-0.3333333333333333,negative,0.3333333333333333
财迷心窍,-1.0,negative,1.0
责备,-0.5555555555555556,negative,0.5555555555555556
责罚,-0.5555555555555556,negative,0.5555555555555556
责问,-0.5555555555555556,negative,0.5555555555555556
责难,-0.5555555555555556,negative,0.5555555555555556
责骂,-0.5555555555555556,negative,0.5555555555555556
败事有馀，成事不足,-1.0,negative,1.0
败仗,-0.5555555555555556,negative,0.5555555555555556
败俗伤化,-0.5555555555555556,negative,0.5555555555555556
败俗伤风,-0.5555555555555556,negative,0.5555555555555556
败兴,-0.1111111111111111,negative,0.1111111111111111
败军,-0.5555555555555556,negative,0.5555555555555556
败军之将,-0.5555555555555556,negative,0.5555555555555556
败化伤风,-0.5555555555555556,negative,0.5555555555555556
败北,-0.3333333333333333,negative,0.3333333333333333
败叶,-0.1111111111111111,negative,0.1111111111111111
败国丧家,-0.5555555555555556,negative,0.5555555555555556
败国亡家,-0.5555555555555556,negative,0.5555555555555556
败坏,-0.5555555555555556,negative,0.5555555555555556
败子,-0.5555555555555556,negative,0.5555555555555556
败家,-0.5555555555555556,negative,0.5555555555555556
败家子,-0.7777777777777778,negative,0.7777777777777778
败将,-0.5555555555555556,negative,0.5555555555555556
败德辱行,-0.5555555555555556,negative,0.5555555555555556
败材伤锦,-0.5555555555555556,negative,0.5555555555555556
败柳残花,-0.5555555555555556,negative,0.5555555555555556
败笔,-0.3333333333333333,negative,0.3333333333333333
败絮,-0.7777777777777778,negative,0.7777777777777778
败落,-0.7777777777777778,negative,0.7777777777777778
败退,-0.1111111111111111,negative,0.1111111111111111
败阵,-0.5555555555555556,negative,0.5555555555555556
货色,-0.5555555555555556,negative,0.5555555555555556
货赂公行,-0.7777777777777778,negative,0.7777777777777778
质伛影曲,-0.5555555555555556,negative,0.5555555555555556
质次价高,-0.7777777777777778,negative,0.7777777777777778
质量差,-0.5555555555555556,negative,0.5555555555555556
质非文是,-0.7777777777777778,negative,0.7777777777777778
贩交买名,-0.5555555555555556,negative,0.5555555555555556
贩毒,-0.5555555555555556,negative,0.5555555555555556
贩黄,-0.3333333333333333,negative,0.3333333333333333
贪位慕禄,-1.0,negative,1.0
贪功起釁,-0.7777777777777778,negative,0.7777777777777778
贪吃,-0.3333333333333333,negative,0.3333333333333333
贪吃懒做,-1.0,negative,1.0
贪名爱利,-0.7777777777777778,negative,0.7777777777777778
贪名逐利,-0.7777777777777778,negative,0.7777777777777778
贪吏猾胥,-1.0,negative,1.0
贪嘴,-0.3333333333333333,negative,0.3333333333333333
贪图,-0.5555555555555556,negative,0.5555555555555556
贪墨,-0.5555555555555556,negative,0.5555555555555556
贪墨成风,-1.0,negative,1.0
贪墨败度,-1.0,negative,1.0
贪声逐色,-0.7777777777777778,negative,0.7777777777777778
贪多务得,-0.7777777777777778,negative,0.7777777777777778
贪大求全,-0.7777777777777778,negative,0.7777777777777778
贪天之功,-0.7777777777777778,negative,0.7777777777777778
贪夫徇财,-1.0,negative,1.0
贪夫殉利,-1.0,negative,1.0
贪夫殉财,-0.7777777777777778,negative,0.7777777777777778
贪夫狥财,-0.7777777777777778,negative,0.7777777777777778
贪如虎狼,-0.7777777777777778,negative,0.7777777777777778
贪婪,-0.7777777777777778,negative,0.7777777777777778
贪婪无厌,-0.7777777777777778,negative,0.7777777777777778
贪官,-0.5555555555555556,negative,0.5555555555555556
贪官污吏,-1.0,negative,1.0
贪官蠹役,-1.0,negative,1.0
贪小,-0.3333333333333333,negative,0.3333333333333333
贪小失大,-0.5555555555555556,negative,0.5555555555555556
贪得无厌,-0.7777777777777778,negative,0.7777777777777778
贪心,-0.7777777777777778,negative,0.7777777777777778
贪心不足,-0.7777777777777778,negative,0.7777777777777778
贪惏无餍,-0.7777777777777778,negative,0.7777777777777778
贪戾无厌,-0.7777777777777778,negative,0.7777777777777778
贪杯,-0.3333333333333333,negative,0.3333333333333333
贪欢逐乐,-0.7777777777777778,negative,0.7777777777777778
贪欲,-0.5555555555555556,negative,0.5555555555555556
贪欲无厌,-0.7777777777777778,negative,0.7777777777777778
贪欲无艺,-0.7777777777777778,negative,0.7777777777777778
贪求,-0.7777777777777778,negative,0.7777777777777778
贪求无厌,-0.7777777777777778,negative,0.7777777777777778
贪求无已,-0.7777777777777778,negative,0.7777777777777778
贪汙狼藉,-0.7777777777777778,negative,0.7777777777777778
贪污,-0.7777777777777778,negative,0.7777777777777778
贪污犯,-0.5555555555555556,negative,0.5555555555555556
贪污腐化,-1.0,negative,1.0
贪猥无厌,-0.7777777777777778,negative,0.7777777777777778
贪生,-0.5555555555555556,negative,0.5555555555555556
贪生怕死,-0.7777777777777778,negative,0.7777777777777778
贪生恶死,-1.0,negative,1.0
贪生畏死,-1.0,negative,1.0
贪而无信,-0.7777777777777778,negative,0.7777777777777778
贪脏,-0.5555555555555556,negative,0.5555555555555556
贪色,-0.3333333333333333,negative,0.3333333333333333
贪花恋酒,-0.5555555555555556,negative,0.5555555555555556
贪荣慕利,-0.7777777777777778,negative,0.7777777777777778
贪财好色,-0.7777777777777778,negative,0.7777777777777778
贪财好贿,-0.7777777777777778,negative,0.7777777777777778
贪财恋色,-0.7777777777777778,negative,0.7777777777777778
贪贿,-0.5555555555555556,negative,0.5555555555555556
贪贿无艺,-0.7777777777777778,negative,0.7777777777777778
贪赃坏法,-0.7777777777777778,negative,0.7777777777777778
贪赃枉法,-1.0,negative,1.0
贫嘴,-0.5555555555555556,negative,0.5555555555555556
贫嘴恶舌,-0.5555555555555556,negative,0.5555555555555556
贫嘴滑舌,-0.5555555555555556,negative,0.5555555555555556
贫嘴薄舌,-0.5555555555555556,negative,0.5555555555555556
贫嘴贱舌,-0.5555555555555556,negative,0.5555555555555556
贫气,-0.3333333333333333,negative,0.3333333333333333
贫病交迫,-0.5555555555555556,negative,0.5555555555555556
贫瘠,-0.3333333333333333,negative,0.3333333333333333
贫苦,-0.5555555555555556,negative,0.5555555555555556
贫贱,-0.3333333333333333,negative,0.3333333333333333
贫贱骄人,-0.7777777777777778,negative,0.7777777777777778
贫骨头,-0.7777777777777778,negative,0.7777777777777778
贬低,-0.5555555555555556,negative,0.5555555555555556
贬值,-0.5555555555555556,negative,0.5555555555555556
贬抑,-0.7777777777777778,negative,0.7777777777777778
贬斥,-0.5555555555555556,negative,0.5555555555555556
贬谪,-0.7777777777777778,negative,0.7777777777777778
贬责,-0.7777777777777778,negative,0.7777777777777778
贬黜,-0.7777777777777778,negative,0.7777777777777778
贯盈恶稔,-1.0,negative,1.0
贰臣,-0.3333333333333333,negative,0.3333333333333333
贱人,-0.5555555555555556,negative,0.5555555555555556
贱目贵耳,-0.5555555555555556,negative,0.5555555555555556
贱视,-0.3333333333333333,negative,0.3333333333333333
贱货,-1.0,negative,1.0
贱骨头,-0.7777777777777778,negative,0.7777777777777778
贴金,-0.7777777777777778,negative,0.7777777777777778
贵不召骄,-0.5555555555555556,negative,0.5555555555555556
贵不期骄,-0.3333333333333333,negative,0.3333333333333333
贵人多忘,-0.5555555555555556,negative,0.5555555555555556
贵人多忘事,-0.5555555555555556,negative,0.5555555555555556
贵古贱今,-0.5555555555555556,negative,0.5555555555555556
贵壮贱弱,-0.5555555555555556,negative,0.5555555555555556
贵壮贱老,-0.5555555555555556,negative,0.5555555555555556
贵少贱老,-0.5555555555555556,negative,0.5555555555555556
贵耳贱目,-0.3333333333333333,negative,0.3333333333333333
贵远贱近,-0.7777777777777778,negative,0.7777777777777778
贵远鄙近,-0.5555555555555556,negative,0.5555555555555556
贸然,-0.3333333333333333,negative,0.3333333333333333
贸贸然,-0.3333333333333333,negative,0.3333333333333333
贸首之雠,-0.7777777777777778,negative,0.7777777777777778
费尽心机,-0.3333333333333333,negative,0.3333333333333333
费工夫,-0.5555555555555556,negative,0.5555555555555556
费时,-0.5555555555555556,negative,0.5555555555555556
费神,-0.5555555555555556,negative,0.5555555555555556
费精神,-0.5555555555555556,negative,0.5555555555555556
贻害,-0.7777777777777778,negative,0.7777777777777778
贻害无穷,-0.7777777777777778,negative,0.7777777777777778
贻笑大方,-0.3333333333333333,negative,0.3333333333333333
贻笑大方　,-0.5555555555555556,negative,0.5555555555555556
贻误,-0.5555555555555556,negative,0.5555555555555556
贼人胆虚,-0.5555555555555556,negative,0.5555555555555556
贼去关门,-1.0,negative,1.0
贼喊捉贼,-0.5555555555555556,negative,0.5555555555555556
贼头狗脑,-0.7777777777777778,negative,0.7777777777777778
贼头贼脑,-1.0,negative,1.0
贼头鬼脑,-0.5555555555555556,negative,0.5555555555555556
贼头鼠脑,-0.7777777777777778,negative,0.7777777777777778
贼子乱臣,-0.5555555555555556,negative,0.5555555555555556
贼巢,-0.5555555555555556,negative,0.5555555555555556
贼心,-0.7777777777777778,negative,0.7777777777777778
贼溜溜,-1.0,negative,1.0
贼眉贼眼,-0.5555555555555556,negative,0.5555555555555556
贼眉鼠眼,-1.0,negative,1.0
贼眼,-0.5555555555555556,negative,0.5555555555555556
贼窝,-0.5555555555555556,negative,0.5555555555555556
贼脏,-0.7777777777777778,negative,0.7777777777777778
贼臣乱子,-0.5555555555555556,negative,0.5555555555555556
贼臣逆子,-0.5555555555555556,negative,0.5555555555555556
贼赃,-0.7777777777777778,negative,0.7777777777777778
贼骨头,-0.5555555555555556,negative,0.5555555555555556
贿货公行,-0.7777777777777778,negative,0.7777777777777778
贿赂,-0.3333333333333333,negative,0.3333333333333333
贿赂公行,-0.5555555555555556,negative,0.5555555555555556
贿选,-0.3333333333333333,negative,0.3333333333333333
赃官,-0.7777777777777778,negative,0.7777777777777778
赃官污吏,-0.5555555555555556,negative,0.5555555555555556
赃款,-0.7777777777777778,negative,0.7777777777777778
赃汙狼藉,-0.5555555555555556,negative,0.5555555555555556
赃污狼籍,-0.5555555555555556,negative,0.5555555555555556
赃污狼藉,-0.7777777777777778,negative,0.7777777777777778
赃物,-0.7777777777777778,negative,0.7777777777777778
赃盈恶贯,-0.7777777777777778,negative,0.7777777777777778
赃私狼籍,-0.5555555555555556,negative,0.5555555555555556
赃私狼藉,-0.5555555555555556,negative,0.5555555555555556
赃秽狼藉,-0.5555555555555556,negative,0.5555555555555556
赃货狼藉,-0.5555555555555556,negative,0.5555555555555556
赃贿狼籍,-0.7777777777777778,negative,0.7777777777777778
赃贿狼藉,-0.5555555555555556,negative,0.5555555555555556
赌咒,-0.7777777777777778,negative,0.7777777777777778
赌棍,-0.5555555555555556,negative,0.5555555555555556
赌气,-0.5555555555555556,negative,0.5555555555555556
赌钱,-0.3333333333333333,negative,0.3333333333333333
赏不当功,-0.5555555555555556,negative,0.5555555555555556
赏同罚异,-0.7777777777777778,negative,0.7777777777777778
赏罚不信,-0.5555555555555556,negative,0.5555555555555556
赏罚不当,-0.5555555555555556,negative,0.5555555555555556
赏罚不明,-0.5555555555555556,negative,0.5555555555555556
赏罚无章,-0.5555555555555556,negative,0.5555555555555556
赔了夫人又折兵,-0.7777777777777778,negative,0.7777777777777778
赔帐,-0.5555555555555556,negative,0.5555555555555556
赔本,-0.5555555555555556,negative,0.5555555555555556
赔钱,-0.5555555555555556,negative,0.5555555555555556
赖学,-0.1111111111111111,negative,0.1111111111111111
赖帐,-0.7777777777777778,negative,0.7777777777777778
赖皮,-0.5555555555555556,negative,0.5555555555555556
赖账,-0.1111111111111111,negative,0.1111111111111111
赘疣,-1.0,negative,1.0
赘瘤,-0.7777777777777778,negative,0.7777777777777778
赘言,-0.3333333333333333,negative,0.3333333333333333
赘述,-0.1111111111111111,negative,0.1111111111111111
赘食太仓,-0.7777777777777778,negative,0.7777777777777778
赤佬,-0.5555555555555556,negative,0.5555555555555556
赤口毒舌,-0.5555555555555556,negative,0.5555555555555556
赤痢,-0.7777777777777778,negative,0.7777777777777778
赤白痢,-0.5555555555555556,negative,0.5555555555555556
赤舌烧城,-0.5555555555555556,negative,0.5555555555555556
赤裸裸,-0.3333333333333333,negative,0.3333333333333333
赤贫,-0.3333333333333333,negative,0.3333333333333333
赤霉病,-0.7777777777777778,negative,0.7777777777777778
走内线,-0.5555555555555556,negative,0.5555555555555556
走卒,-0.7777777777777778,negative,0.7777777777777778
走后门,-0.5555555555555556,negative,0.5555555555555556
走气门,-0.3333333333333333,negative,0.3333333333333333
走狗,-0.7777777777777778,negative,0.7777777777777778
走过场,-0.5555555555555556,negative,0.5555555555555556
走马看花,-0.1111111111111111,negative,0.1111111111111111
赶尽杀绝,-0.7777777777777778,negative,0.7777777777777778
起事,-0.5555555555555556,negative,0.5555555555555556
起哄,-0.5555555555555556,negative,0.5555555555555556
起火打劫,-0.7777777777777778,negative,0.7777777777777778
趁人之危,-1.0,negative,1.0
趁火打劫,-0.7777777777777778,negative,0.7777777777777778
超员,-0.5555555555555556,negative,0.5555555555555556
超支,-0.5555555555555556,negative,0.5555555555555556
超生,-0.5555555555555556,negative,0.5555555555555556
超经济剥削,-0.5555555555555556,negative,0.5555555555555556
超载,-0.5555555555555556,negative,0.5555555555555556
超重,-0.5555555555555556,negative,0.5555555555555556
越俎代庖,-0.7777777777777778,negative,0.7777777777777778
越凫楚乙,-0.5555555555555556,negative,0.5555555555555556
越境,-0.5555555555555556,negative,0.5555555555555556
越扶越醉,-0.5555555555555556,negative,0.5555555555555556
越权,-0.5555555555555556,negative,0.5555555555555556
越级,-0.5555555555555556,negative,0.5555555555555556
越轨,-1.0,negative,1.0
趋奉,-0.5555555555555556,negative,0.5555555555555556
趋炎附势,-0.7777777777777778,negative,0.7777777777777778
趋附,-0.7777777777777778,negative,0.7777777777777778
趑趄不前,-0.5555555555555556,negative,0.5555555555555556
足不出户,-0.5555555555555556,negative,0.5555555555555556
足不出门,-0.5555555555555556,negative,0.5555555555555556
足不窥户,-0.5555555555555556,negative,0.5555555555555556
足不逾户,-0.5555555555555556,negative,0.5555555555555556
足尺加二,-0.5555555555555556,negative,0.5555555555555556
足高气强,-0.5555555555555556,negative,0.5555555555555556
足高气扬,-0.5555555555555556,negative,0.5555555555555556
趾高气扬,-0.5555555555555556,negative,0.5555555555555556
跅幪不羁,-0.7777777777777778,negative,0.7777777777777778
跅弛不羁,-0.7777777777777778,negative,0.7777777777777778
跅弢不羁,-0.7777777777777778,negative,0.7777777777777778
跋前踬后,-0.7777777777777778,negative,0.7777777777777778
跋扈,-0.5555555555555556,negative,0.5555555555555556
跋扈恣睢,-0.5555555555555556,negative,0.5555555555555556
跋扈自恣,-0.5555555555555556,negative,0.5555555555555556
跋扈飞扬,-0.5555555555555556,negative,0.5555555555555556
跌份,-0.3333333333333333,negative,0.3333333333333333
跌弹斑鸠,-0.5555555555555556,negative,0.5555555555555556
跌脚捶胸,-0.5555555555555556,negative,0.5555555555555556
跌脚搥胸,-0.5555555555555556,negative,0.5555555555555556
跌脚槌胸,-0.5555555555555556,negative,0.5555555555555556
跌跤,-0.3333333333333333,negative,0.3333333333333333
跑江湖,-0.5555555555555556,negative,0.5555555555555556
跑警报,-0.7777777777777778,negative,0.7777777777777778
跑跑跳跳,-0.7777777777777778,negative,0.7777777777777778
跑辙,-0.5555555555555556,negative,0.5555555555555556
跑龙套,-0.6666666666666666,negative,0.6666666666666666
距人千里,-0.3333333333333333,negative,0.3333333333333333
路人皆知,-0.3333333333333333,negative,0.3333333333333333
路叟之忧,-0.5555555555555556,negative,0.5555555555555556
路柳墙花,-0.5555555555555556,negative,0.5555555555555556
跳梁,-0.5555555555555556,negative,0.5555555555555556
跳梁小丑,-0.3333333333333333,negative,0.3333333333333333
跳脚,-1.0,negative,1.0
跳踉,-0.7777777777777778,negative,0.7777777777777778
践规踏矩,-0.5555555555555556,negative,0.5555555555555556
践踏,-1.0,negative,1.0
跷蹊,-0.3333333333333333,negative,0.3333333333333333
跼天促地,-0.5555555555555556,negative,0.5555555555555556
跼天蹐地,-0.5555555555555556,negative,0.5555555555555556
跼高天蹐厚地,-0.5555555555555556,negative,0.5555555555555556
跼高蹐厚,-0.7777777777777778,negative,0.7777777777777778
踌躇不决,-0.3333333333333333,negative,0.3333333333333333
踌躇不前,-0.3333333333333333,negative,0.3333333333333333
踏故習常,-0.7777777777777778,negative,0.7777777777777778
踞炉炭上,-0.7777777777777778,negative,0.7777777777777778
踽踽独行,-0.7777777777777778,negative,0.7777777777777778
蹀躞不下,-0.5555555555555556,negative,0.5555555555555556
蹈人旧辙,-0.5555555555555556,negative,0.5555555555555556
蹈其覆辙,-0.3333333333333333,negative,0.3333333333333333
蹈常袭故,-0.5555555555555556,negative,0.5555555555555556
蹈袭,-0.1111111111111111,negative,0.1111111111111111
蹉跌,-0.3333333333333333,negative,0.3333333333333333
蹉跎,-0.5555555555555556,negative,0.5555555555555556
蹉跎自误,-0.5555555555555556,negative,0.5555555555555556
蹊田夺牛,-0.7777777777777778,negative,0.7777777777777778
蹑手蹑脚,-0.5555555555555556,negative,0.5555555555555556
蹙国丧师,-0.7777777777777778,negative,0.7777777777777778
蹙国百里,-0.7777777777777778,negative,0.7777777777777778
蹙蹙靡骋,-0.5555555555555556,negative,0.5555555555555556
蹦跶,-0.1111111111111111,negative,0.1111111111111111
蹩脚,-0.1111111111111111,negative,0.1111111111111111
蹭蹬,-0.5555555555555556,negative,0.5555555555555556
躁动,-0.5555555555555556,negative,0.5555555555555556
躁急,-0.5555555555555556,negative,0.5555555555555556
躁言丑句,-0.5555555555555556,negative,0.5555555555555556
身不由主,-0.5555555555555556,negative,0.5555555555555556
身不遇时,-0.5555555555555556,negative,0.5555555555555556
身世,-0.3333333333333333,negative,0.3333333333333333
身先朝露,-0.5555555555555556,negative,0.5555555555555556
身单力薄,-0.3333333333333333,negative,0.3333333333333333
身名俱灭,-0.5555555555555556,negative,0.5555555555555556
身名俱败,-0.7777777777777778,negative,0.7777777777777778
身后,-0.7777777777777778,negative,0.7777777777777778
身废名裂,-0.5555555555555556,negative,0.5555555555555556
身微力薄,-0.5555555555555556,negative,0.5555555555555556
身心交瘁,-0.5555555555555556,negative,0.5555555555555556
身故,-0.7777777777777778,negative,0.7777777777777778
身败名裂,-1.0,negative,1.0
身败名隳,-0.5555555555555556,negative,0.5555555555555556
身首异地,-0.5555555555555556,negative,0.5555555555555556
躲懒,-0.3333333333333333,negative,0.3333333333333333
轩然大波,-0.7777777777777778,negative,0.7777777777777778
轩鹤冠猴,-0.7777777777777778,negative,0.7777777777777778
转喉触讳,-0.7777777777777778,negative,0.7777777777777778
转嫁,-0.5555555555555556,negative,0.5555555555555556
转弯抹角,-0.3333333333333333,negative,0.3333333333333333
转脸,-0.7777777777777778,negative,0.7777777777777778
转蓬,-0.3333333333333333,negative,0.3333333333333333
软弱,-0.5555555555555556,negative,0.5555555555555556
软弱无力,-0.5555555555555556,negative,0.5555555555555556
软磨,-0.5555555555555556,negative,0.5555555555555556
软禁,-0.5555555555555556,negative,0.5555555555555556
软骨头,-0.5555555555555556,negative,0.5555555555555556
轰堂大笑,-0.5555555555555556,negative,0.5555555555555556
轹釜待炊,-1.0,negative,1.0
轻世做物,-1.0,negative,1.0
轻世傲物,-0.7777777777777778,negative,0.7777777777777778
轻世肆志,-0.7777777777777778,negative,0.7777777777777778
轻举妄动,-0.3333333333333333,negative,0.3333333333333333
轻于鸿毛,-0.7777777777777778,negative,0.7777777777777778
轻佻,-0.7777777777777778,negative,0.7777777777777778
轻侮,-0.5555555555555556,negative,0.5555555555555556
轻信,-0.3333333333333333,negative,0.3333333333333333
轻嘴薄舌,-0.7777777777777778,negative,0.7777777777777778
轻忽,-0.3333333333333333,negative,0.3333333333333333
轻慢,-0.3333333333333333,negative,0.3333333333333333
轻描淡写,-0.1111111111111111,negative,0.1111111111111111
轻浮,-0.7777777777777778,negative,0.7777777777777778
轻狂,-0.7777777777777778,negative,0.7777777777777778
轻率,-0.5555555555555556,negative,0.5555555555555556
轻生,-0.5555555555555556,negative,0.5555555555555556
轻看,-0.3333333333333333,negative,0.3333333333333333
轻蔑,-0.7777777777777778,negative,0.7777777777777778
轻薄,-0.3333333333333333,negative,0.3333333333333333
轻薄无知,-0.5555555555555556,negative,0.5555555555555556
轻薄无礼,-0.5555555555555556,negative,0.5555555555555556
轻薄无行,-0.5555555555555556,negative,0.5555555555555556
轻视,-0.5555555555555556,negative,0.5555555555555556
轻言寡信,-0.5555555555555556,negative,0.5555555555555556
轻言肆口,-0.5555555555555556,negative,0.5555555555555556
轻诺寡信,-0.7777777777777778,negative,0.7777777777777778
轻贱,-0.3333333333333333,negative,0.3333333333333333
轻重倒置,-0.5555555555555556,negative,0.5555555555555556
轻飘,-0.5555555555555556,negative,0.5555555555555556
输理,-0.5555555555555556,negative,0.5555555555555556
辙乱旗靡,-0.5555555555555556,negative,0.5555555555555556
辜恩背义,-0.7777777777777778,negative,0.7777777777777778
辜恩负义,-1.0,negative,1.0
辜负,-0.3333333333333333,negative,0.3333333333333333
辞不达意,-0.8888888888888888,negative,0.8888888888888888
辟谣,-0.7777777777777778,negative,0.7777777777777778
辣手,-0.7777777777777778,negative,0.7777777777777778
辣词儿,-0.3333333333333333,negative,0.3333333333333333
辩难,-0.5555555555555556,negative,0.5555555555555556
辩驳,-0.5555555555555556,negative,0.5555555555555556
辱命,-0.3333333333333333,negative,0.3333333333333333
辱国丧师,-1.0,negative,1.0
辱国殃民,-0.5555555555555556,negative,0.5555555555555556
辱国殄民,-0.7777777777777778,negative,0.7777777777777778
辱没,-0.5555555555555556,negative,0.5555555555555556
辱身败名,-0.7777777777777778,negative,0.7777777777777778
辱门败户,-0.7777777777777778,negative,0.7777777777777778
辱骂,-0.5555555555555556,negative,0.5555555555555556
辽东豕,-0.5555555555555556,negative,0.5555555555555556
迁就,-0.3333333333333333,negative,0.3333333333333333
迁延时日,-0.3333333333333333,negative,0.3333333333333333
迁怒于人,-0.3333333333333333,negative,0.3333333333333333
迁臣逐客,-0.7777777777777778,negative,0.7777777777777778
迂儒,-0.5555555555555556,negative,0.5555555555555556
迂回曲折,-0.3333333333333333,negative,0.3333333333333333
迂夫子,-0.5555555555555556,negative,0.5555555555555556
迂执,-0.5555555555555556,negative,0.5555555555555556
迂拘,-0.5555555555555556,negative,0.5555555555555556
迂拙,-0.5555555555555556,negative,0.5555555555555556
迂气,-0.5555555555555556,negative,0.5555555555555556
迂缓,-0.1111111111111111,negative,0.1111111111111111
迂腐,-0.7777777777777778,negative,0.7777777777777778
迂腐腾腾,-0.7777777777777778,negative,0.7777777777777778
迂见,-0.5555555555555556,negative,0.5555555555555556
迂论,-0.5555555555555556,negative,0.5555555555555556
迂谈阔论,-0.3333333333333333,negative,0.3333333333333333
迂远,-0.5555555555555556,negative,0.5555555555555556
迂阔,-0.5555555555555556,negative,0.5555555555555556
过分,-0.3333333333333333,negative,0.3333333333333333
过失,-0.3333333333333333,negative,0.3333333333333333
过头,-0.3333333333333333,negative,0.3333333333333333
过屠大嚼,-0.7777777777777778,negative,0.7777777777777778
过度,-0.3333333333333333,negative,0.3333333333333333
过当,-0.3333333333333333,negative,0.3333333333333333
过敏,-0.3333333333333333,negative,0.3333333333333333
过时,-0.1111111111111111,negative,0.1111111111111111
过桥抽板,-1.0,negative,1.0
过桥拆桥,-0.5555555555555556,negative,0.5555555555555556
过气,-0.5555555555555556,negative,0.5555555555555556
过河拆桥,-0.5555555555555556,negative,0.5555555555555556
过激,-0.7777777777777778,negative,0.7777777777777778
过犹不及,-0.5555555555555556,negative,0.5555555555555556
过甚其词,-0.5555555555555556,negative,0.5555555555555556
过甚其辞,-0.5555555555555556,negative,0.5555555555555556
过街老鼠,-0.5555555555555556,negative,0.5555555555555556
过错,-0.3333333333333333,negative,0.3333333333333333
迎合,-0.5555555555555556,negative,0.5555555555555556
迎奸卖俏,-0.7777777777777778,negative,0.7777777777777778
运斧般门,-0.5555555555555556,negative,0.5555555555555556
还珠买椟,-0.5555555555555556,negative,0.5555555555555556
这山望着那山高,-1.0,negative,1.0
进寸退尺,-0.5555555555555556,negative,0.5555555555555556
进犯,-0.3333333333333333,negative,0.3333333333333333
进禄加官,-0.5555555555555556,negative,0.5555555555555556
进谗,-0.3333333333333333,negative,0.3333333333333333
进退两端,-0.5555555555555556,negative,0.5555555555555556
进退亡据,-0.5555555555555556,negative,0.5555555555555556
进退双难,-0.5555555555555556,negative,0.5555555555555556
进退失图,-0.5555555555555556,negative,0.5555555555555556
进退失所,-0.5555555555555556,negative,0.5555555555555556
进退失措,-0.5555555555555556,negative,0.5555555555555556
进退惟谷,-0.5555555555555556,negative,0.5555555555555556
进退无依,-0.5555555555555556,negative,0.5555555555555556
进退无所,-0.5555555555555556,negative,0.5555555555555556
进退无据,-0.5555555555555556,negative,0.5555555555555556
进退无措,-0.5555555555555556,negative,0.5555555555555556
进退无途,-0.5555555555555556,negative,0.5555555555555556
进退狐疑,-0.5555555555555556,negative,0.5555555555555556
进退狼狈,-0.5555555555555556,negative,0.5555555555555556
进退维亟,-0.5555555555555556,negative,0.5555555555555556
进退维艰,-0.5555555555555556,negative,0.5555555555555556
进退触篱,-0.5555555555555556,negative,0.5555555555555556
进退跋疐,-0.5555555555555556,negative,0.5555555555555556
进退路穷,-0.5555555555555556,negative,0.5555555555555556
进退迍邅,-0.5555555555555556,negative,0.5555555555555556
进退首鼠,-0.5555555555555556,negative,0.5555555555555556
进道若踡,-0.5555555555555556,negative,0.5555555555555556
进道若退,-0.5555555555555556,negative,0.5555555555555556
进锐退速,-0.5555555555555556,negative,0.5555555555555556
远水不救近火,-0.5555555555555556,negative,0.5555555555555556
违乡负俗,-0.7777777777777778,negative,0.7777777777777778
违反,-0.5555555555555556,negative,0.5555555555555556
违天害理,-1.0,negative,1.0
违天悖人,-1.0,negative,1.0
违天悖理,-1.0,negative,1.0
违天逆理,-1.0,negative,1.0
违宪,-0.5555555555555556,negative,0.5555555555555556
违害就利,-0.7777777777777778,negative,0.7777777777777778
违强陵弱,-0.7777777777777778,negative,0.7777777777777778
违心,-0.5555555555555556,negative,0.5555555555555556
违心之论,-0.7777777777777778,negative,0.7777777777777778
违抗,-0.5555555555555556,negative,0.5555555555555556
违拗,-0.5555555555555556,negative,0.5555555555555556
违条犯法,-0.5555555555555556,negative,0.5555555555555556
违条舞法,-0.7777777777777778,negative,0.7777777777777778
违法乱纪,-0.7777777777777778,negative,0.7777777777777778
违犯,-0.5555555555555556,negative,0.5555555555555556
违禁,-0.5555555555555556,negative,0.5555555555555556
违纪,-0.5555555555555556,negative,0.5555555555555556
违背,-0.7777777777777778,negative,0.7777777777777778
违规,-0.5555555555555556,negative,0.5555555555555556
连天烽火,-0.5555555555555556,negative,0.5555555555555556
连宵彻曙,-0.5555555555555556,negative,0.5555555555555556
连宵达旦,-0.5555555555555556,negative,0.5555555555555556
连帙累牍,-0.5555555555555556,negative,0.5555555555555556
连明彻夜,-0.5555555555555556,negative,0.5555555555555556
连明达夜,-0.5555555555555556,negative,0.5555555555555556
连明连夜,-0.5555555555555556,negative,0.5555555555555556
连昏达曙,-0.5555555555555556,negative,0.5555555555555556
连理分枝,-0.7777777777777778,negative,0.7777777777777778
连章累牍,-0.5555555555555556,negative,0.5555555555555556
连篇累册,-0.3333333333333333,negative,0.3333333333333333
连篇累帙,-0.3333333333333333,negative,0.3333333333333333
连篇累帧,-0.3333333333333333,negative,0.3333333333333333
连篇累幅,-0.3333333333333333,negative,0.3333333333333333
连篇累牍,-0.1111111111111111,negative,0.1111111111111111
连篇絫幅,-0.3333333333333333,negative,0.3333333333333333
连篇絫牍,-0.3333333333333333,negative,0.3333333333333333
连累,-0.5555555555555556,negative,0.5555555555555556
连编累牍,-0.3333333333333333,negative,0.3333333333333333
迟到,-0.3333333333333333,negative,0.3333333333333333
迟延,-0.1111111111111111,negative,0.1111111111111111
迟滞,-0.1111111111111111,negative,0.1111111111111111
迟疑不决,-0.3333333333333333,negative,0.3333333333333333
迟缓,-0.1111111111111111,negative,0.1111111111111111
迟误,-0.3333333333333333,negative,0.3333333333333333
迟钝,-0.5555555555555556,negative,0.5555555555555556
迫害,-0.7777777777777778,negative,0.7777777777777778
迷人眼目,-1.0,negative,1.0
迷信,-0.3333333333333333,negative,0.3333333333333333
迷天大罪,-1.0,negative,1.0
迷天大谎,-1.0,negative,1.0
迷头认影,-0.7777777777777778,negative,0.7777777777777778
迷恋骸骨,-0.8888888888888888,negative,0.8888888888888888
迷昏汤,-0.5555555555555556,negative,0.5555555555555556
迷离徜仿,-0.5555555555555556,negative,0.5555555555555556
迷离徜恍,-0.5555555555555556,negative,0.5555555555555556
迷离惝恍,-0.5555555555555556,negative,0.5555555555555556
迷而不反,-1.0,negative,1.0
迷而不返,-1.0,negative,1.0
迷花沾草,-0.7777777777777778,negative,0.7777777777777778
迷茫,-0.3333333333333333,negative,0.3333333333333333
迷迷荡荡,-0.7777777777777778,negative,0.7777777777777778
迷途,-0.3333333333333333,negative,0.3333333333333333
迷金醉纸,-0.7777777777777778,negative,0.7777777777777778
迷魂夺魄,-0.3333333333333333,negative,0.3333333333333333
迷魂淫魄,-0.3333333333333333,negative,0.3333333333333333
追懽卖笑,-0.7777777777777778,negative,0.7777777777777778
追捕,-0.7777777777777778,negative,0.7777777777777778
追欢买笑,-0.7777777777777778,negative,0.7777777777777778
追欢作乐,-0.5555555555555556,negative,0.5555555555555556
追欢卖笑,-0.7777777777777778,negative,0.7777777777777778
追欢取乐,-0.5555555555555556,negative,0.5555555555555556
追究,-0.5555555555555556,negative,0.5555555555555556
追趋逐耆,-0.5555555555555556,negative,0.5555555555555556
追逼,-0.7777777777777778,negative,0.7777777777777778
追魂夺魄,-0.7777777777777778,negative,0.7777777777777778
退化,-0.3333333333333333,negative,0.3333333333333333
退却,-0.5555555555555556,negative,0.5555555555555556
退坡,-0.5555555555555556,negative,0.5555555555555556
退有后言,-0.5555555555555556,negative,0.5555555555555556
退步,-0.3333333333333333,negative,0.3333333333333333
退缩,-0.5555555555555556,negative,0.5555555555555556
送人情,-0.5555555555555556,negative,0.5555555555555556
送去迎来,-0.1111111111111111,negative,0.1111111111111111
送往迎来,-0.1111111111111111,negative,0.1111111111111111
送旧迎新,-0.5555555555555556,negative,0.5555555555555556
适得其反,-0.3333333333333333,negative,0.3333333333333333
逃之夭夭,-0.5555555555555556,negative,0.5555555555555556
逃亡,-0.5555555555555556,negative,0.5555555555555556
逃兵,-0.5555555555555556,negative,0.5555555555555556
逃匿,-0.5555555555555556,negative,0.5555555555555556
逃命,-0.5555555555555556,negative,0.5555555555555556
逃奔,-0.5555555555555556,negative,0.5555555555555556
逃学,-0.5555555555555556,negative,0.5555555555555556
逃散,-0.3333333333333333,negative,0.3333333333333333
逃犯,-0.5555555555555556,negative,0.5555555555555556
逃票,-0.5555555555555556,negative,0.5555555555555556
逃税,-0.5555555555555556,negative,0.5555555555555556
逃窜,-0.3333333333333333,negative,0.3333333333333333
逃跑,-0.5555555555555556,negative,0.5555555555555556
逃逸,-0.5555555555555556,negative,0.5555555555555556
逃遁,-0.5555555555555556,negative,0.5555555555555556
逃避,-0.5555555555555556,negative,0.5555555555555556
逃难,-0.5555555555555556,negative,0.5555555555555556
逆产,-0.3333333333333333,negative,0.3333333333333333
逆天暴物,-0.6666666666666666,negative,0.6666666666666666
逆子,-0.7777777777777778,negative,0.7777777777777778
逆来顺受,-0.5555555555555556,negative,0.5555555555555556
逆流,-0.5555555555555556,negative,0.5555555555555556
逆耳,-0.5555555555555556,negative,0.5555555555555556
逆道乱常,-0.6666666666666666,negative,0.6666666666666666
逊色,-0.3333333333333333,negative,0.3333333333333333
逍遥法外,-0.5555555555555556,negative,0.5555555555555556
逍遥自娱,-0.3333333333333333,negative,0.3333333333333333
透顶,-0.7777777777777778,negative,0.7777777777777778
逐名趋势,-0.7777777777777778,negative,0.7777777777777778
逐宕失返,-0.7777777777777778,negative,0.7777777777777778
逐客令,-0.7777777777777778,negative,0.7777777777777778
逐影吠声,-0.7777777777777778,negative,0.7777777777777778
逐影随波,-0.7777777777777778,negative,0.7777777777777778
逐末弃本,-0.7777777777777778,negative,0.7777777777777778
逐末忘本,-0.7777777777777778,negative,0.7777777777777778
逐末舍本,-0.7777777777777778,negative,0.7777777777777778
逐流忘返,-0.5555555555555556,negative,0.5555555555555556
逐浪随波,-0.5555555555555556,negative,0.5555555555555556
逐物不还,-0.5555555555555556,negative,0.5555555555555556
逐臭,-0.7777777777777778,negative,0.7777777777777778
逐臭之夫,-0.7777777777777778,negative,0.7777777777777778
逐近弃远,-0.5555555555555556,negative,0.5555555555555556
逐逐眈眈,-0.7777777777777778,negative,0.7777777777777778
途穷日暮,-1.0,negative,1.0
通同作弊,-0.7777777777777778,negative,0.7777777777777778
通奸,-0.5555555555555556,negative,0.5555555555555556
通病,-0.5555555555555556,negative,0.5555555555555556
通缉,-0.5555555555555556,negative,0.5555555555555556
通风报讯,-0.7777777777777778,negative,0.7777777777777778
通风讨信,-0.7777777777777778,negative,0.7777777777777778
逛荡,-0.1111111111111111,negative,0.1111111111111111
逝者如斯,-0.5555555555555556,negative,0.5555555555555556
逞凶,-0.3333333333333333,negative,0.3333333333333333
逞性,-0.7777777777777778,negative,0.7777777777777778
逞性妄为,-0.7777777777777778,negative,0.7777777777777778
逞性子,-0.7777777777777778,negative,0.7777777777777778
逞能,-0.3333333333333333,negative,0.3333333333333333
造作,-0.3333333333333333,negative,0.3333333333333333
造作矫揉,-0.5555555555555556,negative,0.5555555555555556
造化小儿,-0.5555555555555556,negative,0.5555555555555556
造反,-0.7777777777777778,negative,0.7777777777777778
造孽,-0.5555555555555556,negative,0.5555555555555556
造恶不悛,-0.5555555555555556,negative,0.5555555555555556
造次,-0.5555555555555556,negative,0.5555555555555556
造言惑众,-0.5555555555555556,negative,0.5555555555555556
造言生事,-0.5555555555555556,negative,0.5555555555555556
造谣,-0.5555555555555556,negative,0.5555555555555556
造谣中伤,-1.0,negative,1.0
造谣惑众,-0.3333333333333333,negative,0.3333333333333333
造谣生事,-0.5555555555555556,negative,0.5555555555555556
造谤生事,-0.5555555555555556,negative,0.5555555555555556
逢迎,-0.3333333333333333,negative,0.3333333333333333
逼人太甚,-0.5555555555555556,negative,0.5555555555555556
逼供,-0.3333333333333333,negative,0.3333333333333333
逼勒,-0.5555555555555556,negative,0.5555555555555556
逼婚,-0.3333333333333333,negative,0.3333333333333333
逼良为娼,-0.5555555555555556,negative,0.5555555555555556
逼迫,-0.5555555555555556,negative,0.5555555555555556
逾分,-0.3333333333333333,negative,0.3333333333333333
逾墙窥蠙,-0.7777777777777778,negative,0.7777777777777778
逾墙钻穴,-0.7777777777777778,negative,0.7777777777777778
逾墙钻蠙,-0.7777777777777778,negative,0.7777777777777778
逾次超秩,-0.5555555555555556,negative,0.5555555555555556
逾淮之橘,-0.3333333333333333,negative,0.3333333333333333
逾闲荡检,-0.7777777777777778,negative,0.7777777777777778
遁天倍情,-0.5555555555555556,negative,0.5555555555555556
遁天妄行,-0.7777777777777778,negative,0.7777777777777778
遂迷不寤,-0.7777777777777778,negative,0.7777777777777778
遂迷忘反,-1.0,negative,1.0
遂非文过,-0.7777777777777778,negative,0.7777777777777778
遇事生端,-0.7777777777777778,negative,0.7777777777777778
遇事生风,-0.3333333333333333,negative,0.3333333333333333
遇人不淑,-0.3333333333333333,negative,0.3333333333333333
遇险,-0.5555555555555556,negative,0.5555555555555556
遇难,-0.5555555555555556,negative,0.5555555555555556
道东说西,-0.5555555555555556,negative,0.5555555555555556
道傍苦李,-0.5555555555555556,negative,0.5555555555555556
道听耳食,-0.5555555555555556,negative,0.5555555555555556
道大莫容,-0.5555555555555556,negative,0.5555555555555556
道学先生,-0.7777777777777778,negative,0.7777777777777778
道尽途穷,-0.7777777777777778,negative,0.7777777777777778
道微德薄,-0.5555555555555556,negative,0.5555555555555556
道德败坏,-1.0,negative,1.0
道旁苦李,-0.5555555555555556,negative,0.5555555555555556
道殣相属,-0.5555555555555556,negative,0.5555555555555556
道殣相望,-0.5555555555555556,negative,0.5555555555555556
道殣相枕,-0.5555555555555556,negative,0.5555555555555556
道西说东,-0.5555555555555556,negative,0.5555555555555556
道貌岸然,-0.7777777777777778,negative,0.7777777777777778
道路以目,-0.7777777777777778,negative,0.7777777777777778
道边苦李,-0.5555555555555556,negative,0.5555555555555556
遗弃,-0.5555555555555556,negative,0.5555555555555556
遗恨,-0.7777777777777778,negative,0.7777777777777778
遗毒,-0.7777777777777778,negative,0.7777777777777778
遗祸,-0.5555555555555556,negative,0.5555555555555556
遗老遗少,-0.5555555555555556,negative,0.5555555555555556
遗臭万年,-1.0,negative,1.0
遥遥无期,-0.5555555555555556,negative,0.5555555555555556
適居其反,-0.5555555555555556,negative,0.5555555555555556
適得其反,-0.5555555555555556,negative,0.5555555555555556
適情任欲,-0.5555555555555556,negative,0.5555555555555556
遭劫,-0.5555555555555556,negative,0.5555555555555556
遭受,-0.5555555555555556,negative,0.5555555555555556
遭灾,-0.5555555555555556,negative,0.5555555555555556
遭罪,-0.5555555555555556,negative,0.5555555555555556
遭遇,-0.5555555555555556,negative,0.5555555555555556
遭难,-0.5555555555555556,negative,0.5555555555555556
遮三瞒四,-0.3333333333333333,negative,0.3333333333333333
遮丑,-0.5555555555555556,negative,0.5555555555555556
遮人耳目,-0.5555555555555556,negative,0.5555555555555556
遮盖,-0.3333333333333333,negative,0.3333333333333333
避凉附炎,-0.5555555555555556,negative,0.5555555555555556
避实就虚,-0.1111111111111111,negative,0.1111111111111111
避忌,-0.7777777777777778,negative,0.7777777777777778
避而不谈,-0.7777777777777778,negative,0.7777777777777778
避讳,-0.7777777777777778,negative,0.7777777777777778
避重就轻,-0.3333333333333333,negative,0.3333333333333333
避难,-0.7777777777777778,negative,0.7777777777777778
邋遢,-0.7777777777777778,negative,0.7777777777777778
邋邋遢遢,-1.0,negative,1.0
邋里邋遢,-1.0,negative,1.0
邪僻,-0.7777777777777778,negative,0.7777777777777778
邪心,-0.7777777777777778,negative,0.7777777777777778
邪念,-0.7777777777777778,negative,0.7777777777777778
邪恶,-1.0,negative,1.0
邪曲,-0.5555555555555556,negative,0.5555555555555556
邪祟,-0.5555555555555556,negative,0.5555555555555556
邪行,-0.1111111111111111,negative,0.1111111111111111
邪财,-0.5555555555555556,negative,0.5555555555555556
邪路,-0.7777777777777778,negative,0.7777777777777778
邪道,-0.7777777777777778,negative,0.7777777777777778
邪门,-0.5555555555555556,negative,0.5555555555555556
邪门歪道,-0.7777777777777778,negative,0.7777777777777778
邪魔,-0.5555555555555556,negative,0.5555555555555556
邪魔外道,-0.5555555555555556,negative,0.5555555555555556
邪魔怪道,-0.7777777777777778,negative,0.7777777777777778
邪魔歪道,-0.7777777777777778,negative,0.7777777777777778
邯郸匍匐,-0.7777777777777778,negative,0.7777777777777778
邯郸学步,-0.5555555555555556,negative,0.5555555555555556
邹缨齐紫,-0.5555555555555556,negative,0.5555555555555556
郁怒,-0.5555555555555556,negative,0.5555555555555556
郁愤,-0.5555555555555556,negative,0.5555555555555556
郁气,-0.5555555555555556,negative,0.5555555555555556
郁热,-0.3333333333333333,negative,0.3333333333333333
郁然,-0.5555555555555556,negative,0.5555555555555556
郁结,-0.3333333333333333,negative,0.3333333333333333
郁郁,-0.3333333333333333,negative,0.3333333333333333
郁郁不得志,-0.7777777777777778,negative,0.7777777777777778
郁郁寡欢,-0.7777777777777778,negative,0.7777777777777778
郊寒岛瘦,-0.5555555555555556,negative,0.5555555555555556
郎当,-0.5555555555555556,negative,0.5555555555555556
郐下无讥,-0.3333333333333333,negative,0.3333333333333333
郑人买履,-0.3333333333333333,negative,0.3333333333333333
郑人争年,-0.7777777777777778,negative,0.7777777777777778
郢书燕说,-0.5555555555555556,negative,0.5555555555555556
部分质变,-0.5555555555555556,negative,0.5555555555555556
鄙俗,-0.5555555555555556,negative,0.5555555555555556
鄙俚,-0.7777777777777778,negative,0.7777777777777778
鄙俚浅陋,-0.5555555555555556,negative,0.5555555555555556
鄙吝,-0.7777777777777778,negative,0.7777777777777778
鄙吝复萌,-0.5555555555555556,negative,0.5555555555555556
鄙夷,-0.7777777777777778,negative,0.7777777777777778
鄙夷不屑,-0.5555555555555556,negative,0.5555555555555556
鄙弃,-0.5555555555555556,negative,0.5555555555555556
鄙薄,-0.7777777777777778,negative,0.7777777777777778
鄙视,-0.7777777777777778,negative,0.7777777777777778
鄙贱,-1.0,negative,1.0
鄙陋,-1.0,negative,1.0
配不上,-0.7777777777777778,negative,0.7777777777777778
酒后之勇,-0.5555555555555556,negative,0.5555555555555556
酒囊饭包,-0.7777777777777778,negative,0.7777777777777778
酒囊饭袋,-0.5555555555555556,negative,0.5555555555555556
酒地花天,-0.5555555555555556,negative,0.5555555555555556
酒池肉林,-1.0,negative,1.0
酒甕饭囊,-0.5555555555555556,negative,0.5555555555555556
酒病花愁,-0.5555555555555556,negative,0.5555555555555556
酒绿灯红,-0.5555555555555556,negative,0.5555555555555556
酒肉兄弟,-0.5555555555555556,negative,0.5555555555555556
酒肉朋友,-0.3333333333333333,negative,0.3333333333333333
酒色之徒,-0.5555555555555556,negative,0.5555555555555556
酒色财气,-0.5555555555555556,negative,0.5555555555555556
酒食征逐,-0.7777777777777778,negative,0.7777777777777778
酒食征逐　,-0.5555555555555556,negative,0.5555555555555556
酒食徵逐,-0.5555555555555556,negative,0.5555555555555556
酒鬼,-0.3333333333333333,negative,0.3333333333333333
酣歌恆舞,-0.5555555555555556,negative,0.5555555555555556
酣歌醉舞,-0.5555555555555556,negative,0.5555555555555556
酩酊大醉,-0.7777777777777778,negative,0.7777777777777778
酷刑,-1.0,negative,1.0
酷吏,-0.5555555555555556,negative,0.5555555555555556
酷烈,-0.7777777777777778,negative,0.7777777777777778
酷热,-0.3333333333333333,negative,0.3333333333333333
酷虐,-0.7777777777777778,negative,0.7777777777777778
酸不溜丢,-0.5555555555555556,negative,0.5555555555555556
酸刻,-1.0,negative,1.0
酸文假醋,-0.3333333333333333,negative,0.3333333333333333
酸涩,-1.0,negative,1.0
酸臭,-1.0,negative,1.0
醉死梦生,-0.7777777777777778,negative,0.7777777777777778
醉生梦死,-0.7777777777777778,negative,0.7777777777777778
醉舞狂歌,-0.7777777777777778,negative,0.7777777777777778
醉酒妇人,-0.3333333333333333,negative,0.3333333333333333
醋劲儿,-0.7777777777777778,negative,0.7777777777777778
醋坛子,-0.5555555555555556,negative,0.5555555555555556
醋心,-0.1111111111111111,negative,0.1111111111111111
醋意,-0.1111111111111111,negative,0.1111111111111111
醴酒不设,-0.3333333333333333,negative,0.3333333333333333
釁稔恶盈,-1.0,negative,1.0
释生取义,-0.5555555555555556,negative,0.5555555555555556
里通外国,-1.0,negative,1.0
重义轻生,-0.7777777777777778,negative,0.7777777777777778
重厚少文,-0.5555555555555556,negative,0.5555555555555556
重婚,-0.7777777777777778,negative,0.7777777777777778
重气轻命,-0.7777777777777778,negative,0.7777777777777778
重气轻生,-0.7777777777777778,negative,0.7777777777777778
重沓,-0.3333333333333333,negative,0.3333333333333333
重浊,-0.3333333333333333,negative,0.3333333333333333
重男轻女,-0.5555555555555556,negative,0.5555555555555556
重规叠矩,-0.3333333333333333,negative,0.3333333333333333
重财轻义,-0.7777777777777778,negative,0.7777777777777778
重赏之下，必有死夫,-0.5555555555555556,negative,0.5555555555555556
重足而立,-0.7777777777777778,negative,0.7777777777777778
重蹈覆辙,-0.5555555555555556,negative,0.5555555555555556
重逆无道,-0.7777777777777778,negative,0.7777777777777778
野人,-0.3333333333333333,negative,0.3333333333333333
野心勃勃,-0.7777777777777778,negative,0.7777777777777778
野性,-0.1111111111111111,negative,0.1111111111111111
野草闲花,-0.1111111111111111,negative,0.1111111111111111
野蛮,-0.5555555555555556,negative,0.5555555555555556
野调无腔,-0.5555555555555556,negative,0.5555555555555556
野马无缰,-0.3333333333333333,negative,0.3333333333333333
金口玉言,-0.3333333333333333,negative,0.3333333333333333
金尽裘敝,-0.5555555555555556,negative,0.5555555555555556
金屋藏娇,-0.3333333333333333,negative,0.3333333333333333
金本位制,-0.7777777777777778,negative,0.7777777777777778
金枷玉锁,-0.5555555555555556,negative,0.5555555555555556
金玉其外，败絮其中,-1.0,negative,1.0
金瓶落井,-0.5555555555555556,negative,0.5555555555555556
金貂换酒,-0.5555555555555556,negative,0.5555555555555556
金迷纸醉,-1.0,negative,1.0
金钗换酒,-0.5555555555555556,negative,0.5555555555555556
釜中生鱼,-0.1111111111111111,negative,0.1111111111111111
鉴貌辨色,-0.3333333333333333,negative,0.3333333333333333
钓名欺世,-0.5555555555555556,negative,0.5555555555555556
钓名沽誉,-0.5555555555555556,negative,0.5555555555555556
钓名要誉,-0.5555555555555556,negative,0.5555555555555556
钓誉沽名,-0.5555555555555556,negative,0.5555555555555556
钝口拙腮,-0.5555555555555556,negative,0.5555555555555556
钟鸣鼎食,-0.7777777777777778,negative,0.7777777777777778
钩心斗角,-0.3333333333333333,negative,0.3333333333333333
钩深图远,-0.7777777777777778,negative,0.7777777777777778
钩爪锯牙,-1.0,negative,1.0
钩章棘句,-0.3333333333333333,negative,0.3333333333333333
钱可通神,-1.0,negative,1.0
钻冰取火,-0.5555555555555556,negative,0.5555555555555556
钻冰求火,-0.5555555555555556,negative,0.5555555555555556
钻天打洞,-0.7777777777777778,negative,0.7777777777777778
钻天觅缝,-0.7777777777777778,negative,0.7777777777777778
钻心,-0.7777777777777778,negative,0.7777777777777778
钻懒帮閒,-0.5555555555555556,negative,0.5555555555555556
钻故纸堆,-0.3333333333333333,negative,0.3333333333333333
钻牛角尖,-0.8888888888888888,negative,0.8888888888888888
钻牛角尖儿,-0.7777777777777778,negative,0.7777777777777778
钻皮出羽,-0.7777777777777778,negative,0.7777777777777778
钻穴逾垣,-0.5555555555555556,negative,0.5555555555555556
钻穴逾墙,-0.5555555555555556,negative,0.5555555555555556
钻穴逾隙,-0.5555555555555556,negative,0.5555555555555556
钻营,-0.7777777777777778,negative,0.7777777777777778
钻隙逾墙,-0.5555555555555556,negative,0.5555555555555556
铁公鸡,-0.5555555555555556,negative,0.5555555555555556
铁公鸡一毛不拔,-1.0,negative,1.0
铁幕,-0.5555555555555556,negative,0.5555555555555556
铁心木肠,-0.7777777777777778,negative,0.7777777777777778
铁石心肠,-1.0,negative,1.0
铁腕,-0.5555555555555556,negative,0.5555555555555556
铁血政策,-0.3333333333333333,negative,0.3333333333333333
铁蹄,-0.7777777777777778,negative,0.7777777777777778
铜臭,-0.5555555555555556,negative,0.5555555555555556
铜臭满身,-0.5555555555555556,negative,0.5555555555555556
铜驼草莽,-0.7777777777777778,negative,0.7777777777777778
铢施两较,-0.7777777777777778,negative,0.7777777777777778
铩羽,-0.5555555555555556,negative,0.5555555555555556
银样蜡枪头,-0.5555555555555556,negative,0.5555555555555556
银样镴枪头,-0.5555555555555556,negative,0.5555555555555556
铸木镂冰,-0.5555555555555556,negative,0.5555555555555556
铺张,-0.5555555555555556,negative,0.5555555555555556
铺张扬厉,-0.7777777777777778,negative,0.7777777777777778
铺张浪费,-0.7777777777777778,negative,0.7777777777777778
销神流志,-0.7777777777777778,negative,0.7777777777777778
销魂夺魄,-1.0,negative,1.0
锁链,-0.5555555555555556,negative,0.5555555555555556
锋芒不露,-0.5555555555555556,negative,0.5555555555555556
锋芒必露,-0.5555555555555556,negative,0.5555555555555556
锋芒毕露,-0.1111111111111111,negative,0.1111111111111111
锋芒逼人,-0.7777777777777778,negative,0.7777777777777778
错乱,-0.7777777777777778,negative,0.7777777777777778
错会,-0.3333333333333333,negative,0.3333333333333333
错别字,-0.3333333333333333,negative,0.3333333333333333
错处,-0.3333333333333333,negative,0.3333333333333333
错愕,-0.7777777777777778,negative,0.7777777777777778
错杂,-0.5555555555555556,negative,0.5555555555555556
错漏,-0.3333333333333333,negative,0.3333333333333333
错认颜标,-0.5555555555555556,negative,0.5555555555555556
错讹,-0.3333333333333333,negative,0.3333333333333333
错误百出,-0.5555555555555556,negative,0.5555555555555556
锦衣玉食,-0.5555555555555556,negative,0.5555555555555556
锯牙钩爪,-1.0,negative,1.0
锱铢必较,-0.7777777777777778,negative,0.7777777777777778
锱铢较量,-0.7777777777777778,negative,0.7777777777777778
锵金鸣玉,-0.5555555555555556,negative,0.5555555555555556
镂冰炊砾,-0.7777777777777778,negative,0.7777777777777778
镂冰雕朽,-0.7777777777777778,negative,0.7777777777777778
镂脂翦楮,-0.7777777777777778,negative,0.7777777777777778
镌空妄实,-0.5555555555555556,negative,0.5555555555555556
镜分鸾凤,-0.5555555555555556,negative,0.5555555555555556
镜花水月,-0.5555555555555556,negative,0.5555555555555556
镜里观花,-0.5555555555555556,negative,0.5555555555555556
镜里采花,-0.5555555555555556,negative,0.5555555555555556
长他人志气，灭自己威风,-0.3333333333333333,negative,0.3333333333333333
长叹,-0.7777777777777778,negative,0.7777777777777778
长夜难明,-0.7777777777777778,negative,0.7777777777777778
长安少年,-0.5555555555555556,negative,0.5555555555555556
长安居大不易,-0.5555555555555556,negative,0.5555555555555556
长恶不悛,-0.7777777777777778,negative,0.7777777777777778
长恶靡悛,-0.5555555555555556,negative,0.5555555555555556
长材小试,-0.5555555555555556,negative,0.5555555555555556
长篇累牍,-0.5555555555555556,negative,0.5555555555555556
长舌妇,-0.5555555555555556,negative,0.5555555555555556
长蛇封豕,-0.5555555555555556,negative,0.5555555555555556
长袖善舞,-0.7777777777777778,negative,0.7777777777777778
门单户薄,-0.7777777777777778,negative,0.7777777777777778
门可张罗,-0.7777777777777778,negative,0.7777777777777778
门堪罗雀,-0.7777777777777778,negative,0.7777777777777778
门外汉,-0.3333333333333333,negative,0.3333333333333333
门户之见,-0.3333333333333333,negative,0.3333333333333333
门殚户尽,-1.0,negative,1.0
门衰祚薄,-0.7777777777777778,negative,0.7777777777777778
闪烁其辞,-0.3333333333333333,negative,0.3333333333333333
闭关自守,-0.5555555555555556,negative,0.5555555555555556
闭关锁国,-0.7777777777777778,negative,0.7777777777777778
闭塞,-0.3333333333333333,negative,0.3333333333333333
闭气,-0.5555555555555556,negative,0.5555555555555556
闭目塞听,-0.5555555555555556,negative,0.5555555555555556
闭眼睛捉麻雀,-0.3333333333333333,negative,0.3333333333333333
闭门羹,-0.5555555555555556,negative,0.5555555555555556
闭门造车,-0.5555555555555556,negative,0.5555555555555556
问官答花,-0.7777777777777778,negative,0.7777777777777778
问心有愧,-0.5555555555555556,negative,0.5555555555555556
问柳寻花,-0.7777777777777778,negative,0.7777777777777778
问柳评花,-0.7777777777777778,negative,0.7777777777777778
问舍求田,-0.7777777777777778,negative,0.7777777777777778
问诸水滨,-0.7777777777777778,negative,0.7777777777777778
问道于盲,-0.7777777777777778,negative,0.7777777777777778
问道於盲,-0.7777777777777778,negative,0.7777777777777778
问长问短,-0.3333333333333333,negative,0.3333333333333333
问鼎,-0.5555555555555556,negative,0.5555555555555556
闯祸,-0.5555555555555556,negative,0.5555555555555556
闲散,-0.1111111111111111,negative,0.1111111111111111
闲磕牙,-0.6666666666666666,negative,0.6666666666666666
闲神野鬼,-0.3333333333333333,negative,0.3333333333333333
闲花埜草,-0.5555555555555556,negative,0.5555555555555556
闲花野草,-0.5555555555555556,negative,0.5555555555555556
闲言冷语,-0.5555555555555556,negative,0.5555555555555556
闲言淡语,-0.5555555555555556,negative,0.5555555555555556
闲言碎语,-0.1111111111111111,negative,0.1111111111111111
闲话,-0.1111111111111111,negative,0.1111111111111111
闳侈不经,-0.5555555555555556,negative,0.5555555555555556
闷倦,-0.5555555555555556,negative,0.5555555555555556
闷棍,-0.1111111111111111,negative,0.1111111111111111
闷热,-0.3333333333333333,negative,0.3333333333333333
闷葫芦,-0.1111111111111111,negative,0.1111111111111111
闷闷不乐,-0.5555555555555556,negative,0.5555555555555556
闷雷,-0.5555555555555556,negative,0.5555555555555556
闹事,-0.5555555555555556,negative,0.5555555555555556
闹别扭,-0.5555555555555556,negative,0.5555555555555556
闹剧,-0.3333333333333333,negative,0.3333333333333333
闹哄,-0.5555555555555556,negative,0.5555555555555556
闹哄哄,-0.7777777777777778,negative,0.7777777777777778
闹嚷嚷,-0.5555555555555556,negative,0.5555555555555556
闹得慌,-0.7777777777777778,negative,0.7777777777777778
闹意见,-0.5555555555555556,negative,0.5555555555555556
闹架,-0.3333333333333333,negative,0.3333333333333333
闹灾,-0.5555555555555556,negative,0.5555555555555556
闹玄虚,-0.5555555555555556,negative,0.5555555555555556
闹笑话,-0.1111111111111111,negative,0.1111111111111111
闹腾,-0.3333333333333333,negative,0.3333333333333333
闹闹哄哄,-0.7777777777777778,negative,0.7777777777777778
闹闹嚷嚷,-0.7777777777777778,negative,0.7777777777777778
闹鬼,-0.3333333333333333,negative,0.3333333333333333
闻噎废食,-0.7777777777777778,negative,0.7777777777777778
闻雷失箸,-0.8888888888888888,negative,0.8888888888888888
闻风破胆,-1.0,negative,1.0
闻风而逃,-0.5555555555555556,negative,0.5555555555555556
闻风远扬,-0.3333333333333333,negative,0.3333333333333333
闻风远遁,-1.0,negative,1.0
阉割,-0.7777777777777778,negative,0.7777777777777778
阎王,-0.7777777777777778,negative,0.7777777777777778
阔气,-0.1111111111111111,negative,0.1111111111111111
阮囊羞涩,-0.3333333333333333,negative,0.3333333333333333
阳奉阴违,-0.5555555555555556,negative,0.5555555555555556
阳解阴毒,-0.7777777777777778,negative,0.7777777777777778
阴云,-0.5555555555555556,negative,0.5555555555555556
阴冷,-0.3333333333333333,negative,0.3333333333333333
阴凄,-1.0,negative,1.0
阴凝冰坚,-0.5555555555555556,negative,0.5555555555555556
阴影,-0.5555555555555556,negative,0.5555555555555556
阴恶,-1.0,negative,1.0
阴损,-0.5555555555555556,negative,0.5555555555555556
阴晦,-0.5555555555555556,negative,0.5555555555555556
阴森,-0.3333333333333333,negative,0.3333333333333333
阴森森,-1.0,negative,1.0
阴毒,-1.0,negative,1.0
阴沉沉,-1.0,negative,1.0
阴湿,-0.3333333333333333,negative,0.3333333333333333
阴狠,-0.7777777777777778,negative,0.7777777777777778
阴私,-0.5555555555555556,negative,0.5555555555555556
阴谋,-0.5555555555555556,negative,0.5555555555555556
阴谋不轨,-1.0,negative,1.0
阴谋诡计,-0.7777777777777778,negative,0.7777777777777778
阴贼,-0.7777777777777778,negative,0.7777777777777778
阴阳怪气,-1.0,negative,1.0
阴险,-1.0,negative,1.0
阴险毒辣,-1.0,negative,1.0
阴霾,-0.7777777777777778,negative,0.7777777777777778
阴魂不散,-0.7777777777777778,negative,0.7777777777777778
阴鸷,-0.7777777777777778,negative,0.7777777777777778
阴黑,-0.3333333333333333,negative,0.3333333333333333
阶段分化,-0.5555555555555556,negative,0.5555555555555556
阶级异己分子,-0.7777777777777778,negative,0.7777777777777778
阻力,-0.3333333333333333,negative,0.3333333333333333
阻塞,-0.5555555555555556,negative,0.5555555555555556
阻挠,-0.5555555555555556,negative,0.5555555555555556
阻梗,-0.3333333333333333,negative,0.3333333333333333
阻绝,-0.3333333333333333,negative,0.3333333333333333
阻遏,-0.5555555555555556,negative,0.5555555555555556
阻隔,-0.3333333333333333,negative,0.3333333333333333
阿Q,-0.3333333333333333,negative,0.3333333333333333
阿世取容,-0.3333333333333333,negative,0.3333333333333333
阿世媚俗,-0.5555555555555556,negative,0.5555555555555556
阿党比周,-0.5555555555555556,negative,0.5555555555555556
阿其所好,-0.5555555555555556,negative,0.5555555555555556
阿尊事贵,-0.5555555555555556,negative,0.5555555555555556
阿意取容,-0.3333333333333333,negative,0.3333333333333333
阿斗,-0.7777777777777778,negative,0.7777777777777778
阿时趋俗,-0.3333333333333333,negative,0.3333333333333333
阿权膴仕,-0.7777777777777778,negative,0.7777777777777778
阿谀,-0.7777777777777778,negative,0.7777777777777778
阿谀取容,-0.5555555555555556,negative,0.5555555555555556
阿谀奉承,-0.5555555555555556,negative,0.5555555555555556
阿谀谄媚,-0.5555555555555556,negative,0.5555555555555556
阿谀逢迎,-0.5555555555555556,negative,0.5555555555555556
阿谀顺旨,-0.5555555555555556,negative,0.5555555555555556
阿附,-0.7777777777777778,negative,0.7777777777777778
阿飞,-0.3333333333333333,negative,0.3333333333333333
附会,-0.5555555555555556,negative,0.5555555555555556
附会穿凿,-0.5555555555555556,negative,0.5555555555555556
附凤攀龙,-0.7777777777777778,negative,0.7777777777777778
附势趋炎,-0.5555555555555556,negative,0.5555555555555556
附声吠影,-0.7777777777777778,negative,0.7777777777777778
附庸,-0.3333333333333333,negative,0.3333333333333333
附庸风雅,-0.5555555555555556,negative,0.5555555555555556
附影附声,-0.7777777777777778,negative,0.7777777777777778
附炎趋热,-0.5555555555555556,negative,0.5555555555555556
附翼攀鳞,-0.7777777777777778,negative,0.7777777777777778
附肤落毛,-0.7777777777777778,negative,0.7777777777777778
附膻逐腥,-0.3333333333333333,negative,0.3333333333333333
附赘县疣,-0.7777777777777778,negative,0.7777777777777778
附赘悬疣,-0.5555555555555556,negative,0.5555555555555556
附赘悬肬,-0.7777777777777778,negative,0.7777777777777778
附逆,-0.7777777777777778,negative,0.7777777777777778
附骥,-0.5555555555555556,negative,0.5555555555555556
附骥名彰,-0.5555555555555556,negative,0.5555555555555556
附骥尾,-0.5555555555555556,negative,0.5555555555555556
附骥攀鳞,-0.7777777777777778,negative,0.7777777777777778
附骥攀鸿,-0.5555555555555556,negative,0.5555555555555556
陈套,-0.3333333333333333,negative,0.3333333333333333
陈腐,-0.7777777777777778,negative,0.7777777777777778
陈腐不堪,-0.7777777777777778,negative,0.7777777777777778
陈规,-0.5555555555555556,negative,0.5555555555555556
陈规陋习,-0.5555555555555556,negative,0.5555555555555556
陈规陋习　,-0.5555555555555556,negative,0.5555555555555556
陈词滥调,-0.5555555555555556,negative,0.5555555555555556
陈陈相因,-0.7777777777777778,negative,0.7777777777777778
陋习,-1.0,negative,1.0
陋巷箪瓢,-0.3333333333333333,negative,0.3333333333333333
陋规,-0.3333333333333333,negative,0.3333333333333333
降心相从,-0.3333333333333333,negative,0.3333333333333333
降心顺俗,-0.5555555555555556,negative,0.5555555555555556
降志辱身,-0.5555555555555556,negative,0.5555555555555556
降本流末,-0.5555555555555556,negative,0.5555555555555556
降格以求,-0.3333333333333333,negative,0.3333333333333333
降贵纡尊,-0.1111111111111111,negative,0.1111111111111111
陨灭,-0.5555555555555556,negative,0.5555555555555556
陨获,-0.7777777777777778,negative,0.7777777777777778
险僻,-0.5555555555555556,negative,0.5555555555555556
险兆,-0.5555555555555556,negative,0.5555555555555556
险厄,-0.3333333333333333,negative,0.3333333333333333
险峭,-0.1111111111111111,negative,0.1111111111111111
险恶,-0.6666666666666667,negative,0.6666666666666667
险毒,-0.1111111111111111,negative,0.1111111111111111
险症,-0.5555555555555556,negative,0.5555555555555556
险诈,-0.7777777777777778,negative,0.7777777777777778
险象,-0.5555555555555556,negative,0.5555555555555556
险象环生,-0.7777777777777778,negative,0.7777777777777778
险阻,-0.5555555555555556,negative,0.5555555555555556
险阻艰难,-0.1111111111111111,negative,0.1111111111111111
陪了夫人又折兵,-0.7777777777777778,negative,0.7777777777777778
陪绑,-0.6666666666666666,negative,0.6666666666666666
陪衬,-0.3333333333333333,negative,0.3333333333333333
陵弱暴寡,-0.7777777777777778,negative,0.7777777777777778
陶犬瓦鸡,-0.7777777777777778,negative,0.7777777777777778
陶陶兀兀,-0.5555555555555556,negative,0.5555555555555556
陷身,-0.5555555555555556,negative,0.5555555555555556
陷身囹圄,-0.7777777777777778,negative,0.7777777777777778
陷阱,-0.5555555555555556,negative,0.5555555555555556
隋珠弹雀,-0.7777777777777778,negative,0.7777777777777778
随世沈浮,-0.7777777777777778,negative,0.7777777777777778
随人作计,-0.5555555555555556,negative,0.5555555555555556
随便,-0.5555555555555556,negative,0.5555555555555556
随俗沈浮,-0.7777777777777778,negative,0.7777777777777778
随俗沉浮,-0.3333333333333333,negative,0.3333333333333333
随俗浮沈,-0.7777777777777778,negative,0.7777777777777778
随声吠影,-0.7777777777777778,negative,0.7777777777777778
随声是非,-0.3333333333333333,negative,0.3333333333333333
随声趋和,-0.7777777777777778,negative,0.7777777777777778
随声附和,-0.3333333333333333,negative,0.3333333333333333
随心所欲,-0.3333333333333333,negative,0.3333333333333333
随方逐圆,-0.5555555555555556,negative,0.5555555555555556
随波逐尘,-0.7777777777777778,negative,0.7777777777777778
随波逐流,-0.5555555555555556,negative,0.5555555555555556
随波逐浪,-0.7777777777777778,negative,0.7777777777777778
随珠弹雀,-0.7777777777777778,negative,0.7777777777777778
随近逐便,-0.1111111111111111,negative,0.1111111111111111
随风使舵,-1.0,negative,1.0
随风倒,-0.5555555555555556,negative,0.5555555555555556
随风倒舵,-0.5555555555555556,negative,0.5555555555555556
随风转舵,-1.0,negative,1.0
随风逐浪,-0.7777777777777778,negative,0.7777777777777778
隐晦曲折,-0.3333333333333333,negative,0.3333333333333333
隐瞒,-0.5555555555555556,negative,0.5555555555555556
隐约其辞,-0.3333333333333333,negative,0.3333333333333333
隐讳,-0.5555555555555556,negative,0.5555555555555556
隔墙有耳,-0.3333333333333333,negative,0.3333333333333333
隔壁撺椽,-0.5555555555555556,negative,0.5555555555555556
隔屋撺椽,-0.5555555555555556,negative,0.5555555555555556
隔岸观火,-0.7777777777777778,negative,0.7777777777777778
隔皮断货,-0.7777777777777778,negative,0.7777777777777778
隔靴抓痒,-0.5555555555555556,negative,0.5555555555555556
隔靴搔痒,-0.5555555555555556,negative,0.5555555555555556
隔靴爬痒,-0.5555555555555556,negative,0.5555555555555556
障人眼目,-0.3333333333333333,negative,0.3333333333333333
难上难,-0.5555555555555556,negative,0.5555555555555556
难人,-0.7777777777777778,negative,0.7777777777777778
难以沟通,-0.5555555555555556,negative,0.5555555555555556
难吃,-0.5555555555555556,negative,0.5555555555555556
难相处,-0.3333333333333333,negative,0.3333333333333333
难看,-0.5555555555555556,negative,0.5555555555555556
难说话,-0.3333333333333333,negative,0.3333333333333333
难闻,-0.5555555555555556,negative,0.5555555555555556
难驯服,-0.3333333333333333,negative,0.3333333333333333
雀目鼠步,-1.0,negative,1.0
雁影分飞,-0.7777777777777778,negative,0.7777777777777778
雁过拔毛,-0.7777777777777778,negative,0.7777777777777778
雄心豹胆,-0.5555555555555556,negative,0.5555555555555556
集矢之的,-0.7777777777777778,negative,0.7777777777777778
雉伏鼠窜,-0.7777777777777778,negative,0.7777777777777778
雉头狐腋,-0.5555555555555556,negative,0.5555555555555556
雌老虎,-0.5555555555555556,negative,0.5555555555555556
雕心雁爪,-0.7777777777777778,negative,0.7777777777777778
雕心鹰爪,-0.7777777777777778,negative,0.7777777777777778
雕虫刻篆,-0.5555555555555556,negative,0.5555555555555556
雕虫小事,-0.5555555555555556,negative,0.5555555555555556
雕虫小巧,-0.5555555555555556,negative,0.5555555555555556
雕虫小技,-0.5555555555555556,negative,0.5555555555555556
雕虫小艺,-0.5555555555555556,negative,0.5555555555555556
雕虫末伎,-0.5555555555555556,negative,0.5555555555555556
雕虫末技,-0.5555555555555556,negative,0.5555555555555556
雕虫篆刻,-0.5555555555555556,negative,0.5555555555555556
雕虫薄技,-0.5555555555555556,negative,0.5555555555555556
雕镂藻绘,-0.5555555555555556,negative,0.5555555555555556
雨后送伞,-1.0,negative,1.0
雨淋日炙,-0.5555555555555556,negative,0.5555555555555556
雨霾风障,-0.7777777777777778,negative,0.7777777777777778
雪上加霜,-1.0,negative,1.0
雪窖冰天,-0.7777777777777778,negative,0.7777777777777778
雪虐风饕,-1.0,negative,1.0
零丁孤苦,-1.0,negative,1.0
零七八碎,-0.5555555555555556,negative,0.5555555555555556
零乱,-0.5555555555555556,negative,0.5555555555555556
零敲碎打,-0.3333333333333333,negative,0.3333333333333333
零落,-0.7777777777777778,negative,0.7777777777777778
零零散散,-0.1111111111111111,negative,0.1111111111111111
零零碎碎,-0.1111111111111111,negative,0.1111111111111111
雷声大雨点小,-0.1111111111111111,negative,0.1111111111111111
雷害,-0.5555555555555556,negative,0.5555555555555556
雾鳞云爪,-0.5555555555555556,negative,0.5555555555555556
霜凋夏绿,-0.5555555555555556,negative,0.5555555555555556
霜露之悲,-0.5555555555555556,negative,0.5555555555555556
霜露之感,-0.5555555555555556,negative,0.5555555555555556
露丑,-0.5555555555555556,negative,0.5555555555555556
露宿风餐,-0.5555555555555556,negative,0.5555555555555556
露影藏形,-0.5555555555555556,negative,0.5555555555555556
露怯,-0.3333333333333333,negative,0.3333333333333333
露餐风宿,-0.5555555555555556,negative,0.5555555555555556
露马脚,-0.1111111111111111,negative,0.1111111111111111
露骨,-0.3333333333333333,negative,0.3333333333333333
霸主,-0.5555555555555556,negative,0.5555555555555556
霸占,-0.5555555555555556,negative,0.5555555555555556
霸持,-0.3333333333333333,negative,0.3333333333333333
霸气,-0.3333333333333333,negative,0.3333333333333333
霸王别姬,-0.5555555555555556,negative,0.5555555555555556
霸王风月,-0.7777777777777778,negative,0.7777777777777778
霸道,-0.5555555555555556,negative,0.5555555555555556
霸道横行,-0.5555555555555556,negative,0.5555555555555556
青楼,-0.7777777777777778,negative,0.7777777777777778
青皮,-0.5555555555555556,negative,0.5555555555555556
青蝇吊客,-0.5555555555555556,negative,0.5555555555555556
青蝇染白,-0.5555555555555556,negative,0.5555555555555556
青蝇点璧,-0.5555555555555556,negative,0.5555555555555556
青蝇点素,-0.7777777777777778,negative,0.7777777777777778
青面獠牙,-0.7777777777777778,negative,0.7777777777777778
靖言庸回,-0.5555555555555556,negative,0.5555555555555556
靖言庸违,-0.5555555555555556,negative,0.5555555555555556
静言令色,-0.5555555555555556,negative,0.5555555555555556
静言庸违,-0.5555555555555556,negative,0.5555555555555556
非人,-1.0,negative,1.0
非分,-0.5555555555555556,negative,0.5555555555555556
非分之想,-0.3333333333333333,negative,0.3333333333333333
非刑,-0.7777777777777778,negative,0.7777777777777778
非意相干,-0.5555555555555556,negative,0.5555555555555556
非我族类，其心必异,-0.7777777777777778,negative,0.7777777777777778
非法,-0.3333333333333333,negative,0.3333333333333333
非礼,-0.5555555555555556,negative,0.5555555555555556
非笑,-0.5555555555555556,negative,0.5555555555555556
非议,-0.5555555555555556,negative,0.5555555555555556
非难,-0.5555555555555556,negative,0.5555555555555556
非驴非马,-0.5555555555555556,negative,0.5555555555555556
靠不住,-0.4444444444444444,negative,0.4444444444444444
靡不有初，鲜克有终,-0.3333333333333333,negative,0.3333333333333333
靡有孑遗,-0.1111111111111111,negative,0.1111111111111111
靡然顺风,-0.3333333333333333,negative,0.3333333333333333
靡衣偷食,-0.7777777777777778,negative,0.7777777777777778
靡衣媮食,-0.7777777777777778,negative,0.7777777777777778
靡费,-0.3333333333333333,negative,0.3333333333333333
靡靡,-0.3333333333333333,negative,0.3333333333333333
靡靡之乐,-0.3333333333333333,negative,0.3333333333333333
靡靡之声,-0.3333333333333333,negative,0.3333333333333333
靡靡之音,-0.3333333333333333,negative,0.3333333333333333
面从腹诽,-0.5555555555555556,negative,0.5555555555555556
面墙而立,-0.5555555555555556,negative,0.5555555555555556
面如死灰,-1.0,negative,1.0
面是心非,-0.5555555555555556,negative,0.5555555555555556
面是背非,-0.5555555555555556,negative,0.5555555555555556
面有难色,-1.0,negative,1.0
面目全非,-0.7777777777777778,negative,0.7777777777777778
面目可憎,-0.7777777777777778,negative,0.7777777777777778
面目狰狞,-1.0,negative,1.0
面誉背毁,-0.5555555555555556,negative,0.5555555555555556
面誉背非,-0.5555555555555556,negative,0.5555555555555556
面谀背毁,-0.5555555555555556,negative,0.5555555555555556
面谩腹诽,-0.5555555555555556,negative,0.5555555555555556
面面厮觑,-0.4444444444444444,negative,0.4444444444444444
面面相看,-0.4444444444444444,negative,0.4444444444444444
面面相睹,-0.4444444444444444,negative,0.4444444444444444
面面相窥,-0.4444444444444444,negative,0.4444444444444444
靦颜事仇,-0.5555555555555556,negative,0.5555555555555556
靦颜人世,-0.7777777777777778,negative,0.7777777777777778
鞅鞅不乐,-0.7777777777777778,negative,0.7777777777777778
鞠为茂草,-0.3333333333333333,negative,0.3333333333333333
鞭挞,-0.7777777777777778,negative,0.7777777777777778
鞭笞,-0.5555555555555556,negative,0.5555555555555556
韩卢逐块,-0.5555555555555556,negative,0.5555555555555556
韩卢逐逡,-0.7777777777777778,negative,0.7777777777777778
韩寿偷香,-0.7777777777777778,negative,0.7777777777777778
韩寿分香,-0.5555555555555556,negative,0.5555555555555556
韬晦之计,-0.3333333333333333,negative,0.3333333333333333
顶嘴,-0.3333333333333333,negative,0.3333333333333333
项庄舞剑，意在沛公,-0.5555555555555556,negative,0.5555555555555556
项背相望,-0.5555555555555556,negative,0.5555555555555556
顺口,-0.3333333333333333,negative,0.3333333333333333
顺口开河,-0.5555555555555556,negative,0.5555555555555556
顺我者昌，逆我者亡,-0.5555555555555556,negative,0.5555555555555556
顺我者生，逆我者死,-0.5555555555555556,negative,0.5555555555555556
顺手牵羊,-0.3333333333333333,negative,0.3333333333333333
顺水人情,-0.1111111111111111,negative,0.1111111111111111
顺风使帆,-0.5555555555555556,negative,0.5555555555555556
顺风使舵,-0.5555555555555556,negative,0.5555555555555556
顺风转舵,-0.5555555555555556,negative,0.5555555555555556
顽劣,-0.5555555555555556,negative,0.5555555555555556
顽固,-0.3333333333333333,negative,0.3333333333333333
顽固不化,-0.7777777777777778,negative,0.7777777777777778
顽固派,-0.5555555555555556,negative,0.5555555555555556
顽抗,-0.3333333333333333,negative,0.3333333333333333
顽敌,-0.5555555555555556,negative,0.5555555555555556
顽梗,-0.5555555555555556,negative,0.5555555555555556
顽梗不化,-0.7777777777777778,negative,0.7777777777777778
顽父嚚母,-0.7777777777777778,negative,0.7777777777777778
顽皮贼骨,-0.7777777777777778,negative,0.7777777777777778
顽皮赖肉,-0.7777777777777778,negative,0.7777777777777778
顽皮赖骨,-0.7777777777777778,negative,0.7777777777777778
顽钝,-0.5555555555555556,negative,0.5555555555555556
顾前不顾后,-0.3333333333333333,negative,0.3333333333333333
顾后瞻前,-0.5555555555555556,negative,0.5555555555555556
顾头不顾尾,-0.5555555555555556,negative,0.5555555555555556
顾小失大,-0.5555555555555556,negative,0.5555555555555556
顾左右而言他,-0.5555555555555556,negative,0.5555555555555556
顾影弄姿,-0.5555555555555556,negative,0.5555555555555556
顾影自怜,-0.7777777777777778,negative,0.7777777777777778
顾忌,-0.5555555555555556,negative,0.5555555555555556
顾景惭形,-0.5555555555555556,negative,0.5555555555555556
顾此失彼,-0.3333333333333333,negative,0.3333333333333333
顾犬补牢,-0.5555555555555556,negative,0.5555555555555556
顾盼自豪,-0.5555555555555556,negative,0.5555555555555556
顾盼自雄,-0.7777777777777778,negative,0.7777777777777778
顾而言他,-0.5555555555555556,negative,0.5555555555555556
顾虑重重,-0.5555555555555556,negative,0.5555555555555556
顿足捶胸,-1.0,negative,1.0
预谋,-0.1111111111111111,negative,0.1111111111111111
颇有微词,-0.5555555555555556,negative,0.5555555555555556
颐指气使,-0.5555555555555556,negative,0.5555555555555556
频仍,-0.3333333333333333,negative,0.3333333333333333
颓丧,-0.1111111111111111,negative,0.1111111111111111
颓势,-0.3333333333333333,negative,0.3333333333333333
颓唐,-0.5555555555555556,negative,0.5555555555555556
颓垣废井,-1.0,negative,1.0
颓垣废址,-0.5555555555555556,negative,0.5555555555555556
颓垣断堑,-1.0,negative,1.0
颓垣败井,-1.0,negative,1.0
颓垣败壁,-0.7777777777777778,negative,0.7777777777777778
颓废主义,-0.7777777777777778,negative,0.7777777777777778
颓放,-0.5555555555555556,negative,0.5555555555555556
颓败,-0.5555555555555556,negative,0.5555555555555556
颓靡,-0.3333333333333333,negative,0.3333333333333333
颓风,-0.5555555555555556,negative,0.5555555555555556
题名道姓,-0.5555555555555556,negative,0.5555555555555556
颠三倒四,-0.1111111111111111,negative,0.1111111111111111
颠倒是非,-0.7777777777777778,negative,0.7777777777777778
颠倒黑白,-0.7777777777777778,negative,0.7777777777777778
颠来倒去,-0.3333333333333333,negative,0.3333333333333333
颠沛,-0.3333333333333333,negative,0.3333333333333333
颠沛流离,-0.3333333333333333,negative,0.3333333333333333
颠覆,-0.3333333333333333,negative,0.3333333333333333
风流罪过,-0.5555555555555556,negative,0.5555555555555556
风花雪月,-0.5555555555555556,negative,0.5555555555555556
风言影语,-0.3333333333333333,negative,0.3333333333333333
风言醋语,-0.5555555555555556,negative,0.5555555555555556
风言风语,-0.3333333333333333,negative,0.3333333333333333
风车云马,-0.5555555555555556,negative,0.5555555555555556
风雨如磐,-0.5555555555555556,negative,0.5555555555555556
风雨晦暝,-0.5555555555555556,negative,0.5555555555555556
风餐露宿,-0.5555555555555556,negative,0.5555555555555556
风鬟雨鬓,-0.5555555555555556,negative,0.5555555555555556
飘樊落溷,-0.3333333333333333,negative,0.3333333333333333
飘瓦虚舟,-0.5555555555555556,negative,0.5555555555555556
飘籓坠溷,-0.3333333333333333,negative,0.3333333333333333
飘茵堕溷,-0.3333333333333333,negative,0.3333333333333333
飘茵落溷,-0.3333333333333333,negative,0.3333333333333333
飘零,-0.3333333333333333,negative,0.3333333333333333
飞扬跋扈,-0.3333333333333333,negative,0.3333333333333333
飞来横祸,-0.3333333333333333,negative,0.3333333333333333
飞殃走祸,-0.5555555555555556,negative,0.5555555555555556
飞流短长,-0.5555555555555556,negative,0.5555555555555556
飞灾横祸,-0.5555555555555556,negative,0.5555555555555556
飞短流长,-0.5555555555555556,negative,0.5555555555555556
飞蛾赴火,-0.3333333333333333,negative,0.3333333333333333
飞言醋语,-0.3333333333333333,negative,0.3333333333333333
飞语,-0.5555555555555556,negative,0.5555555555555556
飞谋荐谤,-0.7777777777777778,negative,0.7777777777777778
飞谋钓谤,-0.5555555555555556,negative,0.5555555555555556
飞贼,-0.3333333333333333,negative,0.3333333333333333
食不充口,-0.5555555555555556,negative,0.5555555555555556
食不充肠,-0.5555555555555556,negative,0.5555555555555556
食不充饥,-0.5555555555555556,negative,0.5555555555555556
食不厌精，脍不厌细,-1.0,negative,1.0
食不果腹,-0.7777777777777778,negative,0.7777777777777778
食不甘味,-0.3333333333333333,negative,0.3333333333333333
食不知味,-0.5555555555555556,negative,0.5555555555555556
食不终味,-0.5555555555555556,negative,0.5555555555555556
食不遑味,-0.5555555555555556,negative,0.5555555555555556
食之无味，弃之可惜,-0.5555555555555556,negative,0.5555555555555556
食前方丈,-0.7777777777777778,negative,0.7777777777777778
食古不化,-0.7777777777777778,negative,0.7777777777777778
食古如鲠,-0.5555555555555556,negative,0.5555555555555556
食品污染,-0.5555555555555556,negative,0.5555555555555556
食子徇君,-0.7777777777777778,negative,0.7777777777777778
食少事烦,-0.7777777777777778,negative,0.7777777777777778
食日万钱,-0.7777777777777778,negative,0.7777777777777778
食物中毒,-0.5555555555555556,negative,0.5555555555555556
食玉炊桂,-0.3333333333333333,negative,0.3333333333333333
食生不化,-0.5555555555555556,negative,0.5555555555555556
食而不化,-0.7777777777777778,negative,0.7777777777777778
食而不知其味,-0.5555555555555556,negative,0.5555555555555556
食肉寝皮,-1.0,negative,1.0
食荼卧棘,-0.5555555555555556,negative,0.5555555555555556
食言,-0.5555555555555556,negative,0.5555555555555556
食言而肥,-0.5555555555555556,negative,0.5555555555555556
饕口馋舌,-0.5555555555555556,negative,0.5555555555555556
饕风虐雪,-0.3333333333333333,negative,0.3333333333333333
饥寒交迫,-0.3333333333333333,negative,0.3333333333333333
饥肠辘辘,-0.7777777777777778,negative,0.7777777777777778
饥附饱扬,-1.0,negative,1.0
饫甘餍肥,-0.3333333333333333,negative,0.3333333333333333
饭囊,-0.7777777777777778,negative,0.7777777777777778
饭囊衣架,-0.5555555555555556,negative,0.5555555555555556
饭囊酒甕,-0.5555555555555556,negative,0.5555555555555556
饭坑酒囊,-0.7777777777777778,negative,0.7777777777777778
饭来开口,-0.5555555555555556,negative,0.5555555555555556
饭来张口,-0.3333333333333333,negative,0.3333333333333333
饭桶,-0.7777777777777778,negative,0.7777777777777778
饭糗茹草,-0.1111111111111111,negative,0.1111111111111111
饮恨吞声,-0.3333333333333333,negative,0.3333333333333333
饮鸩止渴,-0.7777777777777778,negative,0.7777777777777778
饮鸩解渴,-0.5555555555555556,negative,0.5555555555555556
饰垢掩疵,-0.5555555555555556,negative,0.5555555555555556
饰情矫行,-0.7777777777777778,negative,0.7777777777777778
饰智矜愚,-0.5555555555555556,negative,0.5555555555555556
饰非养过,-0.5555555555555556,negative,0.5555555555555556
饰非拒谏,-0.5555555555555556,negative,0.5555555555555556
饰非掩过,-0.5555555555555556,negative,0.5555555555555556
饰非文过,-0.5555555555555556,negative,0.5555555555555556
饰非遂过,-0.5555555555555556,negative,0.5555555555555556
饱以老拳,-0.5555555555555556,negative,0.5555555555555556
饱其私囊,-1.0,negative,1.0
饱暖思淫欲,-0.5555555555555556,negative,0.5555555555555556
饱暖生淫欲,-0.5555555555555556,negative,0.5555555555555556
饱食终日,-0.3333333333333333,negative,0.3333333333333333
饶舌,-0.3333333333333333,negative,0.3333333333333333
饾饤堆砌,-0.3333333333333333,negative,0.3333333333333333
饿殍遍野,-0.7777777777777778,negative,0.7777777777777778
馋嘴,-0.1111111111111111,negative,0.1111111111111111
馋涎欲滴,-0.3333333333333333,negative,0.3333333333333333
馋猫,-0.1111111111111111,negative,0.1111111111111111
馋鬼,-0.1111111111111111,negative,0.1111111111111111
首当其冲,-0.7777777777777778,negative,0.7777777777777778
首恶,-0.7777777777777778,negative,0.7777777777777778
首鼠两端,-0.5555555555555556,negative,0.5555555555555556
首鼠模棱,-0.3333333333333333,negative,0.3333333333333333
騃童钝夫,-0.5555555555555556,negative,0.5555555555555556
马上房子,-0.7777777777777778,negative,0.7777777777777778
马仰人翻,-0.5555555555555556,negative,0.5555555555555556
马勃牛溲,-1.0,negative,1.0
马去马归,-0.3333333333333333,negative,0.3333333333333333
马后炮,-0.5555555555555556,negative,0.5555555555555556
马大哈,-0.3333333333333333,negative,0.3333333333333333
马捉老鼠,-0.3333333333333333,negative,0.3333333333333333
马牛襟裾,-0.7777777777777778,negative,0.7777777777777778
马瘦毛长,-0.3333333333333333,negative,0.3333333333333333
马糊,-0.4444444444444444,negative,0.4444444444444444
马耳东风,-0.3333333333333333,negative,0.3333333333333333
马耳春风,-0.3333333333333333,negative,0.3333333333333333
马腹逃鞭,-0.3333333333333333,negative,0.3333333333333333
马虎,-0.3333333333333333,negative,0.3333333333333333
马角乌头,-0.5555555555555556,negative,0.5555555555555556
马贼,-0.5555555555555556,negative,0.5555555555555556
马马虎虎,-0.5555555555555556,negative,0.5555555555555556
马齿徒增,-0.5555555555555556,negative,0.5555555555555556
马齿徒长,-0.7777777777777778,negative,0.7777777777777778
驯化,-0.5555555555555556,negative,0.5555555555555556
驱迫,-0.5555555555555556,negative,0.5555555555555556
驳回,-0.5555555555555556,negative,0.5555555555555556
驳斥,-0.7777777777777778,negative,0.7777777777777778
驳杂,-0.1111111111111111,negative,0.1111111111111111
驳难,-0.7777777777777778,negative,0.7777777777777778
驴唇不对马嘴,-0.7777777777777778,negative,0.7777777777777778
驴头不对马嘴,-0.7777777777777778,negative,0.7777777777777778
驴年马月,-0.5555555555555556,negative,0.5555555555555556
驴脣不对马嘴,-0.7777777777777778,negative,0.7777777777777778
驴脣马觜,-0.7777777777777778,negative,0.7777777777777778
驴鸣犬吠,-0.7777777777777778,negative,0.7777777777777778
驴鸣狗吠,-0.7777777777777778,negative,0.7777777777777778
驽钝,-0.3333333333333333,negative,0.3333333333333333
驽马恋栈,-0.5555555555555556,negative,0.5555555555555556
驽马恋栈豆,-0.5555555555555556,negative,0.5555555555555556
驽马铅刀,-0.5555555555555556,negative,0.5555555555555556
骂不绝口,-0.7777777777777778,negative,0.7777777777777778
骂名,-0.5555555555555556,negative,0.5555555555555556
骂大街,-0.5555555555555556,negative,0.5555555555555556
骂天咒地,-0.5555555555555556,negative,0.5555555555555556
骂天扯地,-0.5555555555555556,negative,0.5555555555555556
骂得狗血喷头,-0.7777777777777778,negative,0.7777777777777778
骂街,-0.3333333333333333,negative,0.3333333333333333
骂骂咧咧,-0.5555555555555556,negative,0.5555555555555556
骄佚奢淫,-0.7777777777777778,negative,0.7777777777777778
骄侈暴佚,-1.0,negative,1.0
骄侈淫虐,-0.5555555555555556,negative,0.5555555555555556
骄傲,-0.5555555555555556,negative,0.5555555555555556
骄傲自满,-0.5555555555555556,negative,0.5555555555555556
骄兵必败,-0.5555555555555556,negative,0.5555555555555556
骄奢放逸,-0.5555555555555556,negative,0.5555555555555556
骄奢淫佚,-0.5555555555555556,negative,0.5555555555555556
骄奢淫泆,-0.5555555555555556,negative,0.5555555555555556
骄奢淫逸,-1.0,negative,1.0
骄慢,-0.3333333333333333,negative,0.3333333333333333
骄横,-0.5555555555555556,negative,0.5555555555555556
骄气,-0.5555555555555556,negative,0.5555555555555556
骄泰淫泆,-0.5555555555555556,negative,0.5555555555555556
骄生惯养,-0.5555555555555556,negative,0.5555555555555556
骄矜,-0.7777777777777778,negative,0.7777777777777778
骄纵,-0.5555555555555556,negative,0.5555555555555556
骄蹇,-0.7777777777777778,negative,0.7777777777777778
骄躁,-0.5555555555555556,negative,0.5555555555555556
骇人视听,-0.7777777777777778,negative,0.7777777777777778
骇人闻听,-1.0,negative,1.0
骇人闻见,-0.7777777777777778,negative,0.7777777777777778
骇心动目,-1.0,negative,1.0
骇然失色,-1.0,negative,1.0
骇状殊形,-0.5555555555555556,negative,0.5555555555555556
骇目惊心,-1.0,negative,1.0
骈枝,-0.5555555555555556,negative,0.5555555555555556
骑上扬州鹤,-0.5555555555555556,negative,0.5555555555555556
骑墙,-0.5555555555555556,negative,0.5555555555555556
骑扬州鹤,-0.5555555555555556,negative,0.5555555555555556
骑鹤上扬,-0.5555555555555556,negative,0.5555555555555556
骑鹤上扬州,-0.5555555555555556,negative,0.5555555555555556
骑鹤上维扬,-0.5555555555555556,negative,0.5555555555555556
骑鹤扬州,-0.5555555555555556,negative,0.5555555555555556
骑鹤更扬州,-0.7777777777777778,negative,0.7777777777777778
骑鹤望扬州,-0.5555555555555556,negative,0.5555555555555556
骑鹤维扬,-0.5555555555555556,negative,0.5555555555555556
骗人,-1.0,negative,1.0
骗取,-0.5555555555555556,negative,0.5555555555555556
骗子,-0.5555555555555556,negative,0.5555555555555556
骗术,-0.5555555555555556,negative,0.5555555555555556
骚乱,-0.3333333333333333,negative,0.3333333333333333
骚乱性,-0.5555555555555556,negative,0.5555555555555556
骚动,-0.5555555555555556,negative,0.5555555555555556
骚货,-1.0,negative,1.0
骤不及防,-0.5555555555555556,negative,0.5555555555555556
骨瘦如柴,-0.5555555555555556,negative,0.5555555555555556
骨瘦形销,-0.7777777777777778,negative,0.7777777777777778
骨肉未寒,-0.5555555555555556,negative,0.5555555555555556
骨肉相残,-0.7777777777777778,negative,0.7777777777777778
骨腾肉飞,-0.5555555555555556,negative,0.5555555555555556
骨董,-0.5555555555555556,negative,0.5555555555555556
骨软筋麻,-0.7777777777777778,negative,0.7777777777777778
骨鲠在喉,-0.7777777777777778,negative,0.7777777777777778
髀肉复生,-0.5555555555555556,negative,0.5555555555555556
高下在口,-0.7777777777777778,negative,0.7777777777777778
高不成低不就,-0.3333333333333333,negative,0.3333333333333333
高不成，低不就,-0.3333333333333333,negative,0.3333333333333333
高傲,-0.5555555555555556,negative,0.5555555555555556
高姿态,-0.5555555555555556,negative,0.5555555555555556
高慢,-0.7777777777777778,negative,0.7777777777777778
高抬贵手,-0.5555555555555556,negative,0.5555555555555556
高睨大谈,-0.7777777777777778,negative,0.7777777777777778
高自标置,-0.5555555555555556,negative,0.5555555555555556
高自标誉,-0.7777777777777778,negative,0.7777777777777778
高视阔步,-0.5555555555555556,negative,0.5555555555555556
高谈大论,-0.7777777777777778,negative,0.7777777777777778
高谈虚论,-0.7777777777777778,negative,0.7777777777777778
高谈阔论,-0.5555555555555556,negative,0.5555555555555556
高车驷马,-0.5555555555555556,negative,0.5555555555555556
高阳酒徒,-0.5555555555555556,negative,0.5555555555555556
高高在上,-0.7777777777777778,negative,0.7777777777777778
高鸟尽良弓藏,-0.7777777777777778,negative,0.7777777777777778
鬓乱钗横,-0.7777777777777778,negative,0.7777777777777778
鬻声钓世,-0.5555555555555556,negative,0.5555555555555556
鬻宠擅权,-0.5555555555555556,negative,0.5555555555555556
鬻良杂苦,-0.5555555555555556,negative,0.5555555555555556
鬻驽窃价,-0.7777777777777778,negative,0.7777777777777778
鬻鸡为凤,-0.5555555555555556,negative,0.5555555555555556
鬼吒狼嚎,-0.7777777777777778,negative,0.7777777777777778
鬼哭天愁,-1.0,negative,1.0
鬼哭狼嗥,-1.0,negative,1.0
鬼哭神号,-1.0,negative,1.0
鬼哭神嚎,-1.0,negative,1.0
鬼哭神惊,-1.0,negative,1.0
鬼哭神愁,-0.5555555555555556,negative,0.5555555555555556
鬼头滑脑,-0.5555555555555556,negative,0.5555555555555556
鬼头鬼脑,-0.3333333333333333,negative,0.3333333333333333
鬼子,-0.7777777777777778,negative,0.7777777777777778
鬼怕恶人,-0.7777777777777778,negative,0.7777777777777778
鬼抓狼嚎,-1.0,negative,1.0
鬼泣神号,-1.0,negative,1.0
鬼泣神嚎,-1.0,negative,1.0
鬼混,-0.5555555555555556,negative,0.5555555555555556
鬼烂神焦,-1.0,negative,1.0
鬼物,-0.5555555555555556,negative,0.5555555555555556
鬼瞰其室,-0.7777777777777778,negative,0.7777777777777778
鬼瞰高明,-0.5555555555555556,negative,0.5555555555555556
鬼祟,-0.7777777777777778,negative,0.7777777777777778
鬼胎,-0.5555555555555556,negative,0.5555555555555556
鬼蜮,-0.7777777777777778,negative,0.7777777777777778
鬼蜮伎俩,-1.0,negative,1.0
鬼蜮技俩,-0.7777777777777778,negative,0.7777777777777778
鬼计多端,-0.7777777777777778,negative,0.7777777777777778
鬼计百端,-0.7777777777777778,negative,0.7777777777777778
鬼话,-0.3333333333333333,negative,0.3333333333333333
鬼话连篇,-0.5555555555555556,negative,0.5555555555555556
鬼迷心窍,-0.7777777777777778,negative,0.7777777777777778
鬼鬼祟祟,-0.5555555555555556,negative,0.5555555555555556
鬼魅,-0.3333333333333333,negative,0.3333333333333333
鬼魅伎俩,-1.0,negative,1.0
鬼魔,-0.7777777777777778,negative,0.7777777777777778
魂不守舍,-0.7777777777777778,negative,0.7777777777777778
魂不赴体,-0.5555555555555556,negative,0.5555555555555556
魂飞胆颤,-1.0,negative,1.0
魏鹊无枝,-0.7777777777777778,negative,0.7777777777777778
魑魅,-0.7777777777777778,negative,0.7777777777777778
魑魅魍魉,-0.7777777777777778,negative,0.7777777777777778
魔头,-0.5555555555555556,negative,0.5555555555555556
魔怪,-0.3333333333333333,negative,0.3333333333333333
魔掌,-0.5555555555555556,negative,0.5555555555555556
魔爪,-0.5555555555555556,negative,0.5555555555555556
魔王,-0.5555555555555556,negative,0.5555555555555556
魔障,-0.5555555555555556,negative,0.5555555555555556
魔鬼,-1.0,negative,1.0
鱼惊鸟散,-0.7777777777777778,negative,0.7777777777777778
鱼烂取亡,-0.7777777777777778,negative,0.7777777777777778
鱼烂土崩,-0.7777777777777778,negative,0.7777777777777778
鱼烂河决,-0.7777777777777778,negative,0.7777777777777778
鱼烂瓦解,-0.7777777777777778,negative,0.7777777777777778
鱼目混珍,-0.7777777777777778,negative,0.7777777777777778
鱼目混珎,-0.7777777777777778,negative,0.7777777777777778
鱼目混珠,-0.5555555555555556,negative,0.5555555555555556
鱼目间珠,-0.7777777777777778,negative,0.7777777777777778
鱼肉百姓,-1.0,negative,1.0
鱼质龙文,-0.7777777777777778,negative,0.7777777777777778
鱼鲁帝虎,-0.5555555555555556,negative,0.5555555555555556
鱼龙曼延,-0.7777777777777778,negative,0.7777777777777778
鱼龙曼衍,-0.5555555555555556,negative,0.5555555555555556
鱼龙混杂,-1.0,negative,1.0
鱼龙漫衍,-0.7777777777777778,negative,0.7777777777777778
鲁斤燕削,-0.3333333333333333,negative,0.3333333333333333
鲁莽,-0.5555555555555556,negative,0.5555555555555556
鲁莽灭裂,-0.7777777777777778,negative,0.7777777777777778
鲁钝,-0.3333333333333333,negative,0.3333333333333333
鲁鱼亥豕,-0.1111111111111111,negative,0.1111111111111111
鲁鱼帝虎,-0.1111111111111111,negative,0.1111111111111111
鲁鱼陶阴,-0.1111111111111111,negative,0.1111111111111111
鲍鱼之次,-0.5555555555555556,negative,0.5555555555555556
鲍鱼之肆,-0.5555555555555556,negative,0.5555555555555556
鲜廉寡耻,-0.7777777777777778,negative,0.7777777777777778
鲜衣怒马,-0.5555555555555556,negative,0.5555555555555556
鲜衣美食,-0.5555555555555556,negative,0.5555555555555556
鲜衣良马,-0.5555555555555556,negative,0.5555555555555556
鲸吞虎噬,-0.5555555555555556,negative,0.5555555555555556
鲸吞蛇噬,-0.5555555555555556,negative,0.5555555555555556
鲽离鹣背,-0.5555555555555556,negative,0.5555555555555556
鳄鱼眼泪,-0.5555555555555556,negative,0.5555555555555556
鶗鴂彫卉,-0.7777777777777778,negative,0.7777777777777778
鸟入樊笼,-0.5555555555555556,negative,0.5555555555555556
鸟哭猿啼,-0.7777777777777778,negative,0.7777777777777778
鸟声兽心,-0.5555555555555556,negative,0.5555555555555556
鸟尽弓藏,-0.5555555555555556,negative,0.5555555555555556
鸟惊鱼散,-0.7777777777777778,negative,0.7777777777777778
鸟惊鱼溃,-0.7777777777777778,negative,0.7777777777777778
鸟惊鱼骇,-0.7777777777777778,negative,0.7777777777777778
鸟惊鼠窜,-0.7777777777777778,negative,0.7777777777777778
鸟散鱼溃,-0.7777777777777778,negative,0.7777777777777778
鸟样,-0.5555555555555556,negative,0.5555555555555556
鸟骇鼠窜,-0.8888888888888888,negative,0.8888888888888888
鸠佔鹊巢,-0.5555555555555556,negative,0.5555555555555556
鸠僭鹊巢,-0.5555555555555556,negative,0.5555555555555556
鸠占鹊巢,-0.7777777777777778,negative,0.7777777777777778
鸠夺鹊巢,-0.5555555555555556,negative,0.5555555555555556
鸠居鹊巢,-0.5555555555555556,negative,0.5555555555555556
鸠形鹄面,-0.3333333333333333,negative,0.3333333333333333
鸡争鹅斗,-0.5555555555555556,negative,0.5555555555555556
鸡毛蒜皮,-0.5555555555555556,negative,0.5555555555555556
鸡犬升天,-0.7777777777777778,negative,0.7777777777777778
鸡犬昇天,-0.7777777777777778,negative,0.7777777777777778
鸡皮鹤发,-0.3333333333333333,negative,0.3333333333333333
鸡肋,-0.5555555555555556,negative,0.5555555555555556
鸡肠狗肚,-1.0,negative,1.0
鸡胸龟背,-0.3333333333333333,negative,0.3333333333333333
鸡蛋里挑骨头,-0.3333333333333333,negative,0.3333333333333333
鸡零狗碎,-0.7777777777777778,negative,0.7777777777777778
鸡飞狗叫,-0.7777777777777778,negative,0.7777777777777778
鸡飞狗走,-0.7777777777777778,negative,0.7777777777777778
鸡飞狗跳,-0.7777777777777778,negative,0.7777777777777778
鸡飞蛋打,-0.7777777777777778,negative,0.7777777777777778
鸡鸣狗吠,-1.0,negative,1.0
鸡鸣狗盗,-0.5555555555555556,negative,0.5555555555555556
鸡鹜争食,-0.5555555555555556,negative,0.5555555555555556
鸢肩羔膝,-0.5555555555555556,negative,0.5555555555555556
鸢肩豺目,-0.5555555555555556,negative,0.5555555555555556
鸨母,-0.5555555555555556,negative,0.5555555555555556
鸮心鸝舌,-0.5555555555555556,negative,0.5555555555555556
鸮鸟生翼,-1.0,negative,1.0
鸮鸣鼠暴,-0.7777777777777778,negative,0.7777777777777778
鸷击狼噬,-0.7777777777777778,negative,0.7777777777777778
鸷狠狼戾,-0.1111111111111111,negative,0.1111111111111111
鸾分凤离,-0.5555555555555556,negative,0.5555555555555556
鸾只凤单,-0.5555555555555556,negative,0.5555555555555556
鸾孤凤只,-0.5555555555555556,negative,0.5555555555555556
鸾孤凤寡,-0.5555555555555556,negative,0.5555555555555556
鸿都买第,-0.7777777777777778,negative,0.7777777777777778
鸿隐凤伏,-0.5555555555555556,negative,0.5555555555555556
鸿雁哀鸣,-0.5555555555555556,negative,0.5555555555555556
鸿鳦满纸,-0.5555555555555556,negative,0.5555555555555556
鸿鹄将至,-0.5555555555555556,negative,0.5555555555555556
鹊垒巢鸠,-0.5555555555555556,negative,0.5555555555555556
鹊巢鸠主,-0.7777777777777778,negative,0.7777777777777778
鹊巢鸠佔,-0.6666666666666666,negative,0.6666666666666666
鹊巢鸠占,-0.5555555555555556,negative,0.5555555555555556
鹊巢鸠居,-0.6666666666666666,negative,0.6666666666666666
鹊巢鸠据,-0.6666666666666666,negative,0.6666666666666666
鹊巢鸠踞,-0.6666666666666666,negative,0.6666666666666666
鹑衣,-0.1111111111111111,negative,0.1111111111111111
鹘仑吞枣,-0.5555555555555556,negative,0.5555555555555556
鹘突,-0.6666666666666666,negative,0.6666666666666666
鹤唳风声,-0.7777777777777778,negative,0.7777777777777778
鹤困鸡群,-0.5555555555555556,negative,0.5555555555555556
鹤短凫长,-0.5555555555555556,negative,0.5555555555555556
鹤背扬州,-0.7777777777777778,negative,0.7777777777777778
鹤膝蜂腰,-0.5555555555555556,negative,0.5555555555555556
鹦鹉学舌,-0.3333333333333333,negative,0.3333333333333333
鹯视狼顾,-0.5555555555555556,negative,0.5555555555555556
鹰击毛挚,-0.5555555555555556,negative,0.5555555555555556
鹰扬虎噬,-0.5555555555555556,negative,0.5555555555555556
鹰犬,-0.7777777777777778,negative,0.7777777777777778
鹰瞵虎攫,-0.5555555555555556,negative,0.5555555555555556
鹰瞵虎视,-0.5555555555555556,negative,0.5555555555555556
鹰瞵鹗视,-0.3333333333333333,negative,0.3333333333333333
鹰视狼步,-0.7777777777777778,negative,0.7777777777777778
鹰鼻鹞眼,-0.5555555555555556,negative,0.5555555555555556
鹿死不择廕,-0.3333333333333333,negative,0.3333333333333333
鹿死不择荫,-0.7777777777777778,negative,0.7777777777777778
鹿死不择音,-0.3333333333333333,negative,0.3333333333333333
鹿皮苍璧,-0.1111111111111111,negative,0.1111111111111111
鹿走苏台,-0.7777777777777778,negative,0.7777777777777778
鹿驯豕暴,-0.7777777777777778,negative,0.7777777777777778
麇骇雉伏,-1.0,negative,1.0
麟角凤距,-0.3333333333333333,negative,0.3333333333333333
麻木,-0.3333333333333333,negative,0.3333333333333333
麻木不仁,-1.0,negative,1.0
麻烦,-0.7777777777777778,negative,0.7777777777777778
麻痹,-0.4444444444444444,negative,0.4444444444444444
麻痹大意,-0.5555555555555556,negative,0.5555555555555556
麻痺不仁,-0.7777777777777778,negative,0.7777777777777778
黄口孺子,-0.5555555555555556,negative,0.5555555555555556
黄口小儿,-0.1111111111111111,negative,0.1111111111111111
黄口小兒,-0.5555555555555556,negative,0.5555555555555556
黄口稚子,-0.5555555555555556,negative,0.5555555555555556
黄杨厄闻,-0.5555555555555556,negative,0.5555555555555556
黄毛丫头,-0.1111111111111111,negative,0.1111111111111111
黄粱一梦,-0.5555555555555556,negative,0.5555555555555556
黄粱梦,-0.5555555555555556,negative,0.5555555555555556
黄色,-0.7777777777777778,negative,0.7777777777777778
黄色文学,-0.5555555555555556,negative,0.5555555555555556
黄色音乐,-0.5555555555555556,negative,0.5555555555555556
黄钟毁弃，瓦釜雷鸣,-0.5555555555555556,negative,0.5555555555555556
黄雀伺蝉,-0.5555555555555556,negative,0.5555555555555556
黄齑淡饭,-0.5555555555555556,negative,0.5555555555555556
黎丘丈人,-0.3333333333333333,negative,0.3333333333333333
黎庶涂炭,-1.0,negative,1.0
黏皮带骨,-0.5555555555555556,negative,0.5555555555555556
黏皮着骨,-0.5555555555555556,negative,0.5555555555555556
黏糊,-0.3333333333333333,negative,0.3333333333333333
黑不溜秋,-0.3333333333333333,negative,0.3333333333333333
黑乎乎,-0.1111111111111111,negative,0.1111111111111111
黑哨,-0.1111111111111111,negative,0.1111111111111111
黑地昏天,-1.0,negative,1.0
黑市,-0.1111111111111111,negative,0.1111111111111111
黑帮,-0.5555555555555556,negative,0.5555555555555556
黑幕,-0.3333333333333333,negative,0.3333333333333333
黑店,-0.3333333333333333,negative,0.3333333333333333
黑心,-0.7777777777777778,negative,0.7777777777777778
黑心肠,-0.7777777777777778,negative,0.7777777777777778
黑手,-0.3333333333333333,negative,0.3333333333333333
黑暗,-0.7777777777777778,negative,0.7777777777777778
黑枪,-0.5555555555555556,negative,0.5555555555555556
黑洞洞,-0.3333333333333333,negative,0.3333333333333333
黑漆寥光,-0.3333333333333333,negative,0.3333333333333333
黑漆皮灯,-0.5555555555555556,negative,0.5555555555555556
黑漆皮灯笼,-0.7777777777777778,negative,0.7777777777777778
黑灯瞎火,-0.5555555555555556,negative,0.5555555555555556
黑白混淆,-0.7777777777777778,negative,0.7777777777777778
黑窝,-0.3333333333333333,negative,0.3333333333333333
黑蒙蒙,-0.3333333333333333,negative,0.3333333333333333
黑言诳语,-0.5555555555555556,negative,0.5555555555555556
黑道,-0.5555555555555556,negative,0.5555555555555556
黑金,-0.3333333333333333,negative,0.3333333333333333
黑钱,-0.3333333333333333,negative,0.3333333333333333
黑风孽海,-0.7777777777777778,negative,0.7777777777777778
黑黢黢,-0.5555555555555556,negative,0.5555555555555556
黔突暖席,-0.3333333333333333,negative,0.3333333333333333
黔驴之技,-0.5555555555555556,negative,0.5555555555555556
黔驴技孤,-0.5555555555555556,negative,0.5555555555555556
黔驴技穷,-0.5555555555555556,negative,0.5555555555555556
默哀,-0.7777777777777778,negative,0.7777777777777778
黝黯,-0.3333333333333333,negative,0.3333333333333333
黠慧,-0.5555555555555556,negative,0.5555555555555556
黠棍,-0.7777777777777778,negative,0.7777777777777778
黩武,-0.7777777777777778,negative,0.7777777777777778
黩武穷兵,-0.7777777777777778,negative,0.7777777777777778
黯淡,-0.1111111111111111,negative,0.1111111111111111
黯然,-0.5555555555555556,negative,0.5555555555555556
黯然伤神,-1.0,negative,1.0
黯然失色,-0.5555555555555556,negative,0.5555555555555556
黾穴鸲巢,-0.7777777777777778,negative,0.7777777777777778
鼎鱼幕燕,-0.7777777777777778,negative,0.7777777777777778
鼓动,-0.1111111111111111,negative,0.1111111111111111
鼓吹,-0.7777777777777778,negative,0.7777777777777778
鼓吻奋爪,-0.7777777777777778,negative,0.7777777777777778
鼓噪而起,-0.5555555555555556,negative,0.5555555555555556
鼓眼努睛,-0.5555555555555556,negative,0.5555555555555556
鼓睛暴眼,-0.7777777777777778,negative,0.7777777777777778
鼓脑争头,-0.5555555555555556,negative,0.5555555555555556
鼓脣咋舌,-0.5555555555555556,negative,0.5555555555555556
鼓脣弄舌,-0.7777777777777778,negative,0.7777777777777778
鼓脣摇舌,-0.5555555555555556,negative,0.5555555555555556
鼓腹而游,-0.5555555555555556,negative,0.5555555555555556
鼓舌,-0.7777777777777778,negative,0.7777777777777778
鼓舌掀簧,-0.5555555555555556,negative,0.5555555555555556
鼓舌摇脣,-0.7777777777777778,negative,0.7777777777777778
鼓馁旗靡,-0.5555555555555556,negative,0.5555555555555556
鼠偷狗盗,-0.5555555555555556,negative,0.5555555555555556
鼠入牛角,-0.5555555555555556,negative,0.5555555555555556
鼠凭社贵,-0.5555555555555556,negative,0.5555555555555556
鼠屎汙羹,-0.5555555555555556,negative,0.5555555555555556
鼠心狼肺,-0.5555555555555556,negative,0.5555555555555556
鼠牙雀角,-0.7777777777777778,negative,0.7777777777777778
鼠盗狗窃,-0.5555555555555556,negative,0.5555555555555556
鼠目寸光,-1.0,negative,1.0
鼠目麞头,-0.5555555555555556,negative,0.5555555555555556
鼠穴寻羊,-0.5555555555555556,negative,0.5555555555555556
鼠窃狗偷,-0.5555555555555556,negative,0.5555555555555556
鼠窃狗盗,-0.5555555555555556,negative,0.5555555555555556
鼠窜,-0.3333333333333333,negative,0.3333333333333333
鼠窜狗盗,-0.5555555555555556,negative,0.5555555555555556
鼠窜狼奔,-0.5555555555555556,negative,0.5555555555555556
鼠窜蜂逝,-0.7777777777777778,negative,0.7777777777777778
鼠类,-0.7777777777777778,negative,0.7777777777777778
鼠肚鸡肠,-0.5555555555555556,negative,0.5555555555555556
鼠肝虫臂,-0.5555555555555556,negative,0.5555555555555556
鼠胆,-1.0,negative,1.0
鼠腥蜗肠,-0.7777777777777778,negative,0.7777777777777778
鼠腹蜗肠,-0.5555555555555556,negative,0.5555555555555556
鼠腹鸡肠,-0.5555555555555556,negative,0.5555555555555556
鼠臂虮肝,-0.5555555555555556,negative,0.5555555555555556
鼠辈,-1.0,negative,1.0
鼠迹狐踪,-0.5555555555555556,negative,0.5555555555555556
鼠雀之牙,-0.5555555555555556,negative,0.5555555555555556
鼠雀之辈,-0.7777777777777778,negative,0.7777777777777778
鼠首偾事,-0.5555555555555556,negative,0.5555555555555556
鼠齧虫穿,-0.5555555555555556,negative,0.5555555555555556
鼠齧蠹蚀,-0.5555555555555556,negative,0.5555555555555556
鼹腹易盈,-0.5555555555555556,negative,0.5555555555555556
鼻咽癌,-0.7777777777777778,negative,0.7777777777777778
鼻孔撩天,-0.7777777777777778,negative,0.7777777777777778
鼻孔朝天,-0.7777777777777778,negative,0.7777777777777778
鼻孔辽天,-0.5555555555555556,negative,0.5555555555555556
鼻酸,-0.3333333333333333,negative,0.3333333333333333
齐东野语,-0.3333333333333333,negative,0.3333333333333333
齿冷,-0.5555555555555556,negative,0.5555555555555556
龌龊,-1.0,negative,1.0
龙多乃旱,-0.3333333333333333,negative,0.3333333333333333
龙头锯角,-0.5555555555555556,negative,0.5555555555555556
龙屈蛇伸,-0.7777777777777778,negative,0.7777777777777778
龙御上宾,-0.7777777777777778,negative,0.7777777777777778
龙江虎浪,-0.7777777777777778,negative,0.7777777777777778
龙潜凤采,-0.1111111111111111,negative,0.1111111111111111
龙潭虎穴,-0.7777777777777778,negative,0.7777777777777778
龙生九子,-0.5555555555555556,negative,0.5555555555555556
龙生九种,-0.5555555555555556,negative,0.5555555555555556
龙盘凤逸,-0.7777777777777778,negative,0.7777777777777778
龙睁虎眼,-0.7777777777777778,negative,0.7777777777777778
龙胡之痛,-1.0,negative,1.0
龙蛇混杂,-0.7777777777777778,negative,0.7777777777777778
龙蟠凤翥,-0.7777777777777778,negative,0.7777777777777778
龙蟠凤逸,-0.5555555555555556,negative,0.5555555555555556
龙蟠虬结,-0.5555555555555556,negative,0.5555555555555556
龙血玄黄,-0.7777777777777778,negative,0.7777777777777778
龙门点额,-0.7777777777777778,negative,0.7777777777777778
龙阳泣鱼,-0.7777777777777778,negative,0.7777777777777778
龙首豕足,-0.7777777777777778,negative,0.7777777777777778
龙驭上宾,-0.7777777777777778,negative,0.7777777777777778
龙鬼蛇神,-0.3333333333333333,negative,0.3333333333333333
龟冷支床,-0.5555555555555556,negative,0.5555555555555556
龟毛兔角,-0.7777777777777778,negative,0.7777777777777778
龟玉毁椟,-0.7777777777777778,negative,0.7777777777777778
龟缩,-0.7777777777777778,negative,0.7777777777777778
